data,Variação_Diária_(%)
2003-09-16,
2003-09-17,0.0128
2003-09-18,0.1546
2003-09-19,0.3063
2003-09-22,0.2181
2003-09-23,0.1795
2003-09-24,0.0856
2003-09-25,0.0775
2003-09-26,0.0711
2003-09-29,0.0665
2003-09-30,0.0749
2003-10-01,0.0726
2003-10-02,0.0792
2003-10-03,0.1026
2003-10-06,0.2335
2003-10-07,0.2036
2003-10-08,0.1117
2003-10-09,0.1977
2003-10-10,0.0731
2003-10-13,0.0967
2003-10-14,0.1102
2003-10-15,0.0988
2003-10-16,0.1439
2003-10-17,0.1258
2003-10-20,0.14
2003-10-21,0.0883
2003-10-22,0.0751
2003-10-23,0.0586
2003-10-24,0.0722
2003-10-27,0.0506
2003-10-28,0.0428
2003-10-29,0.0816
2003-10-30,0.0592
2003-10-31,0.0839
2003-11-03,0.0592
2003-11-04,0.0581
2003-11-05,0.0548
2003-11-06,-0.08
2003-11-07,0.0535
2003-11-10,0.0559
2003-11-11,0.0449
2003-11-12,0.0521
2003-11-13,0.051
2003-11-14,0.0297
2003-11-17,0.0614
2003-11-18,0.0597
2003-11-19,0.0606
2003-11-20,0.835
2003-11-21,0.2075
2003-11-24,0.3185
2003-11-25,1.042
2003-11-26,0.2002
2003-11-27,0.5289
2003-11-28,0.343
2003-12-01,0.355
2003-12-02,0.1364
2003-12-03,0.2225
2003-12-04,0.4151
2003-12-05,0.2486
2003-12-08,0.1749
2003-12-09,0.156
2003-12-10,0.51
2003-12-11,0.2604
2003-12-12,0.2287
2003-12-15,0.1128
2003-12-16,0.1371
2003-12-17,0.1197
2003-12-18,0.0949
2003-12-19,0.0081
2003-12-22,0.1812
2003-12-23,0.1014
2003-12-24,0.0882
2003-12-26,0.097
2003-12-29,0.1265
2003-12-30,0.0991
2003-12-31,0.0571
2004-01-02,0.08
2004-01-05,0.0957
2004-01-06,0.1179
2004-01-07,0.344
2004-01-08,0.9875
2004-01-09,0.4719
2004-01-12,0.3834
2004-01-13,0.5158
2004-01-14,0.7217
2004-01-15,0.3269
2004-01-16,0.221
2004-01-19,0.1253
2004-01-20,0.5222
2004-01-21,0.1229
2004-01-22,0.0202
2004-01-23,0.0544
2004-01-26,0.2673
2004-01-27,0.0619
2004-01-28,0.1594
2004-01-29,0.0481
2004-01-30,0.0719
2004-02-02,0.0924
2004-02-03,0.046
2004-02-04,0.0735
2004-02-05,0.0468
2004-02-06,0.0701
2004-02-09,0.1653
2004-02-10,0.0524
2004-02-11,0.0842
2004-02-12,0.0901
2004-02-13,0.0984
2004-02-16,0.0429
2004-02-17,0.0923
2004-02-18,0.1059
2004-02-19,0.0517
2004-02-20,0.0601
2004-02-25,0.1082
2004-02-26,0.099
2004-02-27,0.0633
2004-03-01,0.1048
2004-03-02,0.0801
2004-03-03,0.0804
2004-03-04,0.1214
2004-03-05,0.1091
2004-03-08,0.0423
2004-03-09,0.0906
2004-03-10,0.1194
2004-03-11,-0.0721
2004-03-12,0.0799
2004-03-15,0.0675
2004-03-16,0.05
2004-03-17,0.0564
2004-03-18,0.0488
2004-03-19,0.0548
2004-03-22,0.0542
2004-03-23,0.0504
2004-03-24,0.0598
2004-03-25,0.0568
2004-03-26,0.0475
2004-03-29,0.05
2004-03-30,0.0551
2004-03-31,0.0447
2004-04-01,0.0447
2004-04-02,0.0494
2004-04-05,0.0512
2004-04-06,0.0699
2004-04-07,0.0829
2004-04-08,0.0589
2004-04-12,0.0545
2004-04-13,0.0382
2004-04-14,0.0234
2004-04-15,0.0617
2004-04-16,0.054
2004-04-19,0.0519
2004-04-20,0.0663
2004-04-22,0.0818
2004-04-23,0.0648
2004-04-26,0.0588
2004-04-27,0.027
2004-04-28,-0.0109
2004-04-29,0.0421
2004-04-30,0.0262
2004-05-03,0.0144
2004-05-04,-0.0001
2004-05-05,0.0024
2004-05-06,-0.029
2004-05-07,0.0504
2004-05-10,0.0692
2004-05-11,-0.012
2004-05-12,-0.0395
2004-05-13,-0.482
2004-05-14,-0.0686
2004-05-17,-0.2918
2004-05-18,0.0505
2004-05-19,0.0004
2004-05-20,0.0671
2004-05-21,0.0143
2004-05-24,0.0289
2004-05-25,0.0378
2004-05-26,-0.0154
2004-05-27,0.0486
2004-05-28,0.1026
2004-05-31,0.0815
2004-06-01,0.0653
2004-06-02,0.0456
2004-06-03,0.0354
2004-06-04,0.0239
2004-06-07,0.0762
2004-06-08,0.0403
2004-06-09,0.0899
2004-06-11,0.0383
2004-06-14,0.0595
2004-06-15,0.0794
2004-06-16,0.0563
2004-06-17,0.082
2004-06-18,0.0729
2004-06-21,0.0661
2004-06-22,0.0586
2004-06-23,0.0616
2004-06-24,0.0972
2004-06-25,0.0704
2004-06-28,0.0959
2004-06-29,0.0685
2004-06-30,0.0834
2004-07-01,0.0794
2004-07-02,0.0922
2004-07-05,0.0791
2004-07-06,0.0999
2004-07-07,0.0974
2004-07-08,0.0905
2004-07-09,0.0608
2004-07-12,0.0777
2004-07-13,0.0567
2004-07-14,0.0687
2004-07-15,0.0583
2004-07-16,0.0943
2004-07-19,0.0874
2004-07-20,0.0681
2004-07-21,0.0483
2004-07-22,0.0779
2004-07-23,0.0812
2004-07-26,0.1002
2004-07-27,0.0602
2004-07-28,0.0732
2004-07-29,0.0739
2004-07-30,0.0444
2004-08-02,0.0916
2004-08-03,0.0705
2004-08-04,0.031
2004-08-05,0.0635
2004-08-06,0.027
2004-08-09,0.0232
2004-08-10,0.0665
2004-08-11,-0.0437
2004-08-12,0.0121
2004-08-13,0.0063
2004-08-16,0.0302
2004-08-17,0.0448
2004-08-18,0.0077
2004-08-19,0.0314
2004-08-20,0.0691
2004-08-23,0.0865
2004-08-24,0.0646
2004-08-25,-0.0011
2004-08-26,0.0562
2004-08-27,0.0475
2004-08-30,0.0603
2004-08-31,0.0864
2004-09-01,0.0639
2004-09-02,0.0621
2004-09-03,0.0569
2004-09-06,0.0772
2004-09-08,0.0642
2004-09-09,0.0472
2004-09-10,0.1589
2004-09-13,0.0294
2004-09-14,0.0475
2004-09-15,0.0742
2004-09-16,0.048
2004-09-17,0.0549
2004-09-20,0.0602
2004-09-21,0.0587
2004-09-22,0.0678
2004-09-23,0.0431
2004-09-24,0.0546
2004-09-27,0.0579
2004-09-28,0.0608
2004-09-29,0.0598
2004-09-30,0.0475
2004-10-01,0.0664
2004-10-04,0.0521
2004-10-05,0.0592
2004-10-06,0.0589
2004-10-07,0.0573
2004-10-08,0.0632
2004-10-11,-0.0972
2004-10-13,-0.0351
2004-10-14,0.0894
2004-10-15,0.0593
2004-10-18,0.0679
2004-10-19,0.0663
2004-10-20,0.0661
2004-10-21,0.0524
2004-10-22,0.0614
2004-10-25,0.0389
2004-10-26,0.0542
2004-10-27,0.0566
2004-10-28,0.0572
2004-10-29,0.0527
2004-11-01,0.0573
2004-11-03,0.0664
2004-11-04,0.0906
2004-11-05,0.0291
2004-11-08,0.0501
2004-11-09,0.057
2004-11-10,0.0496
2004-11-11,0.062
2004-11-12,0.043
2004-11-16,0.0529
2004-11-17,0.0595
2004-11-18,0.0535
2004-11-19,0.0644
2004-11-22,0.0351
2004-11-23,0.0549
2004-11-24,0.0797
2004-11-25,0.0871
2004-11-26,0.0621
2004-11-29,0.0728
2004-11-30,0.0542
2004-12-01,0.026
2004-12-02,0.0897
2004-12-03,0.0645
2004-12-06,0.079
2004-12-07,0.0789
2004-12-08,0.0441
2004-12-09,0.0728
2004-12-10,0.0689
2004-12-13,0.0706
2004-12-14,0.0721
2004-12-15,0.0656
2004-12-16,0.0585
2004-12-17,0.024
2004-12-20,0.0871
2004-12-21,0.0587
2004-12-22,0.0888
2004-12-23,0.0637
2004-12-24,0.0661
2004-12-27,0.0527
2004-12-28,0.0727
2004-12-29,0.0594
2004-12-30,0.0664
2004-12-31,0.0661
2005-01-03,0.0664
2005-01-04,0.0498
2005-01-05,0.0607
2005-01-06,0.0267
2005-01-07,0.0598
2005-01-10,0.0264
2005-01-11,0.0609
2005-01-12,0.0418
2005-01-13,0.011
2005-01-14,0.1461
2005-01-17,0.0625
2005-01-18,0.0613
2005-01-19,0.0753
2005-01-20,0.0328
2005-01-21,0.1086
2005-01-24,0.0454
2005-01-25,0.0978
2005-01-26,0.0188
2005-01-27,0.0447
2005-01-28,0.1077
2005-01-31,-0.0031
2005-02-01,0.0723
2005-02-02,-0.0971
2005-02-03,0.0943
2005-02-04,0.0331
2005-02-09,0.0543
2005-02-10,0.0668
2005-02-11,-0.0497
2005-02-14,-0.1529
2005-02-15,0.0751
2005-02-16,0.044
2005-02-17,0.035
2005-02-18,0.0542
2005-02-21,0.0881
2005-02-22,0.0125
2005-02-23,-0.021
2005-02-24,0.1507
2005-02-25,0.0424
2005-02-28,0.0444
2005-03-01,0.0216
2005-03-02,-0.0013
2005-03-03,0.1056
2005-03-04,0.0854
2005-03-07,0.0219
2005-03-08,0.0342
2005-03-09,0.0348
2005-03-10,0.0869
2005-03-11,-0.0476
2005-03-14,-0.0305
2005-03-15,0.035
2005-03-16,0.0532
2005-03-17,0.0697
2005-03-18,0.0587
2005-03-21,0.0122
2005-03-22,0.0184
2005-03-23,0.0417
2005-03-24,0.1138
2005-03-28,0.0368
2005-03-29,0.0822
2005-03-30,0.0835
2005-03-31,0.0595
2005-04-01,0.061
2005-04-04,0.0693
2005-04-05,0.0565
2005-04-06,0.08
2005-04-07,0.0619
2005-04-08,0.0681
2005-04-11,0.0634
2005-04-12,0.0618
2005-04-13,0.0577
2005-04-14,0.0608
2005-04-15,0.0549
2005-04-18,0.071
2005-04-19,0.0648
2005-04-20,0.0639
2005-04-22,0.0529
2005-04-25,0.0659
2005-04-26,0.0654
2005-04-27,0.0663
2005-04-28,0.1329
2005-04-29,0.0765
2005-05-02,0.0753
2005-05-03,0.0656
2005-05-04,0.0691
2005-05-05,0.0741
2005-05-06,0.0803
2005-05-09,0.0748
2005-05-10,0.0676
2005-05-11,0.1088
2005-05-12,0.0649
2005-05-13,0.0737
2005-05-16,0.0824
2005-05-17,0.0679
2005-05-18,0.056
2005-05-19,0.0645
2005-05-20,0.0602
2005-05-23,0.0593
2005-05-24,0.0603
2005-05-25,0.07
2005-05-27,0.0389
2005-05-30,0.0662
2005-05-31,0.0618
2005-06-01,0.0341
2005-06-02,0.0556
2005-06-03,0.0688
2005-06-06,-0.0928
2005-06-07,0.056
2005-06-08,0.0569
2005-06-09,0.0532
2005-06-10,0.0026
2005-06-13,0.0374
2005-06-14,0.0404
2005-06-15,0.0303
2005-06-16,-0.0218
2005-06-17,0.0424
2005-06-20,-0.0209
2005-06-21,0.053
2005-06-22,0.0402
2005-06-23,0.0102
2005-06-24,-0.0588
2005-06-27,0.0287
2005-06-28,0.0408
2005-06-29,0.027
2005-06-30,0.0311
2005-07-01,0.0211
2005-07-04,-0.0622
2005-07-05,0.0428
2005-07-06,-0.0426
2005-07-07,0.0293
2005-07-08,-0.0282
2005-07-11,0.0334
2005-07-12,0.0228
2005-07-13,0.0247
2005-07-14,0.0375
2005-07-15,0.061
2005-07-18,0.0745
2005-07-19,0.0783
2005-07-20,0.0801
2005-07-21,0.0632
2005-07-22,0.0633
2005-07-25,0.0194
2005-07-26,0.0509
2005-07-27,0.0597
2005-07-28,0.0478
2005-07-29,0.0517
2005-08-01,0.0512
2005-08-02,0.0515
2005-08-03,0.043
2005-08-04,0.0283
2005-08-05,0.0556
2005-08-08,0.0589
2005-08-09,0.0385
2005-08-10,0.05
2005-08-11,0.0522
2005-08-12,0.0519
2005-08-15,0.0538
2005-08-16,0.044
2005-08-17,0.0527
2005-08-18,0.0502
2005-08-19,0.0469
2005-08-22,0.0559
2005-08-23,0.0497
2005-08-24,0.0436
2005-08-25,0.0421
2005-08-26,-0.0049
2005-08-29,0.0522
2005-08-30,0.0445
2005-08-31,0.0448
2005-09-01,0.0443
2005-09-02,0.0368
2005-09-05,0.0593
2005-09-06,0.0237
2005-09-08,0.0441
2005-09-09,0.0408
2005-09-12,0.045
2005-09-13,0.0425
2005-09-14,0.0351
2005-09-15,0.0465
2005-09-16,0.014
2005-09-19,0.066
2005-09-20,0.0383
2005-09-21,0.0352
2005-09-22,0.0545
2005-09-23,0.092
2005-09-26,0.0605
2005-09-27,0.0477
2005-09-28,0.033
2005-09-29,0.038
2005-09-30,-0.3287
2005-10-03,-0.0495
2005-10-04,-0.0571
2005-10-05,0.0376
2005-10-06,0.0513
2005-10-07,0.0528
2005-10-10,0.0594
2005-10-11,0.0557
2005-10-13,0.0324
2005-10-14,0.0252
2005-10-17,0.0413
2005-10-18,0.0415
2005-10-19,0.061
2005-10-20,0.0741
2005-10-21,0.0669
2005-10-24,0.0789
2005-10-25,0.055
2005-10-26,0.0645
2005-10-27,0.0593
2005-10-28,0.0672
2005-10-31,0.0765
2005-11-01,0.0648
2005-11-03,0.0785
2005-11-04,0.073
2005-11-07,0.0616
2005-11-08,0.074
2005-11-09,0.0751
2005-11-10,0.2533
2005-11-11,0.0896
2005-11-14,0.0794
2005-11-16,0.0832
2005-11-17,0.0687
2005-11-18,0.0561
2005-11-21,0.058
2005-11-22,0.0634
2005-11-23,0.0585
2005-11-24,0.0885
2005-11-25,0.0982
2005-11-28,0.1786
2005-11-29,0.0878
2005-11-30,0.2362
2005-12-01,0.017
2005-12-02,0.049
2005-12-05,0.0738
2005-12-06,0.1713
2005-12-07,0.1108
2005-12-08,0.0402
2005-12-09,0.0425
2005-12-12,0.0357
2005-12-13,0.1297
2005-12-14,0.0711
2005-12-15,0.1544
2005-12-16,0.0719
2005-12-19,0.0989
2005-12-20,0.0647
2005-12-21,0.0887
2005-12-22,0.1423
2005-12-23,0.1776
2005-12-26,0.0931
2005-12-27,0.0292
2005-12-28,0.0342
2005-12-29,0.057
2005-12-30,0.0546
2006-01-02,0.0428
2006-01-03,0.096
2006-01-04,0.0906
2006-01-05,0.186
2006-01-06,0.1214
2006-01-09,0.2295
2006-01-10,0.4112
2006-01-11,0.0829
2006-01-12,0.3771
2006-01-13,0.1539
2006-01-16,0.0958
2006-01-17,0.1681
2006-01-18,0.0579
2006-01-19,0.1495
2006-01-20,-0.0161
2006-01-23,0.0631
2006-01-24,0.0493
2006-01-25,0.0659
2006-01-26,0.031
2006-01-27,0.0278
2006-01-30,0.0829
2006-01-31,0.0878
2006-02-01,0.0799
2006-02-02,0.0795
2006-02-03,0.1324
2006-02-06,0.221
2006-02-07,0.1868
2006-02-08,0.1726
2006-02-09,0.3059
2006-02-10,0.4278
2006-02-13,0.89
2006-02-14,0.2888
2006-02-15,-0.2394
2006-02-16,0.3431
2006-02-17,0.8024
2006-02-20,0.5905
2006-02-21,0.1398
2006-02-22,0.1703
2006-02-23,0.4423
2006-02-24,0.1443
2006-03-01,0.25
2006-03-02,0.5173
2006-03-03,0.9537
2006-03-06,-0.2768
2006-03-07,-0.743
2006-03-08,-0.2805
2006-03-09,0.2262
2006-03-10,0.2355
2006-03-13,-0.1636
2006-03-14,0.0433
2006-03-15,0.4492
2006-03-16,0.0948
2006-03-17,-0.1233
2006-03-20,-0.2134
2006-03-21,-0.4781
2006-03-22,0.0625
2006-03-23,-0.2668
2006-03-24,-0.1949
2006-03-27,-0.3438
2006-03-28,-0.4269
2006-03-29,0.2576
2006-03-30,0.15
2006-03-31,-0.0981
2006-04-03,0.1843
2006-04-04,0.1294
2006-04-05,0.234
2006-04-06,-0.0949
2006-04-07,-0.2241
2006-04-10,-0.4103
2006-04-11,-0.065
2006-04-12,0.0336
2006-04-13,0.038
2006-04-17,0.1088
2006-04-18,0.4834
2006-04-19,0.1489
2006-04-20,-0.1571
2006-04-24,-0.1793
2006-04-25,0.0228
2006-04-26,0.1381
2006-04-27,-0.03
2006-04-28,0.0976
2006-05-02,0.0845
2006-05-03,-0.0416
2006-05-04,0.0266
2006-05-05,0.017
2006-05-08,-0.0934
2006-05-09,0.0521
2006-05-10,-0.0053
2006-05-11,-0.224
2006-05-12,-0.2868
2006-05-15,-0.1068
2006-05-16,0.1062
2006-05-17,-0.3956
2006-05-18,-0.251
2006-05-19,-0.5408
2006-05-22,-1.3284
2006-05-23,-0.2859
2006-05-24,-1.7276
2006-05-25,1.6878
2006-05-26,0.8233
2006-05-29,-0.1967
2006-05-30,-0.7202
2006-05-31,0.0119
2006-06-01,0.4034
2006-06-02,0.1112
2006-06-05,-0.1546
2006-06-06,-0.1851
2006-06-07,-0.0919
2006-06-08,0.0291
2006-06-09,0.0259
2006-06-12,-0.243
2006-06-13,-0.0605
2006-06-14,0.0097
2006-06-16,0.3395
2006-06-19,-0.0067
2006-06-20,0.0463
2006-06-21,0.2545
2006-06-22,0.0698
2006-06-23,0.0775
2006-06-26,-0.004
2006-06-27,0.0076
2006-06-28,0.1053
2006-06-29,0.5978
2006-06-30,0.4423
2006-07-03,0.4063
2006-07-04,0.3899
2006-07-05,-0.2592
2006-07-06,0.3853
2006-07-07,0.0924
2006-07-10,0.1915
2006-07-11,0.1066
2006-07-12,-0.0434
2006-07-13,-0.063
2006-07-14,0.209
2006-07-17,0.5578
2006-07-18,0.1076
2006-07-19,0.3828
2006-07-20,0.1129
2006-07-21,-0.0448
2006-07-24,0.0035
2006-07-25,0.3373
2006-07-26,0.1999
2006-07-27,0.0049
2006-07-28,0.2834
2006-07-31,-0.0022
2006-08-01,-0.0113
2006-08-02,0.0979
2006-08-03,0.125
2006-08-04,0.3295
2006-08-07,0.3415
2006-08-08,0.3347
2006-08-09,0.1342
2006-08-10,0.1645
2006-08-11,0.095
2006-08-14,-0.2082
2006-08-15,0.223
2006-08-16,0.1725
2006-08-17,0.0841
2006-08-18,-0.0837
2006-08-21,0.0369
2006-08-22,0.1677
2006-08-23,-0.1925
2006-08-24,-0.1496
2006-08-25,-0.1286
2006-08-28,0.0408
2006-08-29,-0.0302
2006-08-30,0.0769
2006-08-31,0.5768
2006-09-01,0.2786
2006-09-04,0.1192
2006-09-05,-0.1332
2006-09-06,-0.2297
2006-09-08,0.077
2006-09-11,-0.0507
2006-09-12,0.0735
2006-09-13,0.1287
2006-09-14,0.1375
2006-09-15,0.1825
2006-09-18,0.156
2006-09-19,-0.025
2006-09-20,-0.1051
2006-09-21,-0.6232
2006-09-22,0.2655
2006-09-25,-0.0953
2006-09-26,0.2378
2006-09-27,-0.0544
2006-09-28,0.0278
2006-09-29,0.2172
2006-10-02,0.4307
2006-10-03,-0.0035
2006-10-04,0.1986
2006-10-05,0.107
2006-10-06,0.2167
2006-10-09,0.1779
2006-10-10,0.1762
2006-10-11,-0.0149
2006-10-13,0.1985
2006-10-16,0.0219
2006-10-17,-0.0085
2006-10-18,0.0921
2006-10-19,0.1139
2006-10-20,0.1306
2006-10-23,0.0291
2006-10-24,-0.0062
2006-10-25,0.1926
2006-10-26,0.1773
2006-10-27,0.2984
2006-10-30,0.0943
2006-10-31,0.1032
2006-11-01,0.2669
2006-11-03,0.1157
2006-11-06,0.0107
2006-11-07,0.1179
2006-11-08,-0.0125
2006-11-09,0.0522
2006-11-10,0.1473
2006-11-13,0.0922
2006-11-14,0.2649
2006-11-16,0.2581
2006-11-17,-0.0476
2006-11-20,0.0484
2006-11-21,0.158
2006-11-22,0.11
2006-11-23,0.1263
2006-11-24,0.1115
2006-11-27,-0.0583
2006-11-28,0.0457
2006-11-29,0.1271
2006-11-30,0.1053
2006-12-01,0.031
2006-12-04,0.0117
2006-12-05,0.1539
2006-12-06,0.0853
2006-12-07,0.2909
2006-12-08,0.2
2006-12-11,0.3123
2006-12-12,-0.0044
2006-12-13,0.1567
2006-12-14,0.1099
2006-12-15,0.291
2006-12-18,0.2521
2006-12-19,-0.0816
2006-12-20,0.2078
2006-12-21,0.0657
2006-12-22,0.1493
2006-12-26,0.2037
2006-12-27,0.1678
2006-12-28,0.2049
2006-12-29,0.0532
2007-01-02,0.5126
2007-01-03,0.1749
2007-01-04,-0.1196
2007-01-05,-0.1137
2007-01-08,-0.0641
2007-01-09,-0.0499
2007-01-10,0.0496
2007-01-11,0.0821
2007-01-12,-0.0495
2007-01-15,-0.0247
2007-01-16,0.0953
2007-01-17,0.1314
2007-01-18,0.2227
2007-01-19,0.0962
2007-01-22,0.1052
2007-01-23,-0.0078
2007-01-24,0.1599
2007-01-25,0.0596
2007-01-26,-0.0524
2007-01-29,0.082
2007-01-30,0.0657
2007-01-31,0.1066
2007-02-01,0.0591
2007-02-02,-0.0169
2007-02-05,0.1173
2007-02-06,0.0571
2007-02-07,0.0459
2007-02-08,0.0418
2007-02-09,0.0885
2007-02-12,0.181
2007-02-13,0.1509
2007-02-14,0.2789
2007-02-15,0.2704
2007-02-16,0.1474
2007-02-21,0.1895
2007-02-22,0.1803
2007-02-23,-0.0542
2007-02-26,0.1307
2007-02-27,-0.4991
2007-02-28,0.0069
2007-03-01,-0.1729
2007-03-02,-0.0816
2007-03-05,-0.0606
2007-03-06,0.5158
2007-03-07,0.119
2007-03-08,0.0512
2007-03-09,0.1268
2007-03-12,0.1252
2007-03-13,-0.1103
2007-03-14,0.1359
2007-03-15,0.0378
2007-03-16,0.0587
2007-03-19,0.1009
2007-03-20,0.053
2007-03-21,0.4484
2007-03-22,0.0988
2007-03-23,0.0466
2007-03-26,0.0875
2007-03-27,0.0363
2007-03-28,0.0127
2007-03-29,0.1912
2007-03-30,0.3313
2007-04-02,0.2169
2007-04-03,0.3898
2007-04-04,0.2012
2007-04-05,0.2602
2007-04-09,0.2518
2007-04-10,0.2616
2007-04-11,-0.0497
2007-04-12,0.0668
2007-04-13,0.3347
2007-04-16,0.2231
2007-04-17,0.3122
2007-04-18,0.1896
2007-04-19,1.2286
2007-04-20,0.2986
2007-04-23,0.0132
2007-04-24,-0.132
2007-04-25,0.1869
2007-04-26,-0.0581
2007-04-27,-0.046
2007-04-30,0.1004
2007-05-02,0.3333
2007-05-03,0.2284
2007-05-04,0.1831
2007-05-07,0.0095
2007-05-08,0.0057
2007-05-09,0.1434
2007-05-10,-0.069
2007-05-11,0.1444
2007-05-14,0.1006
2007-05-15,0.2063
2007-05-16,1.0095
2007-05-17,0.5058
2007-05-18,-0.0267
2007-05-21,0.1738
2007-05-22,0.0167
2007-05-23,-0.2799
2007-05-24,-0.6481
2007-05-25,0.4341
2007-05-28,0.1511
2007-05-29,-0.2731
2007-05-30,0.0096
2007-05-31,0.217
2007-06-01,0.3387
2007-06-04,-0.3697
2007-06-05,0.0185
2007-06-06,-0.016
2007-06-08,0.1814
2007-06-11,0.0944
2007-06-12,-0.2117
2007-06-13,0.0806
2007-06-14,0.296
2007-06-15,0.3114
2007-06-18,0.0788
2007-06-19,0.1902
2007-06-20,-0.1465
2007-06-21,0.0703
2007-06-22,-0.2516
2007-06-25,-0.6672
2007-06-26,0.1011
2007-06-27,0.2935
2007-06-28,0.1166
2007-06-29,-0.0334
2007-07-02,0.1658
2007-07-03,-0.02
2007-07-04,-0.3317
2007-07-05,-0.0508
2007-07-06,0.2569
2007-07-09,0.0382
2007-07-10,-0.1037
2007-07-11,0.2062
2007-07-12,0.2187
2007-07-13,0.0769
2007-07-16,-0.1064
2007-07-17,0.1291
2007-07-18,0.0165
2007-07-19,-0.2681
2007-07-20,-0.0643
2007-07-23,-0.0227
2007-07-24,-0.3698
2007-07-25,-0.1052
2007-07-26,-0.8319
2007-07-27,0.2092
2007-07-30,0.0676
2007-07-31,-0.0621
2007-08-01,-0.4268
2007-08-02,0.2535
2007-08-03,-0.4953
2007-08-06,-0.137
2007-08-07,0.2476
2007-08-08,0.238
2007-08-09,-0.5504
2007-08-10,0.0403
2007-08-13,0.1282
2007-08-14,-0.6467
2007-08-15,-0.9534
2007-08-16,-2.6714
2007-08-17,1.6499
2007-08-20,-0.2591
2007-08-21,-0.0445
2007-08-22,0.5762
2007-08-23,0.9706
2007-08-24,0.5182
2007-08-27,0.1889
2007-08-28,-0.4336
2007-08-29,0.8227
2007-08-30,0.09
2007-08-31,0.3935
2007-09-03,0.3467
2007-09-04,0.1569
2007-09-05,-0.369
2007-09-06,0.2439
2007-09-10,-0.3254
2007-09-11,0.2997
2007-09-12,0.2165
2007-09-13,0.0762
2007-09-14,0.4589
2007-09-17,-0.1058
2007-09-18,0.7078
2007-09-19,0.2401
2007-09-20,0.0813
2007-09-21,0.1099
2007-09-24,-0.1796
2007-09-25,0.2141
2007-09-26,0.0541
2007-09-27,0.0373
2007-09-28,0.1861
2007-10-01,0.2166
2007-10-02,0.0548
2007-10-03,-0.0345
2007-10-04,-0.0503
2007-10-05,0.159
2007-10-08,0.0235
2007-10-09,0.3655
2007-10-10,-0.1421
2007-10-11,-0.0251
2007-10-15,0.1131
2007-10-16,-0.1295
2007-10-17,-0.0644
2007-10-18,-0.184
2007-10-19,-0.3434
2007-10-22,-0.9767
2007-10-23,0.6049
2007-10-24,-0.322
2007-10-25,-0.0825
2007-10-26,0.3344
2007-10-29,0.2179
2007-10-30,0.0278
2007-10-31,0.0009
2007-11-01,-0.2104
2007-11-05,-0.3168
2007-11-06,0.2993
2007-11-07,-0.4352
2007-11-08,-0.3966
2007-11-09,0.4037
2007-11-12,-0.3969
2007-11-13,-0.0562
2007-11-14,0.4634
2007-11-16,-0.0268
2007-11-19,-0.0397
2007-11-20,0.0412
2007-11-21,-0.0495
2007-11-22,0.0876
2007-11-23,0.038
2007-11-26,-0.0243
2007-11-27,-0.1035
2007-11-28,0.1264
2007-11-29,-0.1468
2007-11-30,0.2647
2007-12-03,0.0017
2007-12-04,-0.1844
2007-12-05,-0.2015
2007-12-06,0.3225
2007-12-07,0.2361
2007-12-10,-0.0671
2007-12-11,0.2896
2007-12-12,-0.0093
2007-12-13,-0.5016
2007-12-14,0.2417
2007-12-17,0.051
2007-12-18,0.3151
2007-12-19,0.2139
2007-12-20,-0.1632
2007-12-21,0.097
2007-12-24,0.0669
2007-12-26,-0.0439
2007-12-27,-0.2363
2007-12-28,0.2217
2007-12-31,0.0671
2008-01-02,0.2873
2008-01-03,0.3977
2008-01-04,-0.0843
2008-01-07,0.1817
2008-01-08,0.1938
2008-01-09,0.0089
2008-01-10,-0.0727
2008-01-11,0.177
2008-01-14,0.0238
2008-01-15,0.121
2008-01-16,-0.0655
2008-01-17,-0.0783
2008-01-18,0.1242
2008-01-21,-0.4172
2008-01-22,0.188
2008-01-23,-0.0909
2008-01-24,0.4585
2008-01-25,0.0564
2008-01-28,0.1435
2008-01-29,0.0018
2008-01-30,-0.1272
2008-01-31,-0.0532
2008-02-01,0.0058
2008-02-06,0.0081
2008-02-07,0.1559
2008-02-08,0.0502
2008-02-11,0.1572
2008-02-12,0.1754
2008-02-13,0.1175
2008-02-14,-0.0351
2008-02-15,-0.0726
2008-02-18,0.4101
2008-02-19,-0.0481
2008-02-20,0.2123
2008-02-21,0.391
2008-02-22,0.2387
2008-02-25,-0.0359
2008-02-26,0.3169
2008-02-27,0.0622
2008-02-28,0.0875
2008-02-29,-0.0525
2008-03-03,0.1725
2008-03-04,-0.0259
2008-03-05,0.2127
2008-03-06,-0.5444
2008-03-07,-0.4317
2008-03-10,-0.508
2008-03-11,0.5193
2008-03-12,-0.1614
2008-03-13,-0.9038
2008-03-14,-0.4223
2008-03-17,-0.309
2008-03-18,0.5641
2008-03-19,-0.3981
2008-03-20,-0.1055
2008-03-24,-0.0394
2008-03-25,-0.0176
2008-03-26,-0.0528
2008-03-27,0.156
2008-03-28,0.3221
2008-03-31,-0.0314
2008-04-01,0.3627
2008-04-02,0.2484
2008-04-03,0.4333
2008-04-04,0.1084
2008-04-07,-0.1774
2008-04-08,0.1567
2008-04-09,0.1762
2008-04-10,-0.0042
2008-04-11,0.0051
2008-04-14,-0.0187
2008-04-15,-0.0256
2008-04-16,-0.1064
2008-04-17,0.2682
2008-04-18,-0.2498
2008-04-22,-0.4534
2008-04-23,0.6159
2008-04-24,-0.0032
2008-04-25,0.1509
2008-04-28,-0.2251
2008-04-29,0.0209
2008-04-30,1.27
2008-05-02,0.9594
2008-05-05,-0.1938
2008-05-06,-0.5386
2008-05-07,-0.4596
2008-05-08,0.168
2008-05-09,-0.1553
2008-05-12,0.4478
2008-05-13,0.1814
2008-05-14,-0.2671
2008-05-15,0.1189
2008-05-16,0.2568
2008-05-19,-0.1031
2008-05-20,0.245
2008-05-21,-0.0141
2008-05-23,-0.0468
2008-05-26,-0.1207
2008-05-27,-0.2289
2008-05-28,0.0919
2008-05-29,0.6381
2008-05-30,0.2584
2008-06-02,-0.2423
2008-06-03,0.3169
2008-06-04,-0.0275
2008-06-05,-0.0523
2008-06-06,-0.4627
2008-06-09,-0.6376
2008-06-10,0.1433
2008-06-11,0.3995
2008-06-12,0.1604
2008-06-13,0.0834
2008-06-16,0.1517
2008-06-17,0.0694
2008-06-18,-0.0845
2008-06-19,0.0443
2008-06-20,-0.1965
2008-06-23,0.142
2008-06-24,0.1591
2008-06-25,0.2718
2008-06-26,-0.0627
2008-06-27,0.0468
2008-06-30,-0.0395
2008-07-01,-0.0493
2008-07-02,-0.195
2008-07-03,-0.0707
2008-07-04,-0.2185
2008-07-07,0.3237
2008-07-08,0.0877
2008-07-09,0.0662
2008-07-10,-0.215
2008-07-11,-0.2715
2008-07-14,0.0371
2008-07-15,0.4397
2008-07-16,-0.0388
2008-07-17,-0.1247
2008-07-18,0.1572
2008-07-21,-0.1863
2008-07-22,0.1952
2008-07-23,0.0958
2008-07-24,0.2018
2008-07-25,0.2473
2008-07-28,0.1256
2008-07-29,-0.001
2008-07-30,0.2281
2008-07-31,0.0303
2008-08-01,0.1325
2008-08-04,0.0059
2008-08-05,0.1426
2008-08-06,-0.018
2008-08-07,-0.1557
2008-08-08,-0.0576
2008-08-11,-0.1823
2008-08-12,-0.0536
2008-08-13,0.0487
2008-08-14,0.1892
2008-08-15,0.1873
2008-08-18,0.0265
2008-08-19,0.0404
2008-08-20,-0.0227
2008-08-21,0.0266
2008-08-22,-0.0099
2008-08-25,-0.0034
2008-08-26,0.0415
2008-08-27,0.0844
2008-08-28,0.0518
2008-08-29,0.0844
2008-09-01,0.0612
2008-09-02,-0.0942
2008-09-03,-0.0491
2008-09-04,-0.3946
2008-09-05,0.2088
2008-09-08,-0.0241
2008-09-09,-0.1408
2008-09-10,0.317
2008-09-11,-0.0319
2008-09-12,0.0307
2008-09-15,-0.2155
2008-09-16,-0.2555
2008-09-17,-1.2492
2008-09-18,-1.6815
2008-09-19,1.9044
2008-09-22,-0.0285
2008-09-23,-0.6588
2008-09-24,-0.1483
2008-09-25,0.5135
2008-09-26,0.1882
2008-09-29,-0.4256
2008-09-30,0.5416
2008-10-01,0.4978
2008-10-02,-0.8785
2008-10-03,-0.0527
2008-10-06,-1.1053
2008-10-07,-0.6878
2008-10-08,-0.0856
2008-10-09,0.2889
2008-10-10,-1.0581
2008-10-13,1.1945
2008-10-14,-0.1301
2008-10-15,-0.4104
2008-10-16,-0.045
2008-10-17,-0.3048
2008-10-20,-0.1536
2008-10-21,-0.0326
2008-10-22,-1.8346
2008-10-23,-0.2369
2008-10-24,-1.1406
2008-10-27,0.2296
2008-10-28,0.939
2008-10-29,1.0207
2008-10-30,0.1206
2008-10-31,0.0177
2008-11-03,0.2323
2008-11-04,0.4926
2008-11-05,0.1393
2008-11-06,-0.1019
2008-11-07,0.832
2008-11-10,0.1079
2008-11-11,0.1692
2008-11-12,0.1698
2008-11-13,-0.6636
2008-11-14,0.531
2008-11-17,0.126
2008-11-18,0.1539
2008-11-19,0.0607
2008-11-20,0.0606
2008-11-21,0.0422
2008-11-24,0.1415
2008-11-25,0.4102
2008-11-26,0.1006
2008-11-27,0.0743
2008-11-28,0.2338
2008-12-01,0.81
2008-12-02,0.9722
2008-12-03,0.1477
2008-12-04,0.1323
2008-12-05,0.5493
2008-12-08,0.2932
2008-12-09,-0.0319
2008-12-10,0.3918
2008-12-11,0.2033
2008-12-12,0.1538
2008-12-15,0.1101
2008-12-16,0.0107
2008-12-17,0.7601
2008-12-18,0.8356
2008-12-19,-0.1761
2008-12-22,0.0357
2008-12-23,0.1843
2008-12-24,0.0465
2008-12-26,0.1094
2008-12-29,0.0582
2008-12-30,0.2755
2008-12-31,0.0462
2009-01-02,0.2797
2009-01-05,0.6371
2009-01-06,0.2207
2009-01-07,-0.1761
2009-01-08,0.4497
2009-01-09,0.6568
2009-01-12,0.0203
2009-01-13,0.4896
2009-01-14,-0.084
2009-01-15,0.3202
2009-01-16,0.0619
2009-01-19,0.3053
2009-01-20,0.2573
2009-01-21,0.1893
2009-01-22,0.41
2009-01-23,-0.2784
2009-01-26,-0.1994
2009-01-27,0.3336
2009-01-28,0.3095
2009-01-29,-0.3329
2009-01-30,0.3668
2009-02-02,0.2815
2009-02-03,0.1384
2009-02-04,-0.0408
2009-02-05,-0.0836
2009-02-06,0.2009
2009-02-09,-0.1428
2009-02-10,-0.2251
2009-02-11,-0.0356
2009-02-12,-0.2917
2009-02-13,0.2981
2009-02-16,0.0713
2009-02-17,0.0429
2009-02-18,0.0108
2009-02-19,0.2545
2009-02-20,-0.038
2009-02-25,0.0836
2009-02-26,0.4238
2009-02-27,0.4016
2009-03-02,0.18
2009-03-03,-0.0706
2009-03-04,-0.2754
2009-03-05,0.1473
2009-03-06,0.3299
2009-03-09,0.1494
2009-03-10,0.0758
2009-03-11,0.216
2009-03-12,0.0073
2009-03-13,-0.1887
2009-03-16,-0.0244
2009-03-17,0.0501
2009-03-18,0.4318
2009-03-19,0.6675
2009-03-20,0.2344
2009-03-23,-0.0473
2009-03-24,-0.1972
2009-03-25,-0.1905
2009-03-26,0.0896
2009-03-27,0.0301
2009-03-30,0.0681
2009-03-31,-0.0703
2009-04-01,0.1119
2009-04-02,-0.1133
2009-04-03,-0.188
2009-04-06,0.0947
2009-04-07,0.0548
2009-04-08,-0.0057
2009-04-09,-0.0742
2009-04-13,-0.1119
2009-04-14,0.1641
2009-04-15,-0.1765
2009-04-16,-0.2377
2009-04-17,-0.2185
2009-04-20,-0.046
2009-04-22,0.2492
2009-04-23,0.2026
2009-04-24,-0.004
2009-04-27,-0.1107
2009-04-28,0.1622
2009-04-29,0.0496
2009-04-30,-0.0008
2009-05-04,0.0722
2009-05-05,0.1306
2009-05-06,0.1253
2009-05-07,0.1889
2009-05-08,0.0914
2009-05-11,0.2039
2009-05-12,0.081
2009-05-13,0.1514
2009-05-14,0.4441
2009-05-15,0.7294
2009-05-18,0.6619
2009-05-19,0.2873
2009-05-20,0.7424
2009-05-21,-0.3254
2009-05-22,0.2424
2009-05-25,0.1491
2009-05-26,0.2076
2009-05-27,-0.0619
2009-05-28,0.0782
2009-05-29,0.2253
2009-06-01,0.3365
2009-06-02,0.318
2009-06-03,0.0692
2009-06-04,0.0635
2009-06-05,-0.3551
2009-06-08,-0.3156
2009-06-09,-1.2777
2009-06-10,0.4319
2009-06-12,0.9208
2009-06-15,0.132
2009-06-16,0.2206
2009-06-17,0.0441
2009-06-18,-0.2794
2009-06-19,-0.2339
2009-06-22,0.043
2009-06-23,0.2151
2009-06-24,0.0438
2009-06-25,0.185
2009-06-26,0.1328
2009-06-29,-0.2492
2009-06-30,0.0377
2009-07-01,0.259
2009-07-02,0.198
2009-07-03,0.0794
2009-07-06,0.1692
2009-07-07,0.0775
2009-07-08,0.2605
2009-07-09,0.0398
2009-07-10,0.1355
2009-07-13,-0.1835
2009-07-14,0.2413
2009-07-15,0.0385
2009-07-16,0.0007
2009-07-17,0.1507
2009-07-20,0.0842
2009-07-21,0.0298
2009-07-22,0.0631
2009-07-23,-0.1813
2009-07-24,0.0905
2009-07-27,0.0111
2009-07-28,-0.1315
2009-07-29,-0.0175
2009-07-30,-0.2063
2009-07-31,0.0551
2009-08-03,0.0948
2009-08-04,0.1315
2009-08-05,0.1344
2009-08-06,0.1649
2009-08-07,-0.0123
2009-08-10,-0.0098
2009-08-11,-0.0256
2009-08-12,0.0508
2009-08-13,0.2316
2009-08-14,0.1091
2009-08-17,0.2655
2009-08-18,0.0403
2009-08-19,0.155
2009-08-20,0.0307
2009-08-21,-0.0303
2009-08-24,0.0234
2009-08-25,0.0967
2009-08-26,0.1787
2009-08-27,0.0574
2009-08-28,-0.0943
2009-08-31,0.0877
2009-09-01,0.1031
2009-09-02,-0.0378
2009-09-03,-0.0401
2009-09-04,0.118
2009-09-08,0.0255
2009-09-09,0.2583
2009-09-10,0.1048
2009-09-11,0.1066
2009-09-14,0.0881
2009-09-15,0.1591
2009-09-16,-0.1234
2009-09-17,0.028
2009-09-18,0.0948
2009-09-21,-0.2835
2009-09-22,0.2178
2009-09-23,-0.0097
2009-09-24,-0.0599
2009-09-25,-0.0109
2009-09-28,0.18
2009-09-29,0.0411
2009-09-30,-0.069
2009-10-01,-0.0933
2009-10-02,0.1401
2009-10-05,0.0166
2009-10-06,-0.2575
2009-10-07,-0.2393
2009-10-08,-0.4118
2009-10-09,-0.0123
2009-10-13,0.0227
2009-10-14,0.039
2009-10-15,-0.1093
2009-10-16,-0.2576
2009-10-19,-0.3615
2009-10-20,0.176
2009-10-21,0.1312
2009-10-22,0.0248
2009-10-23,0.0665
2009-10-26,0.1345
2009-10-27,0.1015
2009-10-28,-0.0447
2009-10-29,-0.0756
2009-10-30,-0.1158
2009-11-03,0.1233
2009-11-04,0.0237
2009-11-05,0.0547
2009-11-06,0.0182
2009-11-09,-0.0386
2009-11-10,0.0247
2009-11-11,-0.1196
2009-11-12,-0.1483
2009-11-13,0.0301
2009-11-16,0.0654
2009-11-17,0.3991
2009-11-18,0.3172
2009-11-19,0.0649
2009-11-20,0.0393
2009-11-23,0.0454
2009-11-24,0.0556
2009-11-25,0.0444
2009-11-26,-0.0277
2009-11-27,0.0794
2009-11-30,-0.0143
2009-12-01,0.1693
2009-12-02,0.067
2009-12-03,0.0299
2009-12-04,0.0173
2009-12-07,0.0303
2009-12-08,-0.0231
2009-12-09,0.0066
2009-12-10,0.0578
2009-12-11,0.1714
2009-12-14,0.0845
2009-12-15,0.0811
2009-12-16,0.0508
2009-12-17,0.1044
2009-12-18,0.1567
2009-12-21,0.1776
2009-12-22,0.246
2009-12-23,0.0723
2009-12-24,0.041
2009-12-28,0.0854
2009-12-29,0.052
2009-12-30,0.0435
2009-12-31,0.0409
2010-01-04,0.1361
2010-01-05,0.1629
2010-01-06,0.1526
2010-01-07,0.0524
2010-01-08,0.1142
2010-01-11,0.0146
2010-01-12,0.0094
2010-01-13,0.0979
2010-01-14,-0.0364
2010-01-15,0.089
2010-01-18,0.0559
2010-01-19,-0.0571
2010-01-20,0.0703
2010-01-21,-0.0903
2010-01-22,0.0227
2010-01-25,0.074
2010-01-26,0.0769
2010-01-27,0.1359
2010-01-28,0.0437
2010-01-29,0.0529
2010-02-01,0.1038
2010-02-02,0.1227
2010-02-03,0.2472
2010-02-04,0.182
2010-02-05,0.1705
2010-02-08,0.1215
2010-02-09,0.0771
2010-02-10,0.1221
2010-02-11,0.0835
2010-02-12,0.1433
2010-02-17,0.1217
2010-02-18,0.093
2010-02-19,0.0554
2010-02-22,0.0651
2010-02-23,0.0785
2010-02-24,0.0177
2010-02-25,-0.0087
2010-02-26,-0.0564
2010-03-01,-0.0449
2010-03-02,0.0613
2010-03-03,0.0004
2010-03-04,0.0578
2010-03-05,-0.0359
2010-03-08,-0.1629
2010-03-09,0.0874
2010-03-10,0.0835
2010-03-11,0.0553
2010-03-12,0.1033
2010-03-15,0.1507
2010-03-16,0.1306
2010-03-17,0.133
2010-03-18,0.391
2010-03-19,0.1158
2010-03-22,0.0273
2010-03-23,0.1098
2010-03-24,0.0146
2010-03-25,0.0545
2010-03-26,0.1003
2010-03-29,0.1704
2010-03-30,0.2239
2010-03-31,0.1284
2010-04-01,0.2022
2010-04-05,0.0732
2010-04-06,0.0638
2010-04-07,0.3266
2010-04-08,0.4166
2010-04-09,-0.03
2010-04-12,0.052
2010-04-13,-0.3728
2010-04-14,-0.4675
2010-04-15,-0.1447
2010-04-16,0.1582
2010-04-19,-0.2455
2010-04-20,-0.4636
2010-04-22,0.0758
2010-04-23,0.2138
2010-04-26,0.1006
2010-04-27,-0.1433
2010-04-28,0.0176
2010-04-29,0.7928
2010-04-30,0.0584
2010-05-03,0.0938
2010-05-04,-0.1246
2010-05-05,-0.3241
2010-05-06,-0.3894
2010-05-07,-0.6862
2010-05-10,0.2002
2010-05-11,0.2249
2010-05-12,0.1889
2010-05-13,0.3322
2010-05-14,0.1344
2010-05-17,0.056
2010-05-18,-0.146
2010-05-19,-0.1618
2010-05-20,0.0215
2010-05-21,0.0775
2010-05-24,-0.0792
2010-05-25,-0.0085
2010-05-26,0.0263
2010-05-27,0.0821
2010-05-28,0.0498
2010-05-31,0.0933
2010-06-01,0.2153
2010-06-02,0.1726
2010-06-04,0.4365
2010-06-07,0.1609
2010-06-08,-0.0082
2010-06-09,-0.0054
2010-06-10,0.0456
2010-06-11,-0.0464
2010-06-14,0.028
2010-06-15,-0.1884
2010-06-16,0.185
2010-06-17,0.026
2010-06-18,0.1244
2010-06-21,0.0613
2010-06-22,0.002
2010-06-23,-0.0422
2010-06-24,-0.0256
2010-06-25,0.0398
2010-06-28,0.0498
2010-06-29,-0.0684
2010-06-30,0.1064
2010-07-01,0.2243
2010-07-02,0.0713
2010-07-05,0.0277
2010-07-06,-0.0373
2010-07-07,-0.0981
2010-07-08,-0.1796
2010-07-09,0.0255
2010-07-12,-0.2257
2010-07-13,0.1507
2010-07-14,0.2724
2010-07-15,0.2649
2010-07-16,0.3846
2010-07-19,-0.0988
2010-07-20,-0.0314
2010-07-21,0.2506
2010-07-22,0.303
2010-07-23,-0.1914
2010-07-26,-0.0583
2010-07-27,0.2017
2010-07-28,0.026
2010-07-29,0.0294
2010-07-30,0.2613
2010-08-02,-0.0929
2010-08-03,-0.1072
2010-08-04,-0.0231
2010-08-05,0.1212
2010-08-06,-0.1066
2010-08-09,0.0154
2010-08-10,0.0395
2010-08-11,0.3331
2010-08-12,0.1875
2010-08-13,0.4473
2010-08-16,0.5678
2010-08-17,-0.0667
2010-08-18,0.1136
2010-08-19,0.2322
2010-08-20,0.1321
2010-08-23,0.0873
2010-08-24,0.2024
2010-08-25,0.0795
2010-08-26,-0.1031
2010-08-27,-0.1511
2010-08-30,-0.0788
2010-08-31,0.1551
2010-09-01,-0.2312
2010-09-02,0.2057
2010-09-03,-0.0257
2010-09-06,0.1713
2010-09-08,-0.0364
2010-09-09,0.0699
2010-09-10,-0.0804
2010-09-13,-0.0159
2010-09-14,0.0986
2010-09-15,-0.0199
2010-09-16,-0.2972
2010-09-17,-0.1659
2010-09-20,-0.0768
2010-09-21,0.2188
2010-09-22,0.0616
2010-09-23,0.2781
2010-09-24,0.1321
2010-09-27,-0.0125
2010-09-28,-0.0463
2010-09-29,0.2718
2010-09-30,0.0195
2010-10-01,0.152
2010-10-04,0.1062
2010-10-05,0.0473
2010-10-06,0.2895
2010-10-07,0.1104
2010-10-08,0.0317
2010-10-11,0.0477
2010-10-13,0.3025
2010-10-14,0.7855
2010-10-15,0.2289
2010-10-18,-0.1726
2010-10-19,-0.6959
2010-10-20,0.493
2010-10-21,-0.3411
2010-10-22,0.0046
2010-10-25,-0.2875
2010-10-26,0.483
2010-10-27,-0.1962
2010-10-28,0.1608
2010-10-29,0.4371
2010-11-01,0.1946
2010-11-03,0.0639
2010-11-04,0.0935
2010-11-05,0.1402
2010-11-08,-0.1245
2010-11-09,0.3128
2010-11-10,0.4303
2010-11-11,0.0786
2010-11-12,0.1927
2010-11-16,-0.4365
2010-11-17,0.0954
2010-11-18,-0.308
2010-11-19,0.0173
2010-11-22,-0.7515
2010-11-23,0.1331
2010-11-24,0.2554
2010-11-25,0.3201
2010-11-26,-0.0092
2010-11-29,-0.1473
2010-11-30,0.3251
2010-12-01,0.0608
2010-12-02,0.0
2010-12-03,0.0547
2010-12-06,-0.2594
2010-12-07,0.0788
2010-12-08,-0.0677
2010-12-09,0.1467
2010-12-10,0.5829
2010-12-13,0.1398
2010-12-14,0.3989
2010-12-15,0.2123
2010-12-16,0.2227
2010-12-17,0.2025
2010-12-20,-0.0149
2010-12-21,0.0658
2010-12-22,0.0259
2010-12-23,0.0239
2010-12-24,0.0482
2010-12-27,0.0596
2010-12-28,0.1276
2010-12-29,0.0508
2010-12-30,0.1587
2010-12-31,0.048
2011-01-03,-0.0559
2011-01-04,-0.1207
2011-01-05,-0.0932
2011-01-06,-0.1144
2011-01-07,-0.3552
2011-01-10,-0.1858
2011-01-11,0.1967
2011-01-12,0.1646
2011-01-13,0.2872
2011-01-14,0.0873
2011-01-17,0.0516
2011-01-18,0.155
2011-01-19,0.0114
2011-01-20,0.0567
2011-01-21,-0.0414
2011-01-24,-0.4325
2011-01-25,0.0546
2011-01-26,-0.0232
2011-01-27,0.0357
2011-01-28,0.0279
2011-01-31,-0.0149
2011-02-01,0.2061
2011-02-02,0.169
2011-02-03,-0.1467
2011-02-04,-0.2832
2011-02-07,-0.0294
2011-02-08,0.5217
2011-02-09,0.0736
2011-02-10,-0.0825
2011-02-11,-0.0514
2011-02-14,-0.1499
2011-02-15,-0.128
2011-02-16,0.2481
2011-02-17,0.1257
2011-02-18,0.0307
2011-02-21,-0.0676
2011-02-22,0.1155
2011-02-23,0.0415
2011-02-24,-0.1317
2011-02-25,0.0881
2011-02-28,0.0941
2011-03-01,0.1155
2011-03-02,0.0283
2011-03-03,-0.0439
2011-03-04,0.084
2011-03-09,0.0548
2011-03-10,0.3469
2011-03-11,0.0918
2011-03-14,-0.132
2011-03-15,-0.099
2011-03-16,0.0175
2011-03-17,0.0375
2011-03-18,0.1466
2011-03-21,0.0293
2011-03-22,0.199
2011-03-23,0.2257
2011-03-24,-0.0424
2011-03-25,0.0253
2011-03-28,0.0664
2011-03-29,-0.0696
2011-03-30,0.2858
2011-03-31,0.181
2011-04-01,0.1544
2011-04-04,0.056
2011-04-05,-0.1469
2011-04-06,0.0361
2011-04-07,0.0736
2011-04-08,0.0528
2011-04-11,-0.0422
2011-04-12,0.1093
2011-04-13,0.0595
2011-04-14,0.0291
2011-04-15,0.0305
2011-04-18,-0.0223
2011-04-19,0.0389
2011-04-20,-0.0208
2011-04-25,-0.3001
2011-04-26,0.1063
2011-04-27,0.1234
2011-04-28,0.1235
2011-04-29,0.0874
2011-05-02,0.2031
2011-05-03,0.1715
2011-05-04,0.125
2011-05-05,0.1503
2011-05-06,-0.1272
2011-05-09,0.0813
2011-05-10,0.0114
2011-05-11,0.1015
2011-05-12,0.0597
2011-05-13,0.2025
2011-05-16,0.2336
2011-05-17,0.1853
2011-05-18,0.1341
2011-05-19,0.1449
2011-05-20,-0.1598
2011-05-23,-0.0803
2011-05-24,-0.0692
2011-05-25,0.0322
2011-05-26,0.0924
2011-05-27,0.0452
2011-05-30,0.0139
2011-05-31,-0.0689
2011-06-01,0.0208
2011-06-02,-0.1366
2011-06-03,-0.0595
2011-06-06,-0.1345
2011-06-07,0.0986
2011-06-08,0.2521
2011-06-09,0.1104
2011-06-10,0.0932
2011-06-13,0.0758
2011-06-14,-0.0403
2011-06-15,0.114
2011-06-16,-0.0097
2011-06-17,0.042
2011-06-20,-0.0185
2011-06-21,-0.0168
2011-06-22,-0.0247
2011-06-24,-0.0656
2011-06-27,-0.2036
2011-06-28,-0.2512
2011-06-29,-0.0191
2011-06-30,-0.1277
2011-07-01,0.0706
2011-07-04,0.0654
2011-07-05,-0.0739
2011-07-06,0.0449
2011-07-07,-0.0273
2011-07-08,0.0291
2011-07-11,-0.0933
2011-07-12,0.0005
2011-07-13,0.0546
2011-07-14,0.0449
2011-07-15,0.0553
2011-07-18,0.0764
2011-07-19,0.0331
2011-07-20,-0.0032
2011-07-21,0.0679
2011-07-22,0.051
2011-07-25,-0.0579
2011-07-26,0.1564
2011-07-27,0.0606
2011-07-28,0.0523
2011-07-29,0.0649
2011-08-01,0.0301
2011-08-02,0.0936
2011-08-03,-0.0245
2011-08-04,-0.0057
2011-08-05,-0.0535
2011-08-08,0.0806
2011-08-09,0.0522
2011-08-10,-0.0075
2011-08-11,-0.0947
2011-08-12,0.3581
2011-08-15,0.4009
2011-08-16,0.5056
2011-08-17,0.4395
2011-08-18,0.6346
2011-08-19,0.4108
2011-08-22,0.0601
2011-08-23,0.3351
2011-08-24,0.1953
2011-08-25,0.156
2011-08-26,0.8196
2011-08-29,0.9997
2011-08-30,-0.2501
2011-08-31,0.1647
2011-09-01,1.5665
2011-09-02,-0.7774
2011-09-05,0.1134
2011-09-06,0.086
2011-09-08,-0.3818
2011-09-09,0.2418
2011-09-12,0.1653
2011-09-13,-0.1718
2011-09-14,-0.1082
2011-09-15,0.0577
2011-09-16,0.0549
2011-09-19,-0.1615
2011-09-20,-0.2677
2011-09-21,-0.6234
2011-09-22,-0.4565
2011-09-23,0.3682
2011-09-26,0.4122
2011-09-27,-0.1602
2011-09-28,0.3043
2011-09-29,0.0351
2011-09-30,0.3806
2011-10-03,0.6579
2011-10-04,0.0534
2011-10-05,0.2503
2011-10-06,-0.0622
2011-10-07,0.2538
2011-10-10,0.11
2011-10-11,0.3063
2011-10-13,-0.0469
2011-10-14,-0.2669
2011-10-17,-0.1273
2011-10-18,0.1481
2011-10-19,-0.0254
2011-10-20,-0.7241
2011-10-21,0.2043
2011-10-24,-0.0888
2011-10-25,-0.0369
2011-10-26,0.2786
2011-10-27,0.097
2011-10-28,0.2912
2011-10-31,0.2785
2011-11-01,-0.1904
2011-11-03,-0.0014
2011-11-04,0.0546
2011-11-07,0.1168
2011-11-08,0.1398
2011-11-09,0.5795
2011-11-10,-0.0433
2011-11-11,0.2767
2011-11-14,0.1701
2011-11-16,0.2271
2011-11-17,0.0339
2011-11-18,0.0821
2011-11-21,-0.1289
2011-11-22,-0.0826
2011-11-23,-0.0232
2011-11-24,0.0635
2011-11-25,0.1526
2011-11-28,-0.0036
2011-11-29,0.1578
2011-11-30,0.4268
2011-12-01,-0.2329
2011-12-02,0.0346
2011-12-05,-0.1952
2011-12-06,0.1645
2011-12-07,0.3789
2011-12-08,0.0055
2011-12-09,0.1502
2011-12-12,0.1904
2011-12-13,-0.0004
2011-12-14,-0.1168
2011-12-15,-0.1633
2011-12-16,-0.1338
2011-12-19,-0.0248
2011-12-20,0.1724
2011-12-21,0.206
2011-12-22,-0.437
2011-12-23,-0.2012
2011-12-26,-0.1631
2011-12-27,0.2515
2011-12-28,0.1082
2011-12-29,0.2789
2011-12-30,0.0441
2012-01-02,0.2909
2012-01-03,0.0511
2012-01-04,-0.3379
2012-01-05,-0.1952
2012-01-06,0.1614
2012-01-09,-0.0981
2012-01-10,0.1981
2012-01-11,-0.0009
2012-01-12,-0.1205
2012-01-13,0.149
2012-01-16,0.1362
2012-01-17,-0.0613
2012-01-18,0.2287
2012-01-19,0.1486
2012-01-20,0.514
2012-01-23,-0.2069
2012-01-24,0.041
2012-01-25,0.0403
2012-01-26,0.5209
2012-01-27,0.2388
2012-01-30,0.2115
2012-01-31,-0.2853
2012-02-01,-0.1138
2012-02-02,-0.1421
2012-02-03,-0.0548
2012-02-06,-0.1169
2012-02-07,0.3162
2012-02-08,0.274
2012-02-09,0.4447
2012-02-10,0.4008
2012-02-13,0.101
2012-02-14,0.3895
2012-02-15,0.0768
2012-02-16,0.2449
2012-02-17,0.3426
2012-02-22,0.0808
2012-02-23,-0.0045
2012-02-24,-0.3385
2012-02-27,-0.111
2012-02-28,0.3265
2012-02-29,0.0399
2012-03-01,0.0441
2012-03-02,0.3412
2012-03-05,0.1675
2012-03-06,0.0965
2012-03-07,0.1689
2012-03-08,0.6754
2012-03-09,0.4745
2012-03-12,-0.0651
2012-03-13,-0.0969
2012-03-14,-0.3609
2012-03-15,0.2725
2012-03-16,-0.1081
2012-03-19,-0.296
2012-03-20,0.046
2012-03-21,0.1541
2012-03-22,0.0204
2012-03-23,0.0985
2012-03-26,0.0083
2012-03-27,0.2007
2012-03-28,0.1397
2012-03-29,-0.0774
2012-03-30,-0.0025
2012-04-02,0.1468
2012-04-03,-0.2622
2012-04-04,0.1306
2012-04-05,0.0796
2012-04-09,0.3562
2012-04-10,0.4871
2012-04-11,0.124
2012-04-12,0.3309
2012-04-13,0.1774
2012-04-16,0.1351
2012-04-17,0.2666
2012-04-18,0.1728
2012-04-19,0.6933
2012-04-20,0.1846
2012-04-23,0.0837
2012-04-24,0.666
2012-04-25,0.4171
2012-04-26,0.0013
2012-04-27,0.2545
2012-04-30,-0.1107
2012-05-02,1.0382
2012-05-03,0.1387
2012-05-04,1.9308
2012-05-07,1.8056
2012-05-08,-1.6888
2012-05-09,-1.2997
2012-05-10,1.7411
2012-05-11,-0.1575
2012-05-14,0.0395
2012-05-15,0.0428
2012-05-16,0.2508
2012-05-17,0.5392
2012-05-18,0.3799
2012-05-21,-0.5201
2012-05-22,-2.2592
2012-05-23,0.4645
2012-05-24,-0.9855
2012-05-25,0.5638
2012-05-28,0.3305
2012-05-29,0.3541
2012-05-30,-0.1065
2012-05-31,-0.5373
2012-06-01,-0.6175
2012-06-04,-2.008
2012-06-05,0.3337
2012-06-06,0.2817
2012-06-08,0.8502
2012-06-11,-0.9615
2012-06-12,0.1649
2012-06-13,0.2505
2012-06-14,0.1569
2012-06-15,-0.7359
2012-06-18,0.1608
2012-06-19,0.3451
2012-06-20,0.2447
2012-06-21,0.4991
2012-06-22,0.0475
2012-06-25,0.6397
2012-06-26,0.0184
2012-06-27,-0.1761
2012-06-28,-0.2606
2012-06-29,0.3057
2012-07-02,0.3227
2012-07-03,0.0625
2012-07-04,-0.3083
2012-07-05,-0.3903
2012-07-06,0.3559
2012-07-09,0.0199
2012-07-10,0.3131
2012-07-11,0.6507
2012-07-12,-0.1266
2012-07-13,0.4246
2012-07-16,0.4958
2012-07-17,0.0371
2012-07-18,0.2749
2012-07-19,0.3561
2012-07-20,0.7846
2012-07-23,0.2893
2012-07-24,-0.4035
2012-07-25,0.232
2012-07-26,-0.1057
2012-07-27,-0.7107
2012-07-30,0.0423
2012-07-31,0.2387
2012-08-01,0.2939
2012-08-02,0.091
2012-08-03,-0.0733
2012-08-06,0.1238
2012-08-07,0.443
2012-08-08,0.2065
2012-08-09,-0.1685
2012-08-10,-0.4707
2012-08-13,0.0915
2012-08-14,-0.0613
2012-08-15,0.3713
2012-08-16,-0.4331
2012-08-17,0.1854
2012-08-20,-0.4096
2012-08-21,0.4238
2012-08-22,-0.118
2012-08-23,0.007
2012-08-24,0.2017
2012-08-27,0.3158
2012-08-28,0.2545
2012-08-29,-0.0298
2012-08-30,0.2816
2012-08-31,0.2744
2012-09-03,0.1118
2012-09-04,0.0024
2012-09-05,0.0445
2012-09-06,-0.1678
2012-09-10,-0.1688
2012-09-11,0.013
2012-09-12,0.2484
2012-09-13,0.0738
2012-09-14,-0.0088
2012-09-17,0.1724
2012-09-18,-0.0917
2012-09-19,-0.137
2012-09-20,0.2353
2012-09-21,0.0577
2012-09-24,0.1383
2012-09-25,0.2288
2012-09-26,0.0062
2012-09-27,0.2446
2012-09-28,0.4245
2012-10-01,0.2281
2012-10-02,0.2723
2012-10-03,0.0441
2012-10-04,0.1753
2012-10-05,1.3457
2012-10-08,-0.4597
2012-10-09,0.1473
2012-10-10,0.0576
2012-10-11,0.8326
2012-10-15,0.029
2012-10-16,0.3097
2012-10-17,-0.4324
2012-10-18,0.2422
2012-10-19,0.3268
2012-10-22,0.4471
2012-10-23,0.2531
2012-10-24,-0.0978
2012-10-25,-0.2311
2012-10-26,0.0763
2012-10-29,-0.0251
2012-10-30,0.0729
2012-10-31,0.1297
2012-11-01,-0.0373
2012-11-05,0.0507
2012-11-06,-0.1179
2012-11-07,0.0994
2012-11-08,-0.0761
2012-11-09,-0.1443
2012-11-12,-0.2253
2012-11-13,-0.3442
2012-11-14,-0.5458
2012-11-16,0.4609
2012-11-19,0.2844
2012-11-20,0.0351
2012-11-21,-0.0997
2012-11-22,0.0189
2012-11-23,0.276
2012-11-26,0.2306
2012-11-27,0.3564
2012-11-28,-0.0414
2012-11-29,0.0381
2012-11-30,0.3175
2012-12-03,0.1657
2012-12-04,0.5777
2012-12-05,-0.0023
2012-12-06,0.9206
2012-12-07,-0.157
2012-12-10,-0.3097
2012-12-11,-0.2734
2012-12-12,0.3223
2012-12-13,0.3151
2012-12-14,0.0352
2012-12-17,0.0516
2012-12-18,-0.1045
2012-12-19,0.1321
2012-12-20,-0.335
2012-12-21,-0.0352
2012-12-24,0.0499
2012-12-26,0.2583
2012-12-27,0.0622
2012-12-28,0.1864
2012-12-31,0.0498
2013-01-02,0.3322
2013-01-03,0.5472
2013-01-04,0.1835
2013-01-07,0.0738
2013-01-08,-0.2529
2013-01-09,0.3116
2013-01-10,0.2247
2013-01-11,0.1956
2013-01-14,0.073
2013-01-15,0.0116
2013-01-16,0.1005
2013-01-17,-0.249
2013-01-18,-0.2372
2013-01-21,0.5253
2013-01-22,-0.0443
2013-01-23,0.2211
2013-01-24,-0.6389
2013-01-25,0.0542
2013-01-28,-0.2521
2013-01-29,-0.0532
2013-01-30,-0.2855
2013-01-31,-0.2953
2013-02-01,-0.1041
2013-02-04,-0.3679
2013-02-05,-0.5615
2013-02-06,-0.3506
2013-02-07,-0.5552
2013-02-08,-0.189
2013-02-13,0.0939
2013-02-14,0.0198
2013-02-15,0.3449
2013-02-18,-0.1403
2013-02-19,0.1274
2013-02-20,0.0175
2013-02-21,0.2073
2013-02-22,-0.2544
2013-02-25,0.4543
2013-02-26,0.2376
2013-02-27,0.1255
2013-02-28,0.0214
2013-03-01,0.3214
2013-03-04,0.1434
2013-03-05,0.4215
2013-03-06,0.0873
2013-03-07,-0.2165
2013-03-08,-0.3554
2013-03-11,-0.1549
2013-03-12,-0.4464
2013-03-13,-0.612
2013-03-14,0.2806
2013-03-15,0.3366
2013-03-18,0.022
2013-03-19,0.2068
2013-03-20,-0.3275
2013-03-21,-0.7322
2013-03-22,-0.068
2013-03-25,0.1632
2013-03-26,0.023
2013-03-27,0.0334
2013-03-28,-1.0124
2013-04-01,-0.8356
2013-04-02,0.4064
2013-04-03,-0.5624
2013-04-04,0.2332
2013-04-05,1.4226
2013-04-08,-0.2419
2013-04-09,0.2103
2013-04-10,0.0478
2013-04-11,-0.249
2013-04-12,-0.5095
2013-04-15,-0.2165
2013-04-16,0.0949
2013-04-17,0.0838
2013-04-18,1.3923
2013-04-19,0.3085
2013-04-22,0.1912
2013-04-23,0.0308
2013-04-24,-0.2229
2013-04-25,-0.3818
2013-04-26,0.0555
2013-04-29,0.1151
2013-04-30,0.2268
2013-05-02,0.833
2013-05-03,-0.3246
2013-05-06,0.2216
2013-05-07,0.1677
2013-05-08,0.0774
2013-05-09,-0.4231
2013-05-10,-0.4646
2013-05-13,0.2005
2013-05-14,-0.7429
2013-05-15,0.4024
2013-05-16,0.3094
2013-05-17,-0.3471
2013-05-20,-0.4082
2013-05-21,0.1425
2013-05-22,-0.2783
2013-05-23,-0.2659
2013-05-24,-0.7712
2013-05-27,-0.8631
2013-05-28,-0.7827
2013-05-29,0.6995
2013-05-31,-1.9584
2013-06-03,-0.0606
2013-06-04,0.7719
2013-06-05,0.3138
2013-06-06,-0.5607
2013-06-07,-0.4851
2013-06-10,-2.785
2013-06-11,-0.5688
2013-06-12,-0.8163
2013-06-13,2.096
2013-06-14,-0.5326
2013-06-17,-0.8775
2013-06-18,-1.384
2013-06-19,-2.2044
2013-06-20,1.7661
2013-06-21,1.227
2013-06-24,1.2667
2013-06-25,0.6635
2013-06-26,0.0789
2013-06-27,0.6939
2013-06-28,-1.2769
2013-07-01,0.3548
2013-07-02,0.4742
2013-07-03,-0.2486
2013-07-04,-1.17
2013-07-05,-0.2188
2013-07-08,0.4185
2013-07-09,0.0324
2013-07-10,-0.2843
2013-07-11,-0.4469
2013-07-12,0.0407
2013-07-15,0.8992
2013-07-16,0.0565
2013-07-17,0.805
2013-07-18,0.8568
2013-07-19,0.581
2013-07-22,0.4625
2013-07-23,0.4579
2013-07-24,-0.6557
2013-07-25,-0.1617
2013-07-26,-0.2321
2013-07-29,-0.9613
2013-07-30,-0.4919
2013-07-31,0.7516
2013-08-01,-0.9618
2013-08-02,0.6266
2013-08-05,0.3539
2013-08-06,-0.3823
2013-08-07,0.0397
2013-08-08,0.2845
2013-08-09,0.2778
2013-08-12,-1.4684
2013-08-13,-0.1698
2013-08-14,-0.8367
2013-08-15,0.2758
2013-08-16,-0.3454
2013-08-19,-0.6551
2013-08-20,1.5506
2013-08-21,-1.2799
2013-08-22,0.2574
2013-08-23,1.4314
2013-08-26,-0.5339
2013-08-27,0.0306
2013-08-28,0.1042
2013-08-29,-1.1239
2013-08-30,-0.0584
2013-09-02,-0.0619
2013-09-03,-0.0521
2013-09-04,-0.0471
2013-09-05,-0.1385
2013-09-06,0.3017
2013-09-09,0.0929
2013-09-10,0.1241
2013-09-11,0.0981
2013-09-12,-0.3895
2013-09-13,-0.0197
2013-09-16,0.0984
2013-09-17,0.0295
2013-09-18,1.8065
2013-09-19,-0.1707
2013-09-20,0.0374
2013-09-23,-0.2374
2013-09-24,0.0495
2013-09-25,-0.4127
2013-09-26,-0.4897
2013-09-27,-0.246
2013-09-30,0.0333
2013-10-01,-0.2206
2013-10-02,0.2367
2013-10-03,0.12
2013-10-04,-0.0594
2013-10-07,0.158
2013-10-08,0.2894
2013-10-09,0.4134
2013-10-10,-0.2463
2013-10-11,-0.0307
2013-10-14,0.0003
2013-10-15,0.012
2013-10-16,0.0248
2013-10-17,0.1358
2013-10-18,-0.3082
2013-10-21,-0.2232
2013-10-22,0.3371
2013-10-23,0.3533
2013-10-24,-0.0743
2013-10-25,0.1946
2013-10-28,0.0018
2013-10-29,0.14
2013-10-30,0.0584
2013-10-31,-0.4011
2013-11-01,-0.6724
2013-11-04,-0.1982
2013-11-05,-0.5458
2013-11-06,-0.2564
2013-11-07,-1.1014
2013-11-08,-0.3528
2013-11-11,0.0723
2013-11-12,0.9053
2013-11-13,0.5446
2013-11-14,0.1797
2013-11-18,0.3862
2013-11-19,-0.6759
2013-11-20,0.0475
2013-11-21,-0.8164
2013-11-22,-0.0094
2013-11-25,-0.6504
2013-11-26,0.2358
2013-11-27,-0.0394
2013-11-28,0.0386
2013-11-29,-0.716
2013-12-02,-0.8281
2013-12-03,-0.3485
2013-12-04,0.0679
2013-12-05,0.6204
2013-12-06,0.1597
2013-12-09,0.4211
2013-12-10,0.6314
2013-12-11,0.1116
2013-12-12,0.2963
2013-12-13,0.0232
2013-12-16,0.1554
2013-12-17,0.2475
2013-12-18,0.0506
2013-12-19,-0.5585
2013-12-20,-0.3391
2013-12-23,0.1972
2013-12-24,0.0634
2013-12-26,-0.3071
2013-12-27,0.4688
2013-12-30,0.1142
2013-12-31,0.0633
2014-01-02,-0.2421
2014-01-03,0.0223
2014-01-06,-0.0248
2014-01-07,0.2026
2014-01-08,-0.2978
2014-01-09,-0.1692
2014-01-10,0.3633
2014-01-13,-0.1155
2014-01-14,-0.4154
2014-01-15,0.1647
2014-01-16,0.0396
2014-01-17,0.3795
2014-01-20,-0.3929
2014-01-21,-0.3724
2014-01-22,-0.0353
2014-01-23,-1.1775
2014-01-24,0.3625
2014-01-27,-0.426
2014-01-28,-0.4686
2014-01-29,-0.0163
2014-01-30,-0.049
2014-01-31,0.0994
2014-02-03,-0.1399
2014-02-04,0.3641
2014-02-05,0.5495
2014-02-06,0.2003
2014-02-07,0.4228
2014-02-10,-0.0607
2014-02-11,-0.1649
2014-02-12,-0.0988
2014-02-13,0.4637
2014-02-14,0.2489
2014-02-17,0.3957
2014-02-18,0.3843
2014-02-19,-0.08
2014-02-20,0.7528
2014-02-21,0.4765
2014-02-24,0.1734
2014-02-25,0.0532
2014-02-26,0.292
2014-02-27,0.7576
2014-02-28,-0.6314
2014-03-05,-0.0068
2014-03-06,-0.1299
2014-03-07,-0.4556
2014-03-10,-0.5333
2014-03-11,-0.3378
2014-03-12,0.4032
2014-03-13,0.2505
2014-03-14,-0.1649
2014-03-17,-0.0407
2014-03-18,-0.2755
2014-03-19,-0.4803
2014-03-20,0.3768
2014-03-21,0.3633
2014-03-24,0.3679
2014-03-25,0.5431
2014-03-26,0.4294
2014-03-27,0.7077
2014-03-28,-0.2495
2014-03-31,-0.0468
2014-04-01,0.0145
2014-04-02,0.1986
2014-04-03,0.0807
2014-04-04,0.2214
2014-04-07,0.194
2014-04-08,0.3045
2014-04-09,0.0742
2014-04-10,-0.0676
2014-04-11,0.0668
2014-04-14,-0.0509
2014-04-15,0.1809
2014-04-16,0.0238
2014-04-17,0.1404
2014-04-22,0.0943
2014-04-23,0.3659
2014-04-24,0.1236
2014-04-25,0.1277
2014-04-28,-0.1444
2014-04-29,0.1289
2014-04-30,0.3154
2014-05-02,0.6211
2014-05-05,-0.0923
2014-05-06,0.7631
2014-05-07,0.383
2014-05-08,-0.2878
2014-05-09,-0.1934
2014-05-12,-0.2404
2014-05-13,0.1567
2014-05-14,0.6764
2014-05-15,-0.213
2014-05-16,0.0283
2014-05-19,0.2172
2014-05-20,0.1962
2014-05-21,0.6902
2014-05-22,0.3296
2014-05-23,-0.151
2014-05-26,0.0661
2014-05-27,-0.3596
2014-05-28,0.5748
2014-05-29,0.7176
2014-05-30,0.3121
2014-06-02,-0.6759
2014-06-03,-0.5631
2014-06-04,-0.0377
2014-06-05,0.0234
2014-06-06,1.3528
2014-06-09,-0.2552
2014-06-10,-0.131
2014-06-11,0.408
2014-06-12,0.0433
2014-06-13,0.7043
2014-06-16,-0.8281
2014-06-17,-0.4565
2014-06-18,0.4208
2014-06-20,-0.116
2014-06-23,0.1024
2014-06-24,0.3781
2014-06-25,0.2298
2014-06-26,0.3411
2014-06-27,-0.6598
2014-06-30,-0.1955
2014-07-01,0.4686
2014-07-02,-0.3704
2014-07-03,0.3078
2014-07-04,0.0758
2014-07-07,0.1645
2014-07-08,0.154
2014-07-09,0.0422
2014-07-10,-0.1405
2014-07-11,-0.0564
2014-07-14,0.1795
2014-07-15,-0.1795
2014-07-16,0.2227
2014-07-17,0.0131
2014-07-18,1.0215
2014-07-21,0.503
2014-07-22,0.6496
2014-07-23,-0.5508
2014-07-24,-0.4331
2014-07-25,0.3376
2014-07-28,-0.2178
2014-07-29,-0.311
2014-07-30,-0.4293
2014-07-31,-0.3136
2014-08-01,-0.5237
2014-08-04,0.4962
2014-08-05,-0.7934
2014-08-06,1.1705
2014-08-07,-0.3709
2014-08-08,0.4039
2014-08-11,0.1921
2014-08-12,-0.1428
2014-08-13,-0.6328
2014-08-14,0.6084
2014-08-15,1.2654
2014-08-18,0.718
2014-08-19,-0.0467
2014-08-20,-0.3315
2014-08-21,-0.4059
2014-08-22,0.8013
2014-08-25,0.402
2014-08-26,0.4194
2014-08-27,0.976
2014-08-28,0.162
2014-08-29,0.3797
2014-09-01,0.4258
2014-09-02,0.8896
2014-09-03,-0.1865
2014-09-04,-0.298
2014-09-05,-0.2084
2014-09-08,-0.9206
2014-09-09,-0.8474
2014-09-10,0.1174
2014-09-11,0.2646
2014-09-12,-2.0349
2014-09-15,0.2332
2014-09-16,0.6893
2014-09-17,0.048
2014-09-18,-0.3827
2014-09-19,0.2347
2014-09-22,-1.1098
2014-09-23,0.4194
2014-09-24,0.7503
2014-09-25,-0.1848
2014-09-26,0.2881
2014-09-29,-2.4475
2014-09-30,0.7451
2014-10-01,-0.5268
2014-10-02,0.5123
2014-10-03,1.0996
2014-10-06,1.1855
2014-10-07,0.9127
2014-10-08,0.0867
2014-10-09,0.2178
2014-10-10,-0.2844
2014-10-13,1.2732
2014-10-14,-0.3833
2014-10-15,-0.6166
2014-10-16,0.0304
2014-10-17,0.5053
2014-10-20,-1.0939
2014-10-21,-1.6356
2014-10-22,-0.0181
2014-10-23,-0.6355
2014-10-24,1.2432
2014-10-27,-1.0274
2014-10-28,1.056
2014-10-29,-0.7007
2014-10-30,0.1549
2014-10-31,0.7818
2014-11-03,-0.5886
2014-11-04,-0.5807
2014-11-05,0.6385
2014-11-06,-0.9833
2014-11-07,-0.1977
2014-11-10,0.4411
2014-11-11,-0.3721
2014-11-12,-0.3775
2014-11-13,-0.5683
2014-11-14,0.3615
2014-11-17,-0.0031
2014-11-18,0.4688
2014-11-19,1.2127
2014-11-20,0.0403
2014-11-21,2.0113
2014-11-24,0.1097
2014-11-25,0.4766
2014-11-26,0.4568
2014-11-27,0.0859
2014-11-28,-0.4631
2014-12-01,-0.9275
2014-12-02,-1.0264
2014-12-03,0.4341
2014-12-04,0.1856
2014-12-05,0.3396
2014-12-08,-0.2878
2014-12-09,-0.3599
2014-12-10,-0.5788
2014-12-11,-0.6192
2014-12-12,-0.2631
2014-12-15,-0.6195
2014-12-16,-0.0867
2014-12-17,0.0714
2014-12-18,0.3458
2014-12-19,0.3979
2014-12-22,0.4393
2014-12-23,0.0337
2014-12-24,0.0599
2014-12-26,0.0306
2014-12-29,-0.1651
2014-12-30,0.6344
2014-12-31,0.0598
2015-01-02,0.0884
2015-01-05,0.2688
2015-01-06,0.8345
2015-01-07,-0.1261
2015-01-08,0.1211
2015-01-09,0.7366
2015-01-12,-0.5328
2015-01-13,0.4014
2015-01-14,0.0843
2015-01-15,0.251
2015-01-16,0.4865
2015-01-19,-0.1811
2015-01-20,0.7932
2015-01-21,0.1164
2015-01-22,-0.4533
2015-01-23,0.6262
2015-01-26,-0.2512
2015-01-27,-0.0386
2015-01-28,-0.0879
2015-01-29,0.3128
2015-01-30,-0.3621
2015-02-02,-0.5161
2015-02-03,0.1969
2015-02-04,-0.31
2015-02-05,-0.2482
2015-02-06,-0.3749
2015-02-09,-0.1362
2015-02-10,-0.3563
2015-02-11,-0.6471
2015-02-12,0.7427
2015-02-13,0.0339
2015-02-18,-0.1657
2015-02-19,0.2349
2015-02-20,-0.0371
2015-02-23,0.1694
2015-02-24,0.2319
2015-02-25,-0.0079
2015-02-26,0.2529
2015-02-27,1.4999
2015-03-02,-0.4916
2015-03-03,0.0432
2015-03-04,-0.4709
2015-03-05,-0.4448
2015-03-06,0.0185
2015-03-09,-1.0907
2015-03-10,0.4642
2015-03-11,0.1808
2015-03-12,-0.3301
2015-03-13,0.5222
2015-03-16,0.0829
2015-03-17,0.9659
2015-03-18,0.1927
2015-03-19,-1.1112
2015-03-20,0.2932
2015-03-23,0.2855
2015-03-24,0.0107
2015-03-25,-0.0101
2015-03-26,-0.0097
2015-03-27,-0.1738
2015-03-30,0.307
2015-03-31,0.5083
2015-04-01,0.7615
2015-04-02,-0.0014
2015-04-06,0.2012
2015-04-07,0.038
2015-04-08,0.8662
2015-04-09,-0.1576
2015-04-10,0.5086
2015-04-13,-0.0656
2015-04-14,0.7628
2015-04-15,0.4087
2015-04-16,-0.0871
2015-04-17,-0.2321
2015-04-20,-0.768
2015-04-22,0.0722
2015-04-23,-0.0489
2015-04-24,-0.0085
2015-04-27,0.5087
2015-04-28,0.0174
2015-04-29,0.2832
2015-04-30,-0.6309
2015-05-04,-0.0022
2015-05-05,0.1221
2015-05-06,0.1254
2015-05-07,0.009
2015-05-08,0.7751
2015-05-11,-0.2323
2015-05-12,-0.1559
2015-05-13,0.169
2015-05-14,1.2172
2015-05-15,0.6075
2015-05-18,-0.7829
2015-05-19,-0.0974
2015-05-20,0.8556
2015-05-21,0.1039
2015-05-22,0.4013
2015-05-25,-0.3073
2015-05-26,-0.1508
2015-05-27,-0.3337
2015-05-28,0.5398
2015-05-29,-0.3012
2015-06-01,-0.0692
2015-06-02,-0.3338
2015-06-03,-0.0179
2015-06-05,-0.0765
2015-06-08,0.6146
2015-06-09,0.1669
2015-06-10,-0.2215
2015-06-11,-0.0605
2015-06-12,0.2691
2015-06-15,-0.3928
2015-06-16,0.131
2015-06-17,0.3003
2015-06-18,0.1258
2015-06-19,0.2175
2015-06-22,0.2718
2015-06-23,0.0238
2015-06-24,-0.0839
2015-06-25,-0.7201
2015-06-26,0.2174
2015-06-29,-0.5095
2015-06-30,-0.1112
2015-07-01,-0.3463
2015-07-02,0.5319
2015-07-03,0.1929
2015-07-06,-0.2611
2015-07-07,0.0218
2015-07-08,-0.212
2015-07-09,0.0606
2015-07-10,0.0601
2015-07-13,-0.0549
2015-07-14,-0.0073
2015-07-15,0.2122
2015-07-16,0.2479
2015-07-17,-0.0909
2015-07-20,0.3879
2015-07-21,0.3568
2015-07-22,-0.4367
2015-07-23,-1.9583
2015-07-24,-0.312
2015-07-27,0.0928
2015-07-28,0.0559
2015-07-29,0.015
2015-07-30,0.5616
2015-07-31,0.1816
2015-08-03,-0.7221
2015-08-04,0.194
2015-08-05,-0.7666
2015-08-06,-1.3179
2015-08-07,-0.4626
2015-08-10,0.5052
2015-08-11,0.1327
2015-08-12,0.5204
2015-08-13,0.0109
2015-08-14,0.1345
2015-08-17,0.2534
2015-08-18,0.5401
2015-08-19,-0.1837
2015-08-20,-0.2582
2015-08-21,-0.8533
2015-08-24,-0.5992
2015-08-25,0.0245
2015-08-26,0.4463
2015-08-27,-0.3673
2015-08-28,0.2927
2015-08-31,-0.6572
2015-09-01,-0.6524
2015-09-02,-1.2943
2015-09-03,0.245
2015-09-04,-1.3593
2015-09-08,1.0423
2015-09-09,0.3623
2015-09-10,-0.6821
2015-09-11,0.511
2015-09-14,1.0277
2015-09-15,0.1974
2015-09-16,0.2282
2015-09-17,-0.01
2015-09-18,-1.6521
2015-09-21,-0.3591
2015-09-22,-0.1526
2015-09-23,-0.4641
2015-09-24,4.2682
2015-09-25,-0.914
2015-09-28,-2.5819
2015-09-29,0.8578
2015-09-30,0.8803
2015-10-01,0.171
2015-10-02,1.486
2015-10-05,-0.3034
2015-10-06,0.1375
2015-10-07,-0.7286
2015-10-08,0.5397
2015-10-09,-0.6086
2015-10-13,-0.5744
2015-10-14,0.0412
2015-10-15,0.7794
2015-10-16,-0.0211
2015-10-19,-0.3898
2015-10-20,0.2421
2015-10-21,0.0801
2015-10-22,0.9779
2015-10-23,-0.154
2015-10-26,0.3955
2015-10-27,0.572
2015-10-28,0.0397
2015-10-29,-0.1915
2015-10-30,0.083
2015-11-03,0.9283
2015-11-04,0.7179
2015-11-05,-0.2677
2015-11-06,-0.0951
2015-11-09,0.2031
2015-11-10,0.1315
2015-11-11,0.746
2015-11-12,0.1349
2015-11-13,0.0608
2015-11-16,0.1657
2015-11-17,0.1202
2015-11-18,0.1482
2015-11-19,0.5911
2015-11-20,0.1015
2015-11-23,0.0342
2015-11-24,-0.5233
2015-11-25,-0.8534
2015-11-26,-0.5412
2015-11-27,-0.6259
2015-11-30,-0.1294
2015-12-01,0.3004
2015-12-02,0.4045
2015-12-03,-0.0758
2015-12-04,0.1268
2015-12-07,0.0432
2015-12-08,-0.0008
2015-12-09,0.2944
2015-12-10,-0.2193
2015-12-11,-0.0424
2015-12-14,-0.131
2015-12-15,-0.2838
2015-12-16,-0.0614
2015-12-17,0.365
2015-12-18,-0.1044
2015-12-21,-0.0521
2015-12-22,0.156
2015-12-23,0.3257
2015-12-24,0.0755
2015-12-28,0.2364
2015-12-29,0.1543
2015-12-30,-0.0715
2015-12-31,0.0754
2016-01-04,0.1607
2016-01-05,0.5379
2016-01-06,0.3236
2016-01-07,-0.3163
2016-01-08,-0.1783
2016-01-11,0.1226
2016-01-12,0.1324
2016-01-13,0.1759
2016-01-14,-0.1059
2016-01-15,-0.0202
2016-01-18,0.2246
2016-01-19,-0.28
2016-01-20,-0.3864
2016-01-21,0.3968
2016-01-22,0.1266
2016-01-25,0.1163
2016-01-26,0.3868
2016-01-27,-0.3051
2016-01-28,0.5209
2016-01-29,0.2692
2016-02-01,0.7014
2016-02-02,-0.7228
2016-02-03,0.3842
2016-02-04,-0.643
2016-02-05,0.6571
2016-02-10,0.3892
2016-02-11,-0.0315
2016-02-12,0.7793
2016-02-15,0.2039
2016-02-16,-0.0484
2016-02-17,0.065
2016-02-18,-0.3975
2016-02-19,0.1183
2016-02-22,0.4603
2016-02-23,0.0214
2016-02-24,0.3118
2016-02-25,-0.0642
2016-02-26,-0.0147
2016-02-29,0.0821
2016-03-01,0.3757
2016-03-02,0.4084
2016-03-03,1.3369
2016-03-04,0.9108
2016-03-07,-0.8163
2016-03-08,0.9035
2016-03-09,0.6135
2016-03-10,0.4492
2016-03-11,0.7528
2016-03-14,-0.6396
2016-03-15,-1.4188
2016-03-16,0.0576
2016-03-17,2.3045
2016-03-18,0.4945
2016-03-21,0.3956
2016-03-22,1.0253
2016-03-23,-1.2487
2016-03-24,-0.7012
2016-03-28,0.9946
2016-03-29,0.3346
2016-03-30,-0.6075
2016-03-31,-0.6576
2016-04-01,0.5055
2016-04-04,-0.7925
2016-04-05,0.0971
2016-04-06,-0.2846
2016-04-07,-0.0103
2016-04-08,0.9473
2016-04-11,0.5116
2016-04-12,0.2667
2016-04-13,0.9975
2016-04-14,-0.0275
2016-04-15,0.3754
2016-04-18,0.4064
2016-04-19,-0.6233
2016-04-20,-0.2832
2016-04-22,-0.1703
2016-04-25,0.2736
2016-04-26,0.1269
2016-04-27,0.7262
2016-04-28,-0.2142
2016-04-29,1.0516
2016-05-02,-0.0634
2016-05-03,-0.0498
2016-05-04,0.0357
2016-05-05,0.4909
2016-05-06,-0.1767
2016-05-09,-0.2765
2016-05-10,0.8295
2016-05-11,0.4704
2016-05-12,0.6527
2016-05-13,0.1644
2016-05-16,0.1013
2016-05-17,-0.2252
2016-05-18,-0.9181
2016-05-19,0.4018
2016-05-20,0.0745
2016-05-23,-1.0632
2016-05-24,-0.0314
2016-05-25,-0.1628
2016-05-27,-0.4259
2016-05-30,0.3469
2016-05-31,-0.2518
2016-06-01,0.2864
2016-06-02,0.3943
2016-06-03,0.6559
2016-06-06,0.1532
2016-06-07,-0.1542
2016-06-08,0.3744
2016-06-09,0.0085
2016-06-10,-0.3444
2016-06-13,0.2504
2016-06-14,0.1543
2016-06-15,0.0028
2016-06-16,-0.0742
2016-06-17,0.0244
2016-06-20,0.0033
2016-06-21,0.088
2016-06-22,-0.0383
2016-06-23,0.4486
2016-06-24,0.0139
2016-06-27,0.5919
2016-06-28,-0.2102
2016-06-29,-0.6598
2016-06-30,-0.0478
2016-07-01,0.3148
2016-07-04,-0.0891
2016-07-05,-0.3128
2016-07-06,-0.0306
2016-07-07,-0.0046
2016-07-08,0.5453
2016-07-11,0.2103
2016-07-12,0.1504
2016-07-13,0.3684
2016-07-14,0.417
2016-07-15,0.429
2016-07-18,0.1829
2016-07-19,-0.3047
2016-07-20,0.1575
2016-07-21,-0.2081
2016-07-22,-0.2125
2016-07-25,-0.0139
2016-07-26,0.3056
2016-07-27,0.2891
2016-07-28,0.2696
2016-07-29,0.0207
2016-08-01,0.2117
2016-08-02,-0.0686
2016-08-03,0.1535
2016-08-04,0.2788
2016-08-05,0.3825
2016-08-08,-0.1166
2016-08-09,0.3948
2016-08-10,0.2139
2016-08-11,0.3398
2016-08-12,0.0598
2016-08-15,-0.0558
2016-08-16,-0.1255
2016-08-17,0.1195
2016-08-18,-0.0701
2016-08-19,0.1338
2016-08-22,-0.1011
2016-08-23,-0.1142
2016-08-24,-0.3325
2016-08-25,-0.0932
2016-08-26,-0.5286
2016-08-29,0.3828
2016-08-30,-0.3415
2016-08-31,0.1663
2016-09-01,0.2618
2016-09-02,0.3016
2016-09-05,-0.052
2016-09-06,0.0994
2016-09-08,-0.1848
2016-09-09,-0.5701
2016-09-12,0.2608
2016-09-13,-0.675
2016-09-14,-0.01
2016-09-15,0.0008
2016-09-16,0.043
2016-09-19,0.0764
2016-09-20,-0.0538
2016-09-21,0.5016
2016-09-22,0.5846
2016-09-23,0.1899
2016-09-26,0.0069
2016-09-27,0.3076
2016-09-28,0.3151
2016-09-29,-0.0972
2016-09-30,0.2616
2016-10-03,0.7333
2016-10-04,-0.2744
2016-10-05,0.4673
2016-10-06,-0.106
2016-10-07,-0.0165
2016-10-10,0.0728
2016-10-11,-0.0226
2016-10-13,0.0913
2016-10-14,0.0312
2016-10-17,0.1925
2016-10-18,0.0914
2016-10-19,0.4431
2016-10-20,-0.0103
2016-10-21,-0.2479
2016-10-24,0.236
2016-10-25,-0.4683
2016-10-26,-0.4178
2016-10-27,-0.2917
2016-10-28,-0.0802
2016-10-31,0.225
2016-11-01,-0.0514
2016-11-03,0.0923
2016-11-04,0.0974
2016-11-07,0.2873
2016-11-08,0.041
2016-11-09,-0.6588
2016-11-10,-1.7546
2016-11-11,-0.2986
2016-11-14,-1.3017
2016-11-16,1.0579
2016-11-17,0.0685
2016-11-18,0.079
2016-11-21,0.8508
2016-11-22,0.1162
2016-11-23,-0.0648
2016-11-24,-0.1648
2016-11-25,-0.3935
2016-11-28,0.4022
2016-11-29,0.3394
2016-11-30,0.0674
2016-12-01,-1.6259
2016-12-02,-0.0109
2016-12-05,0.807
2016-12-06,-0.2717
2016-12-07,0.4776
2016-12-08,0.7348
2016-12-09,-0.1032
2016-12-12,0.1783
2016-12-13,0.2413
2016-12-14,0.1088
2016-12-15,0.0683
2016-12-16,0.0401
2016-12-19,0.2261
2016-12-20,0.1256
2016-12-21,0.3859
2016-12-22,0.3254
2016-12-23,-0.0444
2016-12-26,0.0897
2016-12-27,0.1218
2016-12-28,0.3579
2016-12-29,0.6221
2016-12-30,0.0367
2017-01-02,0.6347
2017-01-03,-0.1971
2017-01-04,-0.3106
2017-01-05,0.2966
2017-01-06,-0.3009
2017-01-09,-0.0206
2017-01-10,0.1195
2017-01-11,-0.1858
2017-01-12,1.6991
2017-01-13,0.1734
2017-01-16,0.3098
2017-01-17,0.0475
2017-01-18,-0.4185
2017-01-19,0.0256
2017-01-20,-0.0188
2017-01-23,-0.049
2017-01-24,0.2952
2017-01-25,0.0439
2017-01-26,-0.2128
2017-01-27,0.2662
2017-01-30,-0.3784
2017-01-31,0.0522
2017-02-01,0.3258
2017-02-02,0.3289
2017-02-03,0.294
2017-02-06,0.1645
2017-02-07,0.2624
2017-02-08,0.7056
2017-02-09,0.3028
2017-02-10,0.1557
2017-02-13,0.0706
2017-02-14,0.0885
2017-02-15,0.0097
2017-02-16,-0.3421
2017-02-17,0.1385
2017-02-20,0.0364
2017-02-21,0.388
2017-02-22,0.2898
2017-02-23,0.6566
2017-02-24,-0.0897
2017-03-01,0.2627
2017-03-02,-0.3314
2017-03-03,0.2485
2017-03-06,0.0607
2017-03-07,0.0427
2017-03-08,-0.2005
2017-03-09,-0.1911
2017-03-10,0.5507
2017-03-13,0.1088
2017-03-14,-0.4809
2017-03-15,0.4201
2017-03-16,0.0995
2017-03-17,0.263
2017-03-20,-0.032
2017-03-21,0.1208
2017-03-22,-0.1073
2017-03-23,-0.3605
2017-03-24,0.443
2017-03-27,0.2454
2017-03-28,-0.2618
2017-03-29,0.1275
2017-03-30,-0.1497
2017-03-31,0.1695
2017-04-03,0.0748
2017-04-04,-0.0599
2017-04-05,-0.1668
2017-04-06,-0.5689
2017-04-07,0.2433
2017-04-10,0.3979
2017-04-11,-0.0884
2017-04-12,0.1779
2017-04-13,-0.2002
2017-04-17,0.1035
2017-04-18,0.3036
2017-04-19,-0.1221
2017-04-20,-0.1515
2017-04-24,0.0174
2017-04-25,-0.4577
2017-04-26,-0.0395
2017-04-27,-0.0452
2017-04-28,0.2648
2017-05-02,0.2652
2017-05-03,0.0455
2017-05-04,-0.1777
2017-05-05,0.1038
2017-05-08,-0.0853
2017-05-09,0.154
2017-05-10,0.4775
2017-05-11,0.5054
2017-05-12,0.3731
2017-05-15,0.6003
2017-05-16,0.766
2017-05-17,-0.1889
2017-05-18,-7.5206
2017-05-19,2.1703
2017-05-22,-0.5389
2017-05-23,1.3689
2017-05-24,0.2447
2017-05-25,0.099
2017-05-26,0.4314
2017-05-29,0.2537
2017-05-30,-0.4979
2017-05-31,0.2987
2017-06-01,-0.6409
2017-06-02,-0.3846
2017-06-05,-0.3984
2017-06-06,0.4539
2017-06-07,0.1043
2017-06-08,0.0316
2017-06-09,0.0632
2017-06-12,0.1108
2017-06-13,-0.0405
2017-06-14,0.5938
2017-06-16,0.4567
2017-06-19,0.3086
2017-06-20,-0.383
2017-06-21,0.0969
2017-06-22,-0.2117
2017-06-23,-0.0757
2017-06-26,-0.059
2017-06-27,-0.2917
2017-06-28,0.4096
2017-06-29,-0.1205
2017-06-30,0.1517
2017-07-03,0.2472
2017-07-04,-0.1194
2017-07-05,0.0252
2017-07-06,0.0024
2017-07-07,-0.2116
2017-07-10,0.087
2017-07-11,0.1798
2017-07-12,0.6337
2017-07-13,-0.0281
2017-07-14,0.5238
2017-07-17,0.3541
2017-07-18,0.3126
2017-07-19,0.5762
2017-07-20,0.2354
2017-07-21,0.2776
2017-07-24,-0.1143
2017-07-25,-0.1186
2017-07-26,-0.1471
2017-07-27,0.9482
2017-07-28,0.0598
2017-07-31,0.2085
2017-08-01,0.2332
2017-08-02,0.2731
2017-08-03,0.4939
2017-08-04,0.1347
2017-08-07,-0.2266
2017-08-08,0.0788
2017-08-09,-0.0682
2017-08-10,-0.3069
2017-08-11,-0.0316
2017-08-14,-0.0351
2017-08-15,0.299
2017-08-16,0.1758
2017-08-17,-0.5415
2017-08-18,0.3638
2017-08-21,-0.2738
2017-08-22,0.0266
2017-08-23,0.1689
2017-08-24,0.2191
2017-08-25,-0.0058
2017-08-28,0.0342
2017-08-29,0.0102
2017-08-30,0.0015
2017-08-31,0.317
2017-09-01,-0.0019
2017-09-04,0.1057
2017-09-05,0.4043
2017-09-06,0.352
2017-09-08,0.4286
2017-09-11,-0.1127
2017-09-12,-0.1794
2017-09-13,0.0131
2017-09-14,0.1026
2017-09-15,-0.0824
2017-09-18,0.0573
2017-09-19,0.1638
2017-09-20,0.0951
2017-09-21,0.3002
2017-09-22,0.0406
2017-09-25,-0.053
2017-09-26,0.2672
2017-09-27,-0.1143
2017-09-28,-0.0092
2017-09-29,0.0209
2017-10-02,0.1001
2017-10-03,-0.1379
2017-10-04,0.0721
2017-10-05,-0.2371
2017-10-06,0.5394
2017-10-09,-0.1445
2017-10-10,0.172
2017-10-11,-0.0835
2017-10-13,0.0427
2017-10-16,-0.0872
2017-10-17,0.2248
2017-10-18,0.0677
2017-10-19,0.1843
2017-10-20,0.1441
2017-10-23,-0.2359
2017-10-24,-0.3268
2017-10-25,0.0963
2017-10-26,-0.6111
2017-10-27,0.0913
2017-10-30,-0.2546
2017-10-31,0.0072
2017-11-01,-0.4242
2017-11-03,-0.4883
2017-11-06,0.3838
2017-11-07,-0.1289
2017-11-08,0.1705
2017-11-09,0.0054
2017-11-10,-0.3472
2017-11-13,-0.1214
2017-11-14,-0.1988
2017-11-16,0.4904
2017-11-17,0.3619
2017-11-20,0.0412
2017-11-21,0.3938
2017-11-22,-0.1043
2017-11-23,0.0953
2017-11-24,-0.2198
2017-11-27,-0.0617
2017-11-28,0.1007
2017-11-29,-0.4592
2017-11-30,-0.2445
2017-12-01,0.0736
2017-12-04,0.0588
2017-12-05,0.1537
2017-12-06,-0.0938
2017-12-07,-0.3351
2017-12-08,0.1634
2017-12-11,0.029
2017-12-12,-0.2173
2017-12-13,0.2099
2017-12-14,-0.1899
2017-12-15,0.1363
2017-12-18,0.0412
2017-12-19,-0.1095
2017-12-20,0.3538
2017-12-21,0.183
2017-12-22,-0.1789
2017-12-26,0.397
2017-12-27,-0.0138
2017-12-28,0.1351
2017-12-29,0.0318
2018-01-02,0.5132
2018-01-03,0.2784
2018-01-04,0.2317
2018-01-05,-0.0803
2018-01-08,0.1788
2018-01-09,0.0932
2018-01-10,0.2491
2018-01-11,0.2989
2018-01-12,0.2331
2018-01-15,0.0895
2018-01-17,0.0009
2018-01-18,0.1109
2018-01-19,-0.0042
2018-01-22,-0.068
2018-01-23,-0.1307
2018-01-24,0.7945
2018-01-25,0.0358
2018-01-26,0.6034
2018-01-29,-0.0541
2018-01-30,-0.1022
2018-01-31,0.0462
2018-02-01,0.1481
2018-02-02,-0.2932
2018-02-05,-0.2932
2018-02-06,0.0917
2018-02-07,-0.0057
2018-02-08,-0.2697
2018-02-09,-0.3573
2018-02-14,0.3488
2018-02-15,0.4663
2018-02-16,0.2996
2018-02-19,0.0144
2018-02-20,-0.1144
2018-02-21,-0.0556
2018-02-22,-0.0316
2018-02-23,0.2356
2018-02-26,0.3446
2018-02-27,0.0783
2018-02-28,-0.0545
2018-03-01,0.0822
2018-03-02,0.1005
2018-03-05,0.1526
2018-03-06,0.0387
2018-03-07,-0.001
2018-03-08,0.0242
2018-03-09,-0.0319
2018-03-12,0.0024
2018-03-13,0.1541
2018-03-14,0.1208
2018-03-15,-0.0038
2018-03-16,0.1914
2018-03-19,-0.2065
2018-03-20,-0.3175
2018-03-21,0.2601
2018-03-22,0.5383
2018-03-23,-0.039
2018-03-26,0.0847
2018-03-27,-0.1894
2018-03-28,-0.2603
2018-03-29,0.2344
2018-04-02,-0.1942
2018-04-03,-0.2859
2018-04-04,-0.1783
2018-04-05,0.3223
2018-04-06,-0.1702
2018-04-09,-0.0395
2018-04-10,-0.0377
2018-04-11,0.2652
2018-04-12,0.2513
2018-04-13,-0.1227
2018-04-16,0.1079
2018-04-17,0.0328
2018-04-18,0.2032
2018-04-19,-0.0884
2018-04-20,-0.054
2018-04-23,-0.2889
2018-04-24,-0.0103
2018-04-25,0.0072
2018-04-26,0.2028
2018-04-27,0.0485
2018-04-30,-0.1117
2018-05-02,-0.1784
2018-05-03,0.0139
2018-05-04,0.0623
2018-05-07,-0.1924
2018-05-08,-0.4879
2018-05-09,-0.4725
2018-05-10,0.6104
2018-05-11,-0.1876
2018-05-14,-0.3703
2018-05-15,0.0846
2018-05-16,0.0909
2018-05-17,-0.602
2018-05-18,-0.8407
2018-05-21,0.2074
2018-05-22,0.3544
2018-05-23,-0.1578
2018-05-24,-0.2807
2018-05-25,-0.4337
2018-05-28,-0.2004
2018-05-29,-0.4293
2018-05-30,0.2165
2018-06-01,0.2011
2018-06-04,-0.083
2018-06-05,-0.8884
2018-06-06,-0.3326
2018-06-07,-0.8845
2018-06-08,0.7293
2018-06-11,-0.0478
2018-06-12,0.0267
2018-06-13,-0.2429
2018-06-14,-0.93
2018-06-15,1.0197
2018-06-18,0.0973
2018-06-19,0.7344
2018-06-20,-0.1551
2018-06-21,-0.2762
2018-06-22,-0.088
2018-06-25,0.2964
2018-06-26,0.1807
2018-06-27,-0.3801
2018-06-28,0.5089
2018-06-29,0.2207
2018-07-02,0.2377
2018-07-03,0.0967
2018-07-04,0.306
2018-07-05,-0.1261
2018-07-06,0.3432
2018-07-09,0.0788
2018-07-10,0.4518
2018-07-11,-0.3223
2018-07-12,-0.2384
2018-07-13,0.2651
2018-07-16,-0.0895
2018-07-17,0.148
2018-07-18,0.0019
2018-07-19,0.1616
2018-07-20,0.6821
2018-07-23,-0.1564
2018-07-24,0.1453
2018-07-25,0.3906
2018-07-26,-0.191
2018-07-27,0.1673
2018-07-30,-0.0087
2018-07-31,-0.0472
2018-08-01,0.088
2018-08-02,0.0074
2018-08-03,0.4272
2018-08-06,0.0876
2018-08-07,-0.3034
2018-08-08,0.0061
2018-08-09,-0.3251
2018-08-10,-0.5657
2018-08-13,0.1926
2018-08-14,1.0744
2018-08-15,0.3204
2018-08-16,0.0063
2018-08-17,-0.0776
2018-08-20,-0.3469
2018-08-21,-1.1033
2018-08-22,0.6825
2018-08-23,-0.4276
2018-08-24,0.2465
2018-08-27,0.2974
2018-08-28,-0.2604
2018-08-29,-0.0011
2018-08-30,-0.6578
2018-08-31,0.2071
2018-09-03,-0.4323
2018-09-04,-0.3708
2018-09-05,-0.102
2018-09-06,0.3048
2018-09-10,0.0208
2018-09-11,-0.2047
2018-09-12,0.3587
2018-09-13,-0.3185
2018-09-14,0.1704
2018-09-17,0.3782
2018-09-18,0.0176
2018-09-19,-0.1119
2018-09-20,0.0296
2018-09-21,0.3112
2018-09-24,-0.2284
2018-09-25,-0.0639
2018-09-26,0.095
2018-09-27,0.1945
2018-09-28,-0.1921
2018-10-01,0.0888
2018-10-02,0.5367
2018-10-03,0.6919
2018-10-04,0.5705
2018-10-05,-0.1265
2018-10-08,1.927
2018-10-09,0.8889
2018-10-10,-0.1955
2018-10-11,0.0307
2018-10-15,0.649
2018-10-16,0.6412
2018-10-17,0.551
2018-10-18,-0.378
2018-10-19,-0.0359
2018-10-22,0.6378
2018-10-23,0.041
2018-10-24,-0.2767
2018-10-25,-0.0011
2018-10-26,0.7525
2018-10-29,-0.1744
2018-10-30,0.0638
2018-10-31,0.0531
2018-11-01,0.1592
2018-11-05,0.028
2018-11-06,0.033
2018-11-07,-0.1784
2018-11-08,-0.1912
2018-11-09,-0.0341
2018-11-12,-0.0881
2018-11-13,-0.1865
2018-11-14,0.4589
2018-11-16,0.616
2018-11-19,-0.0851
2018-11-20,0.0154
2018-11-21,0.3683
2018-11-22,0.2304
2018-11-23,0.1102
2018-11-26,-0.7209
2018-11-27,-0.0439
2018-11-28,0.2575
2018-11-29,0.0606
2018-11-30,0.0987
2018-12-03,0.0038
2018-12-04,-0.2797
2018-12-05,0.1057
2018-12-06,0.1146
2018-12-07,0.0173
2018-12-10,-0.1778
2018-12-11,0.0594
2018-12-12,0.3059
2018-12-13,0.2811
2018-12-14,0.1806
2018-12-17,-0.01
2018-12-18,-0.0339
2018-12-19,0.3433
2018-12-20,0.2802
2018-12-21,-0.0189
2018-12-24,0.0222
2018-12-26,-0.0059
2018-12-27,0.1831
2018-12-28,0.246
2018-12-31,0.022
2019-01-02,0.4352
2019-01-03,0.4771
2019-01-04,0.5259
2019-01-07,-0.0227
2019-01-08,0.131
2019-01-09,0.6756
2019-01-10,0.0811
2019-01-11,0.0924
2019-01-14,0.406
2019-01-15,-0.0619
2019-01-16,0.0774
2019-01-17,0.087
2019-01-18,0.0591
2019-01-21,0.0323
2019-01-22,0.1084
2019-01-23,0.1812
2019-01-24,-0.1298
2019-01-25,0.0324
2019-01-28,-0.0121
2019-01-29,0.3622
2019-01-30,0.138
2019-01-31,0.6075
2019-02-01,0.4902
2019-02-04,-0.124
2019-02-05,-0.2125
2019-02-06,-0.3427
2019-02-07,-0.3343
2019-02-08,-0.5664
2019-02-11,0.0119
2019-02-12,0.4398
2019-02-13,0.3619
2019-02-14,0.3485
2019-02-15,0.6382
2019-02-18,-0.2105
2019-02-19,0.1152
2019-02-20,-0.3531
2019-02-21,0.0089
2019-02-22,0.018
2019-02-25,-0.0464
2019-02-26,0.023
2019-02-27,0.2655
2019-02-28,0.0236
2019-03-01,-0.0222
2019-03-06,-0.0476
2019-03-07,0.0145
2019-03-08,0.244
2019-03-11,0.5525
2019-03-12,0.1277
2019-03-13,0.3372
2019-03-14,-0.0566
2019-03-15,0.1288
2019-03-18,0.2113
2019-03-19,0.0954
2019-03-20,0.2106
2019-03-21,-0.2743
2019-03-22,-0.9243
2019-03-25,0.0664
2019-03-26,-0.3599
2019-03-27,-1.2564
2019-03-28,1.3836
2019-03-29,0.1735
2019-04-01,0.3818
2019-04-02,0.0397
2019-04-03,-0.3034
2019-04-04,0.0891
2019-04-05,0.193
2019-04-08,-0.1113
2019-04-09,-0.3131
2019-04-10,0.2432
2019-04-11,-0.11
2019-04-12,-0.1257
2019-04-15,0.0806
2019-04-16,-0.0307
2019-04-17,-0.0416
2019-04-18,0.2733
2019-04-22,0.1333
2019-04-23,0.5036
2019-04-24,-0.0708
2019-04-25,0.2536
2019-04-26,0.1843
2019-04-29,-0.0665
2019-04-30,0.2969
2019-05-02,-0.0285
2019-05-03,0.3736
2019-05-06,-0.0018
2019-05-07,-0.062
2019-05-08,0.3246
2019-05-09,0.2747
2019-05-10,0.2937
2019-05-13,-0.1588
2019-05-14,0.3832
2019-05-15,-0.0435
2019-05-16,-0.3774
2019-05-17,-0.4895
2019-05-20,0.3722
2019-05-21,0.4374
2019-05-22,0.1474
2019-05-23,0.057
2019-05-24,0.0583
2019-05-27,0.1992
2019-05-28,0.6582
2019-05-29,0.548
2019-05-30,0.3839
2019-05-31,0.2599
2019-06-03,0.3783
2019-06-04,0.178
2019-06-05,-0.4353
2019-06-06,0.3675
2019-06-07,0.3692
2019-06-10,0.1245
2019-06-11,0.2703
2019-06-12,-0.2628
2019-06-13,0.199
2019-06-14,0.0854
2019-06-17,0.1662
2019-06-18,0.2834
2019-06-19,0.1649
2019-06-21,1.0445
2019-06-24,0.1959
2019-06-25,-0.2607
2019-06-26,0.1947
2019-06-27,0.1808
2019-06-28,0.4349
2019-07-01,0.2046
2019-07-02,-0.2499
2019-07-03,0.2229
2019-07-04,0.1757
2019-07-05,-0.0972
2019-07-08,0.3109
2019-07-09,0.0107
2019-07-10,0.4231
2019-07-11,0.048
2019-07-12,-0.1232
2019-07-15,0.043
2019-07-16,-0.1727
2019-07-17,0.0158
2019-07-18,0.0552
2019-07-19,0.0288
2019-07-22,0.1144
2019-07-23,0.3241
2019-07-24,0.1641
2019-07-25,-0.1725
2019-07-26,0.1569
2019-07-29,0.0166
2019-07-30,-0.0025
2019-07-31,-0.2138
2019-08-01,0.0492
2019-08-02,0.0167
2019-08-05,-0.4314
2019-08-06,0.5878
2019-08-07,0.3849
2019-08-08,0.339
2019-08-09,0.0174
2019-08-12,-0.2572
2019-08-13,-0.0018
2019-08-14,-0.2299
2019-08-15,0.0683
2019-08-16,0.2741
2019-08-19,-0.1516
2019-08-20,-0.0988
2019-08-21,0.2371
2019-08-22,-0.0813
2019-08-23,-0.1796
2019-08-26,-0.4301
2019-08-27,-0.3792
2019-08-28,-0.6249
2019-08-29,-0.1191
2019-08-30,0.6191
2019-09-02,-0.2781
2019-09-03,0.2965
2019-09-04,0.4772
2019-09-05,-0.04
2019-09-06,0.0424
2019-09-09,-0.027
2019-09-10,-0.1464
2019-09-11,0.2621
2019-09-12,0.2145
2019-09-13,-0.2538
2019-09-16,0.3488
2019-09-17,0.5039
2019-09-18,0.1642
2019-09-19,0.5162
2019-09-20,0.5039
2019-09-23,-0.1247
2019-09-24,-0.2088
2019-09-25,0.3615
2019-09-26,0.1781
2019-09-27,0.0345
2019-09-30,0.005
2019-10-01,0.0553
2019-10-02,-0.0881
2019-10-03,0.2122
2019-10-04,0.0003
2019-10-07,-0.2285
2019-10-08,-0.0775
2019-10-09,0.3186
2019-10-10,0.2779
2019-10-11,0.7307
2019-10-14,0.3124
2019-10-15,-0.2555
2019-10-16,0.478
2019-10-17,0.4595
2019-10-18,0.0558
2019-10-21,0.0014
2019-10-22,-0.2734
2019-10-23,0.3484
2019-10-24,-0.0573
2019-10-25,0.4039
2019-10-28,0.2018
2019-10-29,0.1394
2019-10-30,0.2081
2019-10-31,0.0934
2019-11-01,0.2978
2019-11-04,-0.0247
2019-11-05,-0.066
2019-11-06,-0.4143
2019-11-07,-0.3173
2019-11-08,-0.424
2019-11-11,0.0179
2019-11-12,-0.454
2019-11-13,-0.1042
2019-11-14,0.1774
2019-11-18,-0.0635
2019-11-19,-0.0382
2019-11-20,0.0295
2019-11-21,-0.4958
2019-11-22,0.3166
2019-11-25,-0.2134
2019-11-26,-0.4933
2019-11-27,-0.3391
2019-11-28,0.1732
2019-11-29,-0.0418
2019-12-02,-0.2147
2019-12-03,0.3136
2019-12-04,0.3707
2019-12-05,0.0815
2019-12-06,0.5001
2019-12-09,0.1903
2019-12-10,0.2267
2019-12-11,0.2879
2019-12-12,0.3674
2019-12-13,-0.0276
2019-12-16,-0.3072
2019-12-17,-0.6358
2019-12-18,-0.17
2019-12-19,-0.8869
2019-12-20,0.3269
2019-12-23,0.3198
2019-12-26,0.4103
2019-12-27,0.1541
2019-12-30,0.5687
2019-12-31,0.062
2020-01-02,-0.0992
2020-01-03,-0.2072
2020-01-06,-0.4568
2020-01-07,0.0594
2020-01-08,0.2745
2020-01-09,0.1692
2020-01-10,0.1113
2020-01-13,-0.2141
2020-01-14,0.384
2020-01-15,0.0552
2020-01-16,-0.2466
2020-01-17,0.2429
2020-01-20,-0.2188
2020-01-21,-0.0339
2020-01-22,0.3717
2020-01-23,-0.0206
2020-01-24,0.0876
2020-01-27,-0.1173
2020-01-28,0.176
2020-01-29,0.2183
2020-01-30,-0.1286
2020-01-31,-0.1409
2020-02-03,0.2211
2020-02-04,0.1272
2020-02-05,0.3544
2020-02-06,-0.1157
2020-02-07,-0.108
2020-02-10,0.3323
2020-02-11,0.3108
2020-02-12,0.3195
2020-02-13,-0.1246
2020-02-14,0.597
2020-02-17,-0.2354
2020-02-18,-0.0417
2020-02-19,0.2431
2020-02-20,-0.2385
2020-02-21,-0.3769
2020-02-26,-0.7307
2020-02-27,-0.1022
2020-02-28,0.0254
2020-03-02,0.7787
2020-03-03,0.1859
2020-03-04,0.1672
2020-03-05,-0.7184
2020-03-06,-0.1379
2020-03-09,-2.177
2020-03-10,0.1732
2020-03-11,-4.2621
2020-03-12,-4.5825
2020-03-13,5.4003
2020-03-16,-0.7707
2020-03-17,0.6329
2020-03-18,-3.8834
2020-03-19,0.2174
2020-03-20,-0.513
2020-03-23,-2.1318
2020-03-24,1.5539
2020-03-25,2.0199
2020-03-26,1.216
2020-03-27,-0.0309
2020-03-30,0.2942
2020-03-31,-0.1393
2020-04-01,-0.5978
2020-04-02,-0.2425
2020-04-03,-0.8933
2020-04-06,0.3939
2020-04-07,0.3175
2020-04-08,0.3886
2020-04-09,0.6297
2020-04-13,0.1321
2020-04-14,0.6684
2020-04-15,0.7599
2020-04-16,0.8395
2020-04-17,0.6583
2020-04-20,0.4778
2020-04-22,0.2167
2020-04-23,-1.1976
2020-04-24,-3.8918
2020-04-27,0.1045
2020-04-28,2.428
2020-04-29,0.5199
2020-04-30,-0.2681
2020-05-04,-0.0942
2020-05-05,0.1278
2020-05-06,-0.0491
2020-05-07,-0.7431
2020-05-08,0.4315
2020-05-11,-0.153
2020-05-12,-0.832
2020-05-13,-0.4532
2020-05-14,0.5772
2020-05-15,0.3247
2020-05-18,0.6419
2020-05-19,0.2416
2020-05-20,0.3644
2020-05-21,0.3727
2020-05-22,-0.1757
2020-05-25,1.2472
2020-05-26,-0.3058
2020-05-27,0.0579
2020-05-28,-0.1258
2020-05-29,0.0747
2020-06-01,-0.0665
2020-06-02,0.723
2020-06-03,0.6275
2020-06-04,-0.0052
2020-06-05,0.2175
2020-06-08,0.2234
2020-06-09,-0.1517
2020-06-10,0.2218
2020-06-12,-0.1055
2020-06-15,-0.1673
2020-06-16,-0.3309
2020-06-17,0.5049
2020-06-18,-0.4513
2020-06-19,0.0066
2020-06-22,-0.5623
2020-06-23,0.4282
2020-06-24,-0.3518
2020-06-25,0.7566
2020-06-26,-0.2782
2020-06-29,0.5417
2020-06-30,0.2639
2020-07-01,0.7855
2020-07-02,0.0467
2020-07-03,0.5155
2020-07-06,0.238
2020-07-07,-0.2734
2020-07-08,0.0808
2020-07-09,0.4187
2020-07-10,0.4861
2020-07-13,-0.1406
2020-07-14,-0.1247
2020-07-15,0.0013
2020-07-16,0.1452
2020-07-17,0.6386
2020-07-20,-0.0648
2020-07-21,0.0859
2020-07-22,0.1823
2020-07-23,-0.1291
2020-07-24,0.2615
2020-07-27,0.4071
2020-07-28,-0.1297
2020-07-29,0.0523
2020-07-30,0.7639
2020-07-31,0.0593
2020-08-03,0.1892
2020-08-04,-0.3108
2020-08-05,-0.3604
2020-08-06,0.3944
2020-08-07,-0.5564
2020-08-10,-0.4273
2020-08-11,-0.1731
2020-08-12,-0.3925
2020-08-13,-0.3807
2020-08-14,0.0516
2020-08-17,-0.0022
2020-08-18,1.0053
2020-08-19,-0.4311
2020-08-20,0.2554
2020-08-21,0.0348
2020-08-24,0.0758
2020-08-25,-0.0715
2020-08-26,-0.6523
2020-08-27,0.0253
2020-08-28,0.3429
2020-08-31,-0.414
2020-09-01,0.2446
2020-09-02,0.0222
2020-09-03,0.2658
2020-09-04,0.1208
2020-09-08,-0.291
2020-09-09,0.2611
2020-09-10,-0.4341
2020-09-11,-0.0537
2020-09-14,0.1925
2020-09-15,-0.2698
2020-09-16,-0.2749
2020-09-17,-0.0396
2020-09-18,-1.2855
2020-09-21,-0.2109
2020-09-22,0.7045
2020-09-23,-0.5342
2020-09-24,0.9081
2020-09-25,-0.1654
2020-09-28,-1.3391
2020-09-29,0.1364
2020-09-30,0.5495
2020-10-01,0.1011
2020-10-02,-0.7856
2020-10-05,0.5174
2020-10-06,-0.1541
2020-10-07,0.0207
2020-10-08,0.3997
2020-10-09,0.3697
2020-10-13,0.0258
2020-10-14,0.1052
2020-10-15,-0.342
2020-10-16,0.0758
2020-10-19,0.3702
2020-10-20,0.2768
2020-10-21,0.0385
2020-10-22,-0.2748
2020-10-23,-0.2344
2020-10-26,-0.0137
2020-10-27,-0.1916
2020-10-28,-0.0068
2020-10-29,0.0814
2020-10-30,-0.1586
2020-11-03,-0.0198
2020-11-04,0.3105
2020-11-05,0.498
2020-11-06,0.5987
2020-11-09,0.3915
2020-11-10,-0.3454
2020-11-11,-0.377
2020-11-12,-0.285
2020-11-13,0.3116
2020-11-16,0.0273
2020-11-17,0.1148
2020-11-18,-0.2395
2020-11-19,0.0269
2020-11-20,-0.3437
2020-11-23,-0.1125
2020-11-24,0.2521
2020-11-25,0.2812
2020-11-26,0.322
2020-11-27,0.5036
2020-11-30,0.0747
2020-12-01,0.7495
2020-12-02,0.3039
2020-12-03,0.8857
2020-12-04,0.0482
2020-12-07,-0.1011
2020-12-08,0.2483
2020-12-09,0.0429
2020-12-10,0.5188
2020-12-11,0.445
2020-12-14,-0.0189
2020-12-15,0.2933
2020-12-16,-0.048
2020-12-17,0.1062
2020-12-18,0.1347
2020-12-21,0.003
2020-12-22,-0.0509
2020-12-23,0.3452
2020-12-24,0.0654
2020-12-28,0.0053
2020-12-29,0.5407
2020-12-30,0.1694
2020-12-31,0.0653
2021-01-04,0.0428
2021-01-05,-0.1672
2021-01-06,-0.2936
2021-01-07,-0.5073
2021-01-08,0.0108
2021-01-11,-0.6704
2021-01-12,0.6434
2021-01-13,-0.2719
2021-01-14,0.4308
2021-01-15,-0.2283
2021-01-18,-0.0604
2021-01-19,-0.2731
2021-01-20,-0.0951
2021-01-21,-0.3039
2021-01-22,-0.3516
2021-01-25,0.0224
2021-01-26,0.2353
2021-01-27,0.2326
2021-01-28,0.3738
2021-01-29,0.3869
2021-02-01,-0.0935
2021-02-02,0.7494
2021-02-03,0.2174
2021-02-04,-0.2412
2021-02-05,0.0799
2021-02-08,-0.0339
2021-02-09,-0.3115
2021-02-10,0.221
2021-02-11,0.0035
2021-02-12,-0.0564
2021-02-17,-0.2626
2021-02-18,0.0864
2021-02-19,-0.1888
2021-02-22,-0.7387
2021-02-23,-0.1186
2021-02-24,-0.3007
2021-02-25,-0.3253
2021-02-26,-0.206
2021-03-01,-0.4025
2021-03-02,-0.2422
2021-03-03,0.1697
2021-03-04,0.9335
2021-03-05,0.9063
2021-03-08,-0.5977
2021-03-09,-0.3215
2021-03-10,0.1608
2021-03-11,0.2407
2021-03-12,-0.2768
2021-03-15,0.0617
2021-03-16,0.1088
2021-03-17,0.0808
2021-03-18,-0.2841
2021-03-19,-0.7894
2021-03-22,-0.3675
2021-03-23,-0.3613
2021-03-24,-0.2532
2021-03-25,0.2153
2021-03-26,0.2528
2021-03-29,-0.1071
2021-03-30,0.1909
2021-03-31,0.2393
2021-04-01,-0.0258
2021-04-05,-0.1248
2021-04-06,-0.163
2021-04-07,-0.0794
2021-04-08,0.7086
2021-04-09,-0.5069
2021-04-12,0.0402
2021-04-13,-0.4233
2021-04-14,0.2071
2021-04-15,0.2449
2021-04-16,0.4141
2021-04-19,0.1458
2021-04-20,-0.4631
2021-04-22,0.6392
2021-04-23,0.19
2021-04-26,0.1067
2021-04-27,-0.0343
2021-04-28,0.1861
2021-04-29,0.0256
2021-04-30,-0.4278
2021-05-03,-0.1004
2021-05-04,-0.5878
2021-05-05,0.0447
2021-05-06,0.1294
2021-05-07,0.4056
2021-05-10,0.0874
2021-05-11,0.4338
2021-05-12,-0.3267
2021-05-13,0.1257
2021-05-14,0.037
2021-05-17,0.474
2021-05-18,-0.6867
2021-05-19,0.0196
2021-05-20,0.3794
2021-05-21,0.0888
2021-05-24,-0.1858
2021-05-25,-0.051
2021-05-26,0.1639
2021-05-27,0.3824
2021-05-28,0.3576
2021-05-31,-0.1282
2021-06-01,0.323
2021-06-02,0.5448
2021-06-04,0.4379
2021-06-07,-0.2211
2021-06-08,0.1526
2021-06-09,0.0297
2021-06-10,-0.2592
2021-06-11,-0.2505
2021-06-14,0.1952
2021-06-15,-0.1326
2021-06-16,0.0081
2021-06-17,-0.7216
2021-06-18,-0.4525
2021-06-21,0.3902
2021-06-22,-0.3136
2021-06-23,0.2191
2021-06-24,0.3434
2021-06-25,-0.0964
2021-06-28,0.3035
2021-06-29,-0.0044
2021-06-30,-0.0656
2021-07-01,-0.0155
2021-07-02,0.3383
2021-07-05,-0.072
2021-07-06,-0.205
2021-07-07,0.3236
2021-07-08,-0.1265
2021-07-09,0.0378
2021-07-12,-0.2331
2021-07-13,-0.08
2021-07-14,0.4185
2021-07-15,0.1801
2021-07-16,0.2952
2021-07-19,0.0249
2021-07-20,0.2967
2021-07-21,0.0109
2021-07-22,0.0624
2021-07-23,-0.4107
2021-07-26,-0.2795
2021-07-27,-0.3798
2021-07-28,-0.0332
2021-07-29,0.1282
2021-07-30,-0.6478
2021-08-02,0.0459
2021-08-03,0.3229
2021-08-04,-0.0852
2021-08-05,-0.6548
2021-08-06,0.071
2021-08-09,-0.4624
2021-08-10,0.084
2021-08-11,-0.1664
2021-08-12,-0.4562
2021-08-13,-0.6571
2021-08-16,-0.3257
2021-08-17,0.1956
2021-08-18,-0.8155
2021-08-19,0.3672
2021-08-20,0.5158
2021-08-23,-0.4072
2021-08-24,0.7545
2021-08-25,0.794
2021-08-26,-0.0541
2021-08-27,0.4056
2021-08-30,-0.1311
2021-08-31,-0.4146
2021-09-01,0.1421
2021-09-02,-0.4096
2021-09-03,-0.1093
2021-09-06,0.0668
2021-09-08,-0.5591
2021-09-09,0.8145
2021-09-10,0.0992
2021-09-13,0.2082
2021-09-14,0.2156
2021-09-15,0.1192
2021-09-16,-0.1797
2021-09-17,-0.2015
2021-09-20,0.0543
2021-09-21,0.2561
2021-09-22,0.0037
2021-09-23,-0.3185
2021-09-24,-0.008
2021-09-27,0.009
2021-09-28,-0.1024
2021-09-29,0.0861
2021-09-30,-0.3118
2021-10-01,0.425
2021-10-04,-0.1671
2021-10-05,-0.1721
2021-10-06,0.2578
2021-10-07,-0.1538
2021-10-08,0.268
2021-10-11,-0.2247
2021-10-13,0.0471
2021-10-14,-0.112
2021-10-15,-0.2922
2021-10-18,-0.1882
2021-10-19,-0.5982
2021-10-20,-0.2588
2021-10-21,-0.5735
2021-10-22,-0.1974
2021-10-25,-0.5777
2021-10-26,-0.3572
2021-10-27,0.3047
2021-10-28,-1.1409
2021-10-29,1.1571
2021-11-01,-0.2259
2021-11-03,1.8814
2021-11-04,-0.448
2021-11-05,-0.109
2021-11-08,0.1285
2021-11-09,0.4802
2021-11-10,0.0471
2021-11-11,0.2375
2021-11-12,0.4657
2021-11-16,-0.2619
2021-11-17,-0.0318
2021-11-18,0.0546
2021-11-19,0.3635
2021-11-22,-0.3117
2021-11-23,0.2156
2021-11-24,0.2482
2021-11-25,-0.06
2021-11-26,0.1468
2021-11-29,0.2857
2021-11-30,0.3257
2021-12-01,-0.3316
2021-12-02,0.3087
2021-12-03,0.649
2021-12-06,-0.1221
2021-12-07,0.1705
2021-12-08,0.3635
2021-12-09,-0.0007
2021-12-10,0.4737
2021-12-13,-0.3551
2021-12-14,-0.0789
2021-12-15,-0.1591
2021-12-16,-0.476
2021-12-17,-0.2792
2021-12-20,0.1316
2021-12-21,0.1749
2021-12-22,0.0837
2021-12-23,-0.1273
2021-12-24,0.0295
2021-12-27,-0.0321
2021-12-28,-0.0163
2021-12-29,-0.4227
2021-12-30,0.2017
2021-12-31,0.0477
2022-01-03,-0.0682
2022-01-04,-0.2483
2022-01-05,-0.3513
2022-01-06,-0.3435
2022-01-07,-0.3474
2022-01-10,-0.1213
2022-01-11,-0.2775
2022-01-12,0.437
2022-01-13,0.0951
2022-01-14,0.1082
2022-01-17,-0.4237
2022-01-18,-0.0072
2022-01-19,0.507
2022-01-20,0.394
2022-01-21,-0.1583
2022-01-24,0.1609
2022-01-25,-0.0715
2022-01-26,-0.1146
2022-01-27,-0.141
2022-01-28,0.1413
2022-01-31,0.1007
2022-02-01,0.2804
2022-02-02,0.4207
2022-02-03,0.3982
2022-02-04,-0.3065
2022-02-07,0.1488
2022-02-08,-0.3334
2022-02-09,-0.2853
2022-02-10,-0.111
2022-02-11,-0.065
2022-02-14,0.1744
2022-02-15,0.2683
2022-02-16,0.0729
2022-02-17,-0.2384
2022-02-18,-0.0593
2022-02-21,0.0703
2022-02-22,-0.1825
2022-02-23,0.2051
2022-02-24,-0.0212
2022-02-25,0.1115
2022-03-02,-0.0043
2022-03-03,-0.0212
2022-03-04,-0.2145
2022-03-07,-0.2586
2022-03-08,-0.1222
2022-03-09,0.4134
2022-03-10,0.0928
2022-03-11,0.0419
2022-03-14,-0.2592
2022-03-15,0.2243
2022-03-16,0.0248
2022-03-17,0.4167
2022-03-18,0.5067
2022-03-21,0.0928
2022-03-22,0.3991
2022-03-23,0.3577
2022-03-24,1.2155
2022-03-25,0.5641
2022-03-28,-0.0694
2022-03-29,-0.1501
2022-03-30,-0.2559
2022-03-31,0.0455
2022-04-01,0.7208
2022-04-04,0.1856
2022-04-05,-0.3508
2022-04-06,0.0741
2022-04-07,0.1775
2022-04-08,-0.1684
2022-04-11,-0.6762
2022-04-12,0.1109
2022-04-13,0.2444
2022-04-14,-0.0076
2022-04-18,0.3273
2022-04-19,-0.0717
2022-04-20,0.1083
2022-04-22,-0.1976
2022-04-25,0.1824
2022-04-26,-0.2467
2022-04-27,0.2236
2022-04-28,0.2223
2022-04-29,-0.0225
2022-05-02,-0.1049
2022-05-03,0.0427
2022-05-04,0.5935
2022-05-05,-0.3077
2022-05-06,-0.2
2022-05-09,0.053
2022-05-10,-0.2454
2022-05-11,0.141
2022-05-12,0.3303
2022-05-13,0.3592
2022-05-16,0.5068
2022-05-17,-0.0838
2022-05-18,-0.0266
2022-05-19,0.0052
2022-05-20,0.0543
2022-05-23,-0.0376
2022-05-24,-0.482
2022-05-25,0.1152
2022-05-26,0.2663
2022-05-27,-0.0732
2022-05-30,-0.4009
2022-05-31,0.4638
2022-06-01,-0.0888
2022-06-02,0.0159
2022-06-03,0.2057
2022-06-06,0.0347
2022-06-07,-0.3201
2022-06-08,0.084
2022-06-09,0.1307
2022-06-10,0.048
2022-06-13,-0.2874
2022-06-14,-0.1755
2022-06-15,0.7597
2022-06-17,0.187
2022-06-20,-0.2921
2022-06-21,-0.2958
2022-06-22,-0.0031
2022-06-23,0.1969
2022-06-24,-0.1843
2022-06-27,-0.0935
2022-06-28,-0.4805
2022-06-29,-0.0708
2022-06-30,0.2722
2022-07-01,-0.2296
2022-07-04,-0.2049
2022-07-05,-0.2043
2022-07-06,-0.2427
2022-07-07,-0.0268
2022-07-08,-0.6047
2022-07-11,-0.3141
2022-07-12,0.1609
2022-07-13,0.2079
2022-07-14,0.1828
2022-07-15,0.3895
2022-07-18,-0.7506
2022-07-19,-0.3333
2022-07-20,0.3535
2022-07-21,-0.0017
2022-07-22,0.2283
2022-07-25,-0.0682
2022-07-26,-0.2861
2022-07-27,0.1906
2022-07-28,0.3443
2022-07-29,0.3387
2022-08-01,0.0469
2022-08-02,-0.2491
2022-08-03,0.2471
2022-08-04,1.239
2022-08-05,0.2408
2022-08-08,0.5137
2022-08-09,-0.3652
2022-08-10,0.0011
2022-08-11,-0.2803
2022-08-12,0.6329
2022-08-15,0.5543
2022-08-16,-0.5618
2022-08-17,-0.1255
2022-08-18,-0.0095
2022-08-19,-0.2133
2022-08-22,-0.2054
2022-08-23,0.4335
2022-08-24,-0.0949
2022-08-25,-0.4827
2022-08-26,0.1364
2022-08-29,-0.4809
2022-08-30,0.0588
2022-08-31,0.0829
2022-09-01,0.6719
2022-09-02,0.1823
2022-09-05,-0.1024
2022-09-06,-0.4003
2022-09-08,0.341
2022-09-09,0.0279
2022-09-12,-0.2456
2022-09-13,-0.2083
2022-09-14,-0.0052
2022-09-15,-0.2814
2022-09-16,0.3217
2022-09-19,0.3074
2022-09-20,0.1184
2022-09-21,0.2456
2022-09-22,0.5354
2022-09-23,-0.3074
2022-09-26,-0.4256
2022-09-27,0.1876
2022-09-28,-0.227
2022-09-29,0.1829
2022-09-30,0.5603
2022-10-03,0.1841
2022-10-04,-0.003
2022-10-05,0.0766
2022-10-06,-0.1526
2022-10-07,-0.1628
2022-10-10,-0.0681
2022-10-11,-0.09
2022-10-13,0.0507
2022-10-14,-0.0199
2022-10-17,0.2453
2022-10-18,0.1099
2022-10-19,0.0511
2022-10-20,0.0794
2022-10-21,0.2503
2022-10-24,-0.2465
2022-10-25,0.0021
2022-10-26,-0.1655
2022-10-27,0.2536
2022-10-28,0.1491
2022-10-31,0.6856
2022-11-01,-0.0073
2022-11-03,-0.1947
2022-11-04,-0.0348
2022-11-07,-0.5061
2022-11-08,0.055
2022-11-09,-0.085
2022-11-10,-1.4699
2022-11-11,-0.0328
2022-11-14,0.8345
2022-11-16,-0.5702
2022-11-17,0.0255
2022-11-18,-0.3701
2022-11-21,0.173
2022-11-22,-0.5233
2022-11-23,-0.3843
2022-11-24,0.6251
2022-11-25,-0.5226
2022-11-28,0.3472
2022-11-29,1.1411
2022-11-30,0.7372
2022-12-01,-0.2908
2022-12-02,0.2728
2022-12-05,-0.5381
2022-12-06,-0.4113
2022-12-07,0.158
2022-12-08,-0.1166
2022-12-09,-0.2749
2022-12-12,-0.5666
2022-12-13,-0.2627
2022-12-14,-0.0415
2022-12-15,0.1762
2022-12-16,-0.3462
2022-12-19,-0.0839
2022-12-20,0.4824
2022-12-21,-0.0437
2022-12-22,0.2985
2022-12-23,0.485
2022-12-26,0.0433
2022-12-27,0.1156
2022-12-28,0.6495
2022-12-29,0.0684
2022-12-30,0.0434
2023-01-02,-0.6745
2023-01-03,-0.5598
2023-01-04,-0.2454
2023-01-05,0.2831
2023-01-06,0.4025
2023-01-09,0.0475
2023-01-10,0.6393
2023-01-11,0.7042
2023-01-12,0.272
2023-01-13,-0.0256
2023-01-16,-0.4472
2023-01-17,0.2784
2023-01-18,-0.0808
2023-01-19,0.0977
2023-01-20,-0.6222
2023-01-23,-0.3251
2023-01-24,0.4483
2023-01-25,0.1046
2023-01-26,-0.2063
2023-01-27,-0.2444
2023-01-30,0.0755
2023-01-31,0.0932
2023-02-01,0.0783
2023-02-02,-0.0951
2023-02-03,-0.4757
2023-02-06,0.4328
2023-02-07,0.1397
2023-02-08,0.4289
2023-02-09,-0.2399
2023-02-10,0.2196
2023-02-13,0.0246
2023-02-14,0.2415
2023-02-15,0.7811
2023-02-16,0.1298
2023-02-17,0.3333
2023-02-22,-0.3626
2023-02-23,-0.1244
2023-02-24,-0.2558
