Variação_Diária_(%),data
0.0,2010-12-30
0.1483,2011-01-03
0.0369,2011-01-04
0.1325,2011-01-05
-0.0065,2011-01-06
-0.0251,2011-01-07
0.0035,2011-01-10
0.0681,2011-01-11
0.1308,2011-01-12
0.0474,2011-01-13
0.0326,2011-01-14
0.058,2011-01-18
-0.0465,2011-01-19
0.0059,2011-01-20
-0.0186,2011-01-21
-0.0093,2011-01-24
0.0166,2011-01-26
-0.0079,2011-01-27
-0.0732,2011-01-28
0.0552,2011-01-31
0.1696,2011-02-01
-0.0246,2011-02-02
0.0304,2011-02-03
-0.0973,2011-02-04
0.0203,2011-02-07
0.1455,2011-02-08
-0.1058,2011-02-09
0.0425,2011-02-10
0.1559,2011-02-11
0.0602,2011-02-14
0.0201,2011-02-15
0.1644,2011-02-16
0.0618,2011-02-17
0.0598,2011-02-18
-0.0885,2011-02-22
0.0595,2011-02-23
0.0014,2011-02-24
0.0429,2011-02-25
0.1118,2011-02-28
-0.0138,2011-03-01
0.1161,2011-03-02
0.1274,2011-03-03
0.0406,2011-03-04
-0.0118,2011-03-09
-0.0189,2011-03-10
0.0687,2011-03-11
0.0619,2011-03-14
-0.0219,2011-03-15
-0.0599,2011-03-16
0.0479,2011-03-17
0.148,2011-03-18
0.0435,2011-03-21
0.1524,2011-03-22
0.1305,2011-03-23
0.0163,2011-03-24
0.0809,2011-03-25
0.0171,2011-03-28
0.0449,2011-03-29
0.1763,2011-03-30
0.1339,2011-03-31
0.1733,2011-04-01
0.0796,2011-04-04
0.0225,2011-04-05
-0.0072,2011-04-06
0.0746,2011-04-07
-0.0067,2011-04-08
-0.0142,2011-04-11
-0.031,2011-04-12
-0.0158,2011-04-13
0.0456,2011-04-14
0.0837,2011-04-15
-0.1156,2011-04-18
0.1106,2011-04-19
0.1145,2011-04-20
-0.0298,2011-04-25
0.0746,2011-04-26
0.0035,2011-04-27
0.0036,2011-04-28
0.0986,2011-04-29
0.0223,2011-05-02
-0.0723,2011-05-03
-0.0285,2011-05-04
0.0013,2011-05-05
0.106,2011-05-06
0.0634,2011-05-09
0.0807,2011-05-10
-0.0539,2011-05-11
0.0648,2011-05-12
-0.0331,2011-05-13
0.0249,2011-05-16
0.1101,2011-05-17
-0.063,2011-05-18
-0.0401,2011-05-19
0.0362,2011-05-20
-0.0327,2011-05-23
0.1212,2011-05-24
0.0502,2011-05-25
0.117,2011-05-26
0.0856,2011-05-27
0.1299,2011-05-31
-0.0992,2011-06-01
0.09,2011-06-02
0.0068,2011-06-03
-0.1016,2011-06-06
0.0534,2011-06-07
0.0324,2011-06-08
0.0675,2011-06-09
-0.0365,2011-06-10
-0.0196,2011-06-13
0.0724,2011-06-14
0.0024,2011-06-15
-0.0351,2011-06-16
0.0542,2011-06-17
0.0614,2011-06-20
0.0827,2011-06-21
0.0215,2011-06-22
0.02,2011-06-24
0.1822,2011-06-28
0.0614,2011-06-29
0.0571,2011-06-30
0.1641,2011-07-01
0.0202,2011-07-05
-0.0013,2011-07-06
0.0176,2011-07-07
-0.0285,2011-07-08
-0.0963,2011-07-11
-0.0148,2011-07-12
0.1599,2011-07-13
-0.0473,2011-07-14
0.0249,2011-07-15
-0.0107,2011-07-18
0.0902,2011-07-19
0.0328,2011-07-20
0.185,2011-07-21
0.0424,2011-07-22
0.0115,2011-07-25
-0.0125,2011-07-26
-0.0654,2011-07-27
0.0636,2011-07-28
0.0536,2011-07-29
0.0457,2011-08-01
-0.102,2011-08-02
-0.1259,2011-08-03
-0.3471,2011-08-04
0.048,2011-08-05
-0.5257,2011-08-08
0.4324,2011-08-09
0.0209,2011-08-10
0.3009,2011-08-11
0.1397,2011-08-12
0.2109,2011-08-15
0.0357,2011-08-16
0.2195,2011-08-17
-0.1153,2011-08-18
-0.0166,2011-08-19
0.0473,2011-08-22
0.2698,2011-08-23
0.064,2011-08-24
-0.0277,2011-08-25
0.6051,2011-08-29
0.1069,2011-08-30
0.2629,2011-08-31
0.5793,2011-09-01
-0.2527,2011-09-02
0.1029,2011-09-06
0.0786,2011-09-08
-0.1009,2011-09-09
0.0751,2011-09-12
-0.0001,2011-09-13
0.0966,2011-09-14
0.0598,2011-09-15
0.1558,2011-09-16
-0.0108,2011-09-19
-0.0513,2011-09-20
-0.117,2011-09-21
-0.2999,2011-09-22
0.1834,2011-09-23
0.1968,2011-09-26
0.0441,2011-09-27
-0.0478,2011-09-28
0.0238,2011-09-29
-0.0458,2011-09-30
-0.0195,2011-10-03
-0.046,2011-10-04
0.1359,2011-10-05
0.1636,2011-10-06
-0.0769,2011-10-07
0.2407,2011-10-10
0.1294,2011-10-11
0.0728,2011-10-13
0.0487,2011-10-14
-0.075,2011-10-17
0.189,2011-10-18
0.0269,2011-10-19
-0.1992,2011-10-20
0.2031,2011-10-21
0.1809,2011-10-24
-0.0502,2011-10-25
0.1763,2011-10-26
0.28,2011-10-27
0.0788,2011-10-28
-0.0753,2011-10-31
-0.1294,2011-11-01
0.1478,2011-11-03
0.1017,2011-11-04
0.121,2011-11-07
0.0276,2011-11-08
-0.0345,2011-11-09
0.0011,2011-11-10
0.2028,2011-11-11
0.0363,2011-11-14
0.0851,2011-11-16
-0.1681,2011-11-17
-0.0048,2011-11-18
-0.0747,2011-11-21
-0.0573,2011-11-22
-0.0426,2011-11-23
0.1397,2011-11-25
0.156,2011-11-28
-0.0057,2011-11-29
0.3096,2011-11-30
0.0861,2011-12-01
0.0265,2011-12-02
0.1279,2011-12-05
0.1177,2011-12-06
0.0286,2011-12-07
-0.094,2011-12-08
0.0925,2011-12-09
-0.0424,2011-12-12
0.0584,2011-12-13
-0.0627,2011-12-14
-0.021,2011-12-15
0.0096,2011-12-16
-0.0722,2011-12-19
0.2305,2011-12-20
0.0388,2011-12-21
-0.0009,2011-12-22
0.0484,2011-12-23
0.1039,2011-12-27
-0.1117,2011-12-28
0.1231,2011-12-29
0.3752,2012-01-03
0.0127,2012-01-04
-0.0547,2012-01-05
0.079,2012-01-06
0.0801,2012-01-09
0.1555,2012-01-10
0.0548,2012-01-11
0.0186,2012-01-12
-0.0156,2012-01-13
0.21,2012-01-17
0.1579,2012-01-18
0.0969,2012-01-19
0.1158,2012-01-20
0.0103,2012-01-23
0.0454,2012-01-24
0.247,2012-01-26
0.08,2012-01-27
0.0696,2012-01-30
0.0818,2012-01-31
0.1866,2012-02-01
0.0974,2012-02-02
0.0934,2012-02-03
0.0253,2012-02-06
0.1133,2012-02-07
0.0906,2012-02-08
0.0427,2012-02-09
-0.0509,2012-02-10
0.173,2012-02-13
0.002,2012-02-14
0.0822,2012-02-15
0.143,2012-02-16
0.1007,2012-02-17
0.0321,2012-02-22
0.0079,2012-02-23
-0.0068,2012-02-24
-0.0266,2012-02-27
0.2322,2012-02-29
0.1608,2012-03-01
0.1972,2012-03-02
-0.028,2012-03-05
-0.1438,2012-03-06
0.1682,2012-03-07
0.2633,2012-03-08
0.1236,2012-03-09
0.0021,2012-03-12
0.2302,2012-03-13
-0.0097,2012-03-14
-0.0601,2012-03-15
-0.0037,2012-03-16
-0.0016,2012-03-19
0.009,2012-03-20
0.0262,2012-03-21
-0.0982,2012-03-22
0.0468,2012-03-23
0.0931,2012-03-26
-0.0129,2012-03-27
-0.0526,2012-03-28
0.0112,2012-03-29
-0.0095,2012-03-30
0.1463,2012-04-02
-0.0311,2012-04-03
-0.0187,2012-04-04
0.037,2012-04-05
-0.0365,2012-04-09
-0.0932,2012-04-10
-0.0121,2012-04-11
0.2345,2012-04-12
-0.0592,2012-04-13
0.0076,2012-04-16
0.1393,2012-04-17
0.077,2012-04-18
0.1133,2012-04-19
0.0329,2012-04-20
-0.0537,2012-04-23
0.1233,2012-04-24
0.0706,2012-04-25
0.0906,2012-04-26
0.0657,2012-04-27
0.0489,2012-04-30
0.2102,2012-05-02
0.0162,2012-05-03
0.0442,2012-05-04
0.1673,2012-05-07
-0.1414,2012-05-08
-0.0942,2012-05-09
0.1297,2012-05-10
0.0185,2012-05-11
-0.1174,2012-05-14
-0.0623,2012-05-15
0.0189,2012-05-16
-0.167,2012-05-17
0.083,2012-05-18
0.186,2012-05-21
-0.3588,2012-05-22
0.0046,2012-05-23
-0.205,2012-05-24
0.1079,2012-05-25
0.1642,2012-05-29
-0.0571,2012-05-30
0.1383,2012-05-31
-0.1021,2012-06-01
-0.1154,2012-06-04
-0.0551,2012-06-05
0.1932,2012-06-06
0.1522,2012-06-08
-0.0503,2012-06-11
0.178,2012-06-12
0.1109,2012-06-13
0.0291,2012-06-14
0.0594,2012-06-15
0.0937,2012-06-18
0.1579,2012-06-19
0.0349,2012-06-20
-0.1167,2012-06-21
0.0326,2012-06-22
-0.1133,2012-06-25
0.0487,2012-06-26
-0.0337,2012-06-27
-0.0038,2012-06-28
0.2727,2012-06-29
0.1151,2012-07-02
0.1869,2012-07-03
0.0792,2012-07-05
-0.0218,2012-07-06
-0.0406,2012-07-10
0.1024,2012-07-11
-0.003,2012-07-12
0.1674,2012-07-13
-0.0053,2012-07-16
0.0514,2012-07-17
0.1407,2012-07-18
0.176,2012-07-19
-0.0075,2012-07-20
-0.0099,2012-07-23
-0.0352,2012-07-24
0.0324,2012-07-25
0.1218,2012-07-26
0.1923,2012-07-27
0.1205,2012-07-30
-0.073,2012-07-31
0.089,2012-08-01
-0.0338,2012-08-02
0.1546,2012-08-03
0.1384,2012-08-06
0.026,2012-08-07
0.1644,2012-08-08
0.03,2012-08-09
0.0257,2012-08-10
0.007,2012-08-13
-0.0632,2012-08-14
0.0597,2012-08-15
0.0315,2012-08-16
0.0077,2012-08-17
-0.0477,2012-08-20
0.0164,2012-08-21
0.0467,2012-08-22
-0.081,2012-08-23
0.0364,2012-08-24
0.0233,2012-08-27
0.1268,2012-08-28
-0.0602,2012-08-29
-0.0352,2012-08-30
0.0315,2012-08-31
0.0424,2012-09-04
0.112,2012-09-05
0.1602,2012-09-06
-0.0125,2012-09-10
0.1298,2012-09-11
0.0874,2012-09-12
0.2502,2012-09-13
0.0328,2012-09-14
0.0236,2012-09-17
0.0298,2012-09-19
0.0843,2012-09-20
0.028,2012-09-21
0.1145,2012-09-24
-0.0508,2012-09-25
0.0072,2012-09-26
0.0152,2012-09-27
-0.024,2012-09-28
0.0839,2012-10-01
0.0333,2012-10-02
0.0335,2012-10-04
0.2555,2012-10-05
0.052,2012-10-08
-0.0014,2012-10-09
-0.0272,2012-10-10
0.1444,2012-10-11
0.0531,2012-10-15
0.0583,2012-10-16
0.0085,2012-10-17
0.0111,2012-10-18
-0.0448,2012-10-19
0.0129,2012-10-22
-0.0734,2012-10-23
-0.0428,2012-10-24
0.0637,2012-10-25
-0.0154,2012-10-26
0.0752,2012-10-31
0.1574,2012-11-01
-0.0046,2012-11-05
0.1285,2012-11-06
-0.0439,2012-11-07
-0.1017,2012-11-08
-0.0133,2012-11-09
-0.0398,2012-11-12
0.0189,2012-11-13
-0.1796,2012-11-14
0.0066,2012-11-16
0.178,2012-11-19
0.0167,2012-11-21
0.2186,2012-11-23
-0.0588,2012-11-26
0.0558,2012-11-27
0.0796,2012-11-28
0.1708,2012-11-29
0.0718,2012-11-30
0.1355,2012-12-03
0.0688,2012-12-04
0.0471,2012-12-05
0.2071,2012-12-06
0.0916,2012-12-07
0.0625,2012-12-10
0.0253,2012-12-11
0.0392,2012-12-12
0.0538,2012-12-13
0.0486,2012-12-14
0.0339,2012-12-17
0.1133,2012-12-18
0.0957,2012-12-19
0.0168,2012-12-20
0.0543,2012-12-26
0.0043,2012-12-27
0.0653,2012-12-28
0.3166,2013-01-02
0.1335,2013-01-03
-0.0285,2013-01-04
-0.0272,2013-01-07
-0.069,2013-01-08
0.1115,2013-01-09
0.0812,2013-01-10
0.015,2013-01-11
0.0588,2013-01-14
-0.011,2013-01-15
0.0201,2013-01-16
0.0376,2013-01-17
-0.0144,2013-01-18
0.0509,2013-01-22
0.0662,2013-01-23
-0.1711,2013-01-24
-0.0457,2013-01-28
0.0855,2013-01-29
-0.0705,2013-01-30
0.0373,2013-01-31
0.095,2013-02-01
-0.0811,2013-02-04
-0.0484,2013-02-05
-0.0449,2013-02-06
-0.0653,2013-02-07
0.0429,2013-02-08
0.0369,2013-02-13
-0.0573,2013-02-14
-0.0373,2013-02-15
-0.0132,2013-02-19
-0.1383,2013-02-20
0.0214,2013-02-21
0.0244,2013-02-22
0.0352,2013-02-25
0.0742,2013-02-26
0.0819,2013-02-27
0.0493,2013-02-28
0.0279,2013-03-01
0.0006,2013-03-04
0.0127,2013-03-05
0.2194,2013-03-06
0.0402,2013-03-07
-0.0179,2013-03-08
0.0413,2013-03-11
-0.0242,2013-03-12
-0.1106,2013-03-13
0.0636,2013-03-14
-0.0042,2013-03-15
0.0407,2013-03-18
-0.0275,2013-03-19
-0.0115,2013-03-20
-0.0748,2013-03-21
0.0139,2013-03-22
-0.0056,2013-03-25
0.1168,2013-03-26
0.0887,2013-03-27
0.0526,2013-03-28
-0.0744,2013-04-01
-0.0359,2013-04-02
0.0053,2013-04-03
-0.0358,2013-04-04
0.1427,2013-04-05
0.0395,2013-04-08
0.0955,2013-04-09
0.0876,2013-04-10
-0.0783,2013-04-11
-0.1798,2013-04-12
-0.2731,2013-04-15
0.1583,2013-04-16
-0.0938,2013-04-17
0.2991,2013-04-18
0.1154,2013-04-19
0.0948,2013-04-22
0.1251,2013-04-23
0.0088,2013-04-24
-0.0226,2013-04-25
-0.0496,2013-04-26
0.0958,2013-04-29
0.1366,2013-04-30
0.0274,2013-05-02
0.0344,2013-05-03
0.0503,2013-05-06
0.1303,2013-05-07
0.0103,2013-05-08
-0.0169,2013-05-09
-0.0317,2013-05-10
-0.034,2013-05-13
0.0384,2013-05-14
0.1042,2013-05-15
-0.0253,2013-05-16
0.0324,2013-05-17
0.0291,2013-05-20
0.0959,2013-05-21
0.0165,2013-05-22
-0.0266,2013-05-23
-0.0299,2013-05-24
-0.03,2013-05-28
-0.0519,2013-05-29
-0.4431,2013-05-31
0.0113,2013-06-03
0.0982,2013-06-04
-0.1825,2013-06-05
-0.0713,2013-06-06
-0.1209,2013-06-07
-0.1738,2013-06-10
-0.3044,2013-06-11
-0.1324,2013-06-12
0.3517,2013-06-13
-0.2171,2013-06-14
-0.1013,2013-06-17
-0.1373,2013-06-18
-0.2985,2013-06-19
-0.0182,2013-06-20
-0.019,2013-06-21
0.0558,2013-06-24
0.3011,2013-06-25
0.1004,2013-06-26
0.1899,2013-06-27
-0.0332,2013-06-28
0.0319,2013-07-01
-0.1379,2013-07-02
0.0126,2013-07-03
-0.0607,2013-07-05
0.0803,2013-07-08
0.0615,2013-07-10
0.1386,2013-07-11
-0.0645,2013-07-12
0.1494,2013-07-15
0.0777,2013-07-16
0.1157,2013-07-17
0.1018,2013-07-18
0.0713,2013-07-19
0.2038,2013-07-22
0.1014,2013-07-23
-0.0219,2013-07-24
0.0732,2013-07-25
0.0397,2013-07-26
-0.0613,2013-07-29
-0.1043,2013-07-30
0.0257,2013-07-31
0.0489,2013-08-01
0.0594,2013-08-05
-0.134,2013-08-06
0.0574,2013-08-07
0.2031,2013-08-08
0.1607,2013-08-09
-0.0395,2013-08-13
-0.0465,2013-08-14
-0.0198,2013-08-15
0.0427,2013-08-16
-0.1034,2013-08-19
0.112,2013-08-20
-0.093,2013-08-21
0.1663,2013-08-22
0.241,2013-08-23
-0.0953,2013-08-26
-0.1411,2013-08-27
-0.0022,2013-08-28
-0.0456,2013-08-29
0.0516,2013-08-30
0.2171,2013-09-03
0.0494,2013-09-04
0.054,2013-09-05
0.18,2013-09-06
0.0877,2013-09-09
0.0481,2013-09-10
-0.0102,2013-09-11
-0.0356,2013-09-12
0.0897,2013-09-13
0.0469,2013-09-16
0.0717,2013-09-17
0.3024,2013-09-18
-0.063,2013-09-19
-0.0619,2013-09-20
0.0593,2013-09-23
0.0273,2013-09-24
0.0114,2013-09-25
-0.0219,2013-09-26
0.0174,2013-09-27
-0.1534,2013-09-30
0.0853,2013-10-01
-0.0141,2013-10-02
0.0159,2013-10-03
0.1003,2013-10-04
-0.0119,2013-10-07
0.0089,2013-10-08
0.1081,2013-10-09
-0.013,2013-10-10
0.0511,2013-10-11
0.1297,2013-10-14
0.0895,2013-10-15
0.1202,2013-10-16
-0.0678,2013-10-17
0.0427,2013-10-18
0.0888,2013-10-21
0.1294,2013-10-22
-0.0377,2013-10-23
-0.0246,2013-10-24
-0.0366,2013-10-25
0.0867,2013-10-28
0.01,2013-10-29
0.0178,2013-10-30
0.032,2013-10-31
-0.0267,2013-11-01
0.0554,2013-11-04
-0.06,2013-11-05
-0.0256,2013-11-06
-0.1598,2013-11-07
-0.0508,2013-11-08
0.0757,2013-11-11
0.0166,2013-11-12
0.1565,2013-11-13
0.26,2013-11-14
0.1312,2013-11-18
-0.1803,2013-11-19
-0.0153,2013-11-21
0.04,2013-11-22
-0.0719,2013-11-25
0.005,2013-11-26
0.0991,2013-11-27
0.1998,2013-11-29
-0.1611,2013-12-02
-0.0881,2013-12-03
0.0316,2013-12-04
0.0775,2013-12-05
0.0464,2013-12-06
0.0781,2013-12-09
0.0465,2013-12-10
-0.0365,2013-12-11
0.0742,2013-12-12
0.0141,2013-12-13
0.063,2013-12-16
-0.0181,2013-12-17
0.144,2013-12-18
0.1213,2013-12-19
-0.0247,2013-12-20
0.048,2013-12-23
0.056,2013-12-26
0.0806,2013-12-27
0.1218,2013-12-30
-0.0573,2014-01-02
0.0655,2014-01-03
0.0143,2014-01-06
-0.0047,2014-01-07
0.0616,2014-01-08
-0.1086,2014-01-09
0.0663,2014-01-10
-0.0765,2014-01-13
0.061,2014-01-14
0.1091,2014-01-15
-0.0595,2014-01-16
-0.0287,2014-01-17
-0.1047,2014-01-21
0.1218,2014-01-22
-0.1715,2014-01-23
-0.1008,2014-01-24
-0.0188,2014-01-27
0.032,2014-01-28
-0.0863,2014-01-29
-0.1026,2014-01-30
0.0967,2014-01-31
-0.2328,2014-02-03
0.1691,2014-02-04
0.0647,2014-02-05
0.185,2014-02-06
0.173,2014-02-07
0.0142,2014-02-10
0.1283,2014-02-11
-0.005,2014-02-12
-0.0081,2014-02-13
0.1299,2014-02-14
0.0412,2014-02-18
0.0759,2014-02-19
0.1032,2014-02-20
0.0805,2014-02-21
0.0602,2014-02-24
-0.0375,2014-02-25
0.0728,2014-02-26
0.1818,2014-02-27
-0.012,2014-02-28
-0.0113,2014-03-05
0.0902,2014-03-06
-0.049,2014-03-07
-0.1167,2014-03-10
0.047,2014-03-11
0.0835,2014-03-12
-0.0039,2014-03-13
-0.0564,2014-03-14
0.0767,2014-03-17
0.1279,2014-03-18
0.0499,2014-03-19
0.1085,2014-03-20
0.0676,2014-03-21
0.1041,2014-03-24
0.0574,2014-03-25
0.0305,2014-03-26
0.1733,2014-03-27
0.0584,2014-03-28
0.1339,2014-03-31
0.0341,2014-04-01
0.2272,2014-04-02
0.0646,2014-04-03
-0.0746,2014-04-04
0.075,2014-04-07
-0.0656,2014-04-08
0.0032,2014-04-09
0.0107,2014-04-10
0.1037,2014-04-11
0.0348,2014-04-14
-0.0182,2014-04-15
0.1466,2014-04-16
0.1242,2014-04-17
0.0025,2014-04-22
-0.0088,2014-04-23
0.0664,2014-04-24
0.0152,2014-04-25
0.0223,2014-04-28
0.0934,2014-04-29
0.0313,2014-04-30
0.19,2014-05-02
0.0803,2014-05-05
0.0313,2014-05-06
0.081,2014-05-07
-0.0578,2014-05-08
-0.021,2014-05-09
0.1361,2014-05-12
0.0319,2014-05-13
0.1086,2014-05-14
-0.0222,2014-05-15
0.0536,2014-05-16
-0.0132,2014-05-19
-0.0846,2014-05-20
0.0571,2014-05-21
0.1554,2014-05-22
0.0276,2014-05-23
0.0446,2014-05-27
0.1458,2014-05-28
0.0346,2014-05-29
-0.0184,2014-05-30
0.059,2014-06-02
0.0398,2014-06-03
0.0541,2014-06-04
0.0435,2014-06-05
0.2837,2014-06-06
0.1191,2014-06-09
0.0459,2014-06-10
0.0931,2014-06-11
0.1096,2014-06-13
-0.0172,2014-06-16
0.0126,2014-06-17
0.14,2014-06-18
-0.0361,2014-06-20
0.0016,2014-06-23
0.0642,2014-06-24
-0.0396,2014-06-25
0.0502,2014-06-26
-0.0382,2014-06-27
0.0345,2014-06-30
0.0739,2014-07-01
0.0156,2014-07-02
0.1496,2014-07-03
0.0643,2014-07-07
0.01,2014-07-08
0.1105,2014-07-10
0.0249,2014-07-11
0.1362,2014-07-14
0.046,2014-07-15
0.0339,2014-07-16
0.0667,2014-07-17
0.216,2014-07-18
0.0903,2014-07-21
0.122,2014-07-22
-0.0558,2014-07-23
0.0162,2014-07-24
0.0732,2014-07-25
0.003,2014-07-28
-0.0219,2014-07-29
0.0083,2014-07-30
-0.1011,2014-07-31
-0.0653,2014-08-01
0.1021,2014-08-04
-0.1185,2014-08-05
0.1243,2014-08-06
-0.0497,2014-08-07
0.0386,2014-08-08
0.1824,2014-08-11
0.0065,2014-08-12
-0.0866,2014-08-13
0.0886,2014-08-14
0.1969,2014-08-15
0.1409,2014-08-18
0.1396,2014-08-19
0.0629,2014-08-20
0.0333,2014-08-21
0.0492,2014-08-22
0.1955,2014-08-25
0.0555,2014-08-26
0.1603,2014-08-27
-0.0137,2014-08-28
0.1848,2014-08-29
0.2007,2014-09-02
0.0169,2014-09-03
-0.0788,2014-09-04
0.0193,2014-09-05
-0.1667,2014-09-08
-0.1066,2014-09-09
0.005,2014-09-10
0.114,2014-09-11
-0.2135,2014-09-12
0.1597,2014-09-15
0.1757,2014-09-16
0.0711,2014-09-17
-0.0458,2014-09-18
0.0111,2014-09-19
-0.1233,2014-09-22
0.0305,2014-09-23
0.1484,2014-09-24
-0.0564,2014-09-25
0.2013,2014-09-26
-0.3558,2014-09-29
0.0169,2014-09-30
-0.1243,2014-10-01
0.0758,2014-10-02
0.1872,2014-10-03
0.2312,2014-10-06
0.0615,2014-10-07
0.0389,2014-10-08
0.0134,2014-10-09
-0.2154,2014-10-10
0.2964,2014-10-13
0.0078,2014-10-14
-0.205,2014-10-15
-0.1689,2014-10-16
0.2007,2014-10-17
-0.1232,2014-10-20
-0.1875,2014-10-21
0.0415,2014-10-22
-0.0938,2014-10-23
0.1868,2014-10-24
-0.0132,2014-10-27
0.2469,2014-10-28
-0.1364,2014-10-29
0.0101,2014-10-30
0.4025,2014-10-31
0.0012,2014-11-03
0.0454,2014-11-04
0.0265,2014-11-05
-0.0765,2014-11-06
0.0716,2014-11-07
-0.0072,2014-11-10
-0.0066,2014-11-11
0.0621,2014-11-12
-0.081,2014-11-13
0.0644,2014-11-14
-0.0357,2014-11-17
0.1318,2014-11-18
0.1585,2014-11-19
0.3663,2014-11-21
0.1057,2014-11-25
0.0319,2014-11-26
0.0733,2014-11-28
-0.2809,2014-12-01
-0.0422,2014-12-02
0.0365,2014-12-03
0.0616,2014-12-04
0.1255,2014-12-05
-0.169,2014-12-08
-0.017,2014-12-09
-0.0779,2014-12-10
0.0689,2014-12-11
-0.2265,2014-12-12
-0.134,2014-12-15
-0.0742,2014-12-16
0.2338,2014-12-17
0.055,2014-12-18
0.1738,2014-12-19
0.1222,2014-12-22
0.175,2014-12-23
-0.0054,2014-12-26
0.0923,2014-12-29
-0.0252,2014-12-30
-0.0283,2015-01-02
-0.0399,2015-01-05
0.0745,2015-01-06
0.2181,2015-01-07
0.1295,2015-01-08
-0.0779,2015-01-09
-0.0769,2015-01-12
0.0818,2015-01-13
0.0016,2015-01-14
0.1267,2015-01-15
0.2229,2015-01-16
-0.0101,2015-01-20
0.191,2015-01-21
0.0272,2015-01-22
0.0212,2015-01-23
0.0006,2015-01-26
-0.0148,2015-01-27
-0.0989,2015-01-28
0.1541,2015-01-29
-0.0014,2015-01-30
0.1529,2015-02-02
0.2481,2015-02-03
0.1034,2015-02-04
0.0641,2015-02-05
0.0627,2015-02-06
0.0372,2015-02-09
-0.0642,2015-02-10
-0.0622,2015-02-11
0.2223,2015-02-12
0.1813,2015-02-13
0.1202,2015-02-18
0.084,2015-02-19
0.0262,2015-02-20
0.0689,2015-02-23
0.1269,2015-02-24
0.0692,2015-02-25
0.0845,2015-02-26
0.1312,2015-02-27
0.0244,2015-03-02
0.0847,2015-03-03
-0.0221,2015-03-04
0.0368,2015-03-05
0.0318,2015-03-06
-0.0552,2015-03-09
-0.0855,2015-03-10
0.1687,2015-03-11
0.0619,2015-03-12
0.1218,2015-03-13
0.0848,2015-03-16
0.2338,2015-03-17
0.1778,2015-03-18
-0.0226,2015-03-19
0.1313,2015-03-20
-0.0026,2015-03-23
-0.0419,2015-03-24
0.0827,2015-03-25
-0.1071,2015-03-26
0.0126,2015-03-27
0.1801,2015-03-30
0.0414,2015-03-31
0.1982,2015-04-01
0.0885,2015-04-02
0.1167,2015-04-06
0.0403,2015-04-07
0.0294,2015-04-08
0.0232,2015-04-09
0.1596,2015-04-10
0.0482,2015-04-13
-0.0088,2015-04-14
0.154,2015-04-15
-0.021,2015-04-16
-0.0529,2015-04-17
-0.1183,2015-04-20
0.0953,2015-04-22
0.0853,2015-04-23
0.0785,2015-04-24
-0.0291,2015-04-27
0.0846,2015-04-28
0.0528,2015-04-29
0.0441,2015-04-30
0.2097,2015-05-04
0.0689,2015-05-05
-0.0489,2015-05-06
-0.0167,2015-05-07
0.1372,2015-05-08
0.0743,2015-05-11
-0.0401,2015-05-12
0.0291,2015-05-13
0.1899,2015-05-14
0.161,2015-05-15
-0.0906,2015-05-18
-0.0457,2015-05-19
0.0535,2015-05-20
0.1019,2015-05-21
0.0521,2015-05-22
0.0755,2015-05-26
0.1106,2015-05-27
0.063,2015-05-28
-0.1176,2015-05-29
0.0655,2015-06-01
0.0529,2015-06-02
-0.0318,2015-06-03
-0.0233,2015-06-05
0.0379,2015-06-08
0.0286,2015-06-09
0.1585,2015-06-10
-0.0039,2015-06-11
0.0274,2015-06-12
-0.0197,2015-06-15
0.1086,2015-06-16
0.0082,2015-06-17
0.1536,2015-06-18
0.0501,2015-06-19
0.1439,2015-06-22
0.087,2015-06-23
0.0132,2015-06-24
-0.0654,2015-06-25
0.1239,2015-06-26
-0.1484,2015-06-29
0.0372,2015-06-30
0.0501,2015-07-01
0.1271,2015-07-02
0.0728,2015-07-06
0.126,2015-07-07
-0.0077,2015-07-08
0.2278,2015-07-10
0.0975,2015-07-13
0.0775,2015-07-14
0.0415,2015-07-15
0.1343,2015-07-16
0.034,2015-07-17
0.065,2015-07-20
0.0308,2015-07-21
-0.0123,2015-07-22
-0.2491,2015-07-23
-0.1165,2015-07-24
-0.0467,2015-07-27
0.1567,2015-07-28
0.1104,2015-07-29
0.2494,2015-07-30
0.2378,2015-07-31
-0.0803,2015-08-03
0.0041,2015-08-04
0.0222,2015-08-05
-0.2059,2015-08-06
-0.2166,2015-08-07
0.1775,2015-08-10
0.0379,2015-08-11
-0.0158,2015-08-12
0.0143,2015-08-13
-0.0173,2015-08-14
0.0103,2015-08-17
0.1051,2015-08-18
-0.0355,2015-08-19
-0.0214,2015-08-20
-0.213,2015-08-21
-0.3083,2015-08-24
0.0913,2015-08-25
0.3828,2015-08-26
0.2245,2015-08-27
-0.004,2015-08-28
-0.1468,2015-08-31
-0.1925,2015-09-01
0.0793,2015-09-02
0.2092,2015-09-03
-0.1584,2015-09-04
0.2175,2015-09-08
0.057,2015-09-09
-0.0755,2015-09-10
0.1231,2015-09-11
0.2351,2015-09-14
0.102,2015-09-15
0.1902,2015-09-16
0.036,2015-09-17
-0.3083,2015-09-18
-0.0825,2015-09-21
-0.042,2015-09-22
-0.1934,2015-09-23
0.383,2015-09-24
-0.1083,2015-09-25
-0.4106,2015-09-28
0.2043,2015-09-29
0.3333,2015-09-30
0.1183,2015-10-01
0.4867,2015-10-02
0.1066,2015-10-05
0.0529,2015-10-06
0.091,2015-10-07
0.139,2015-10-08
-0.042,2015-10-09
-0.2109,2015-10-13
-0.0441,2015-10-14
0.1981,2015-10-15
0.069,2015-10-16
0.067,2015-10-19
0.0148,2015-10-20
0.0442,2015-10-21
0.3197,2015-10-22
0.0287,2015-10-23
0.0516,2015-10-26
0.1186,2015-10-27
-0.0283,2015-10-28
-0.1141,2015-10-29
0.039,2015-10-30
0.2911,2015-11-03
0.106,2015-11-04
0.0291,2015-11-05
-0.0309,2015-11-06
-0.0314,2015-11-09
0.0939,2015-11-10
0.1946,2015-11-11
0.0019,2015-11-12
-0.0022,2015-11-13
0.1319,2015-11-16
0.0971,2015-11-17
0.1313,2015-11-18
0.1951,2015-11-19
0.1375,2015-11-23
-0.071,2015-11-24
-0.1826,2015-11-25
-0.2408,2015-11-27
0.0095,2015-11-30
0.0667,2015-12-01
0.0832,2015-12-02
0.0514,2015-12-03
-0.0128,2015-12-04
0.0745,2015-12-07
-0.0257,2015-12-08
0.213,2015-12-09
-0.0657,2015-12-10
0.019,2015-12-11
-0.0399,2015-12-14
0.0776,2015-12-15
-0.0293,2015-12-16
0.1302,2015-12-17
-0.0451,2015-12-18
0.0073,2015-12-21
0.0985,2015-12-22
0.1637,2015-12-23
0.0307,2015-12-28
0.0975,2015-12-29
0.0308,2015-12-30
-0.032,2016-01-04
0.1906,2016-01-05
0.0345,2016-01-06
-0.1305,2016-01-07
-0.0289,2016-01-08
-0.0565,2016-01-11
0.0376,2016-01-12
-0.0825,2016-01-13
0.0864,2016-01-14
-0.0896,2016-01-15
0.0733,2016-01-19
0.009,2016-01-20
0.33,2016-01-21
0.1448,2016-01-22
0.0252,2016-01-26
0.0231,2016-01-27
0.144,2016-01-28
0.2867,2016-01-29
0.142,2016-02-01
-0.3253,2016-02-02
0.1707,2016-02-03
0.0033,2016-02-04
0.1045,2016-02-05
0.0398,2016-02-10
-0.1178,2016-02-11
0.2239,2016-02-12
0.4476,2016-02-16
0.1483,2016-02-17
-0.005,2016-02-18
0.0747,2016-02-19
0.1974,2016-02-22
-0.0651,2016-02-23
0.0533,2016-02-24
0.0517,2016-02-25
0.0174,2016-02-26
0.221,2016-02-29
0.2973,2016-03-01
0.1423,2016-03-02
0.2365,2016-03-03
0.2611,2016-03-04
-0.0368,2016-03-07
0.0681,2016-03-08
0.0499,2016-03-09
0.1892,2016-03-10
0.1782,2016-03-11
-0.0539,2016-03-14
-0.1957,2016-03-15
0.1226,2016-03-16
0.5057,2016-03-17
0.0901,2016-03-18
0.088,2016-03-21
0.1327,2016-03-22
-0.2144,2016-03-23
-0.0997,2016-03-24
0.281,2016-03-28
0.1098,2016-03-29
-0.0626,2016-03-30
-0.2376,2016-03-31
0.2002,2016-04-01
-0.2738,2016-04-04
0.0918,2016-04-05
-0.0937,2016-04-06
0.0323,2016-04-07
0.3376,2016-04-08
0.0521,2016-04-11
0.2659,2016-04-12
0.3257,2016-04-13
-0.0225,2016-04-14
0.187,2016-04-15
0.1099,2016-04-18
0.1029,2016-04-19
0.0282,2016-04-20
-0.0413,2016-04-22
-0.0259,2016-04-25
0.1635,2016-04-26
0.2641,2016-04-27
-0.0535,2016-04-28
0.1596,2016-04-29
-0.0036,2016-05-02
-0.1314,2016-05-03
0.0706,2016-05-04
0.0233,2016-05-05
0.0825,2016-05-06
-0.0698,2016-05-09
0.3912,2016-05-10
0.104,2016-05-11
0.1886,2016-05-12
-0.1005,2016-05-13
0.062,2016-05-16
-0.0847,2016-05-17
-0.0575,2016-05-18
-0.0022,2016-05-19
0.0354,2016-05-20
-0.1526,2016-05-23
0.0462,2016-05-24
0.0296,2016-05-25
-0.0434,2016-05-27
0.0663,2016-05-31
0.1562,2016-06-01
0.2108,2016-06-02
0.1895,2016-06-03
0.0795,2016-06-06
0.0264,2016-06-07
0.2446,2016-06-08
-0.0097,2016-06-09
-0.1838,2016-06-10
0.0517,2016-06-13
-0.0794,2016-06-14
0.0505,2016-06-15
0.0614,2016-06-16
0.0497,2016-06-17
0.1458,2016-06-20
0.1199,2016-06-21
-0.0373,2016-06-22
0.24,2016-06-23
-0.1707,2016-06-24
0.0249,2016-06-27
0.0687,2016-06-28
0.0366,2016-06-29
0.1187,2016-06-30
0.2161,2016-07-01
-0.0151,2016-07-05
0.0527,2016-07-06
0.0716,2016-07-07
0.2688,2016-07-08
0.1517,2016-07-11
0.0658,2016-07-12
0.1096,2016-07-13
0.1783,2016-07-14
0.1103,2016-07-15
0.1555,2016-07-18
0.0497,2016-07-19
0.0633,2016-07-20
-0.023,2016-07-21
0.0926,2016-07-22
0.0254,2016-07-25
0.0269,2016-07-26
0.0711,2016-07-27
0.0263,2016-07-28
0.1223,2016-07-29
0.0208,2016-08-01
-0.0469,2016-08-02
0.171,2016-08-03
0.1757,2016-08-04
0.1428,2016-08-05
0.0091,2016-08-08
0.0946,2016-08-09
0.0206,2016-08-10
0.1962,2016-08-11
0.0569,2016-08-12
0.1125,2016-08-15
-0.0255,2016-08-16
0.0484,2016-08-17
-0.0112,2016-08-18
0.1067,2016-08-19
-0.0927,2016-08-22
0.0623,2016-08-23
-0.0096,2016-08-24
0.0271,2016-08-25
-0.0616,2016-08-26
0.1821,2016-08-29
-0.0048,2016-08-30
0.0347,2016-08-31
0.1501,2016-09-01
0.235,2016-09-02
0.1429,2016-09-06
0.0498,2016-09-08
-0.3256,2016-09-09
0.1564,2016-09-12
-0.2644,2016-09-13
0.0748,2016-09-14
0.1855,2016-09-15
-0.0062,2016-09-16
0.0862,2016-09-19
0.1052,2016-09-20
0.1874,2016-09-21
0.1851,2016-09-22
0.0174,2016-09-23
-0.057,2016-09-26
0.1531,2016-09-27
0.174,2016-09-28
-0.0912,2016-09-29
0.0878,2016-09-30
0.256,2016-10-03
-0.043,2016-10-04
0.2218,2016-10-05
0.0761,2016-10-06
0.0738,2016-10-07
0.0979,2016-10-10
-0.0428,2016-10-11
0.0673,2016-10-13
0.1037,2016-10-14
0.1398,2016-10-17
0.1652,2016-10-18
0.0836,2016-10-19
0.0423,2016-10-20
0.0155,2016-10-21
0.1075,2016-10-24
-0.035,2016-10-25
-0.0155,2016-10-26
0.0544,2016-10-27
0.0494,2016-10-28
0.1423,2016-10-31
-0.1646,2016-11-01
-0.1321,2016-11-03
0.0734,2016-11-04
0.3251,2016-11-07
0.0776,2016-11-08
-0.1568,2016-11-09
-0.4465,2016-11-10
-0.2183,2016-11-11
-0.2019,2016-11-14
0.3012,2016-11-16
-0.0416,2016-11-17
0.0936,2016-11-18
0.3217,2016-11-21
0.1735,2016-11-22
0.0618,2016-11-23
-0.0576,2016-11-25
0.1893,2016-11-28
-0.0652,2016-11-29
0.1879,2016-11-30
-0.4398,2016-12-01
0.0885,2016-12-02
0.2025,2016-12-05
0.1518,2016-12-06
0.1252,2016-12-07
0.1125,2016-12-08
0.0128,2016-12-09
-0.0743,2016-12-12
0.0137,2016-12-13
-0.0187,2016-12-14
0.0946,2016-12-15
0.1049,2016-12-16
-0.0342,2016-12-19
0.1078,2016-12-20
0.1264,2016-12-21
0.0414,2016-12-22
0.0862,2016-12-23
0.1891,2016-12-27
0.1545,2016-12-28
0.1071,2016-12-29
0.3751,2017-01-03
-0.0196,2017-01-04
0.1078,2017-01-05
0.0158,2017-01-06
0.0234,2017-01-09
0.1062,2017-01-10
0.0307,2017-01-11
0.4424,2017-01-12
0.0307,2017-01-13
0.1462,2017-01-17
0.0217,2017-01-18
0.0596,2017-01-19
0.1092,2017-01-20
0.1061,2017-01-23
0.0636,2017-01-24
0.0884,2017-01-26
0.0638,2017-01-27
-0.1701,2017-01-30
0.0488,2017-01-31
0.0831,2017-02-01
0.0287,2017-02-02
0.1359,2017-02-03
-0.0353,2017-02-06
0.0876,2017-02-07
0.1766,2017-02-08
0.1033,2017-02-09
0.1868,2017-02-10
0.1326,2017-02-13
0.041,2017-02-14
0.1436,2017-02-15
-0.0655,2017-02-16
0.0613,2017-02-17
0.2644,2017-02-21
0.0223,2017-02-22
0.0473,2017-02-23
-0.0299,2017-02-24
0.1684,2017-03-01
-0.0987,2017-03-02
0.2165,2017-03-03
0.0133,2017-03-06
-0.0105,2017-03-07
-0.0876,2017-03-08
-0.0073,2017-03-09
0.1454,2017-03-10
0.1377,2017-03-13
-0.113,2017-03-14
0.2281,2017-03-15
0.003,2017-03-16
-0.0764,2017-03-17
0.0619,2017-03-20
-0.1274,2017-03-21
0.0609,2017-03-22
0.0209,2017-03-23
0.1498,2017-03-24
0.0875,2017-03-27
0.0329,2017-03-28
0.1155,2017-03-29
-0.0257,2017-03-30
0.036,2017-03-31
0.039,2017-04-03
0.1021,2017-04-04
-0.0466,2017-04-05
-0.092,2017-04-06
0.1181,2017-04-07
0.1096,2017-04-10
-0.0022,2017-04-11
-0.0467,2017-04-12
-0.1161,2017-04-13
0.1965,2017-04-17
0.0645,2017-04-18
-0.0477,2017-04-19
0.0589,2017-04-20
0.1143,2017-04-24
0.0463,2017-04-25
0.0099,2017-04-26
0.0074,2017-04-27
0.1436,2017-04-28
0.1912,2017-05-02
-0.0045,2017-05-03
-0.1079,2017-05-04
0.1378,2017-05-05
0.0104,2017-05-08
0.1409,2017-05-09
0.1714,2017-05-10
0.1157,2017-05-11
0.1157,2017-05-12
0.1338,2017-05-15
0.1271,2017-05-16
-0.1339,2017-05-17
-1.829,2017-05-18
0.4661,2017-05-19
-0.1902,2017-05-22
0.3389,2017-05-23
0.2079,2017-05-24
0.0243,2017-05-25
0.1984,2017-05-26
0.0556,2017-05-30
0.0035,2017-05-31
-0.1032,2017-06-01
0.0404,2017-06-02
-0.0241,2017-06-05
0.1433,2017-06-06
0.0425,2017-06-07
-0.0249,2017-06-08
0.0367,2017-06-09
-0.0148,2017-06-12
0.0124,2017-06-13
0.0642,2017-06-14
0.0806,2017-06-16
0.139,2017-06-19
-0.1613,2017-06-20
0.073,2017-06-21
0.0638,2017-06-22
0.0181,2017-06-23
0.1325,2017-06-26
-0.0295,2017-06-27
0.1225,2017-06-28
0.0076,2017-06-29
0.164,2017-06-30
0.1147,2017-07-03
0.0332,2017-07-05
-0.0332,2017-07-06
-0.0034,2017-07-07
0.1093,2017-07-10
0.1297,2017-07-11
0.2243,2017-07-12
0.0498,2017-07-13
0.1372,2017-07-14
0.0474,2017-07-17
0.075,2017-07-18
0.115,2017-07-19
0.0949,2017-07-20
0.0684,2017-07-21
0.031,2017-07-24
0.0539,2017-07-25
-0.0388,2017-07-26
0.2795,2017-07-27
0.1171,2017-07-28
0.0922,2017-07-31
0.1238,2017-08-01
0.1046,2017-08-02
0.051,2017-08-03
0.0203,2017-08-04
0.082,2017-08-07
0.0351,2017-08-08
-0.0333,2017-08-09
-0.097,2017-08-10
0.0898,2017-08-11
0.1119,2017-08-14
0.0442,2017-08-15
0.0757,2017-08-16
-0.1337,2017-08-17
0.1586,2017-08-18
0.0061,2017-08-21
0.177,2017-08-22
0.105,2017-08-23
0.1214,2017-08-24
0.0451,2017-08-25
0.0479,2017-08-28
0.0558,2017-08-29
0.0278,2017-08-30
0.0904,2017-08-31
0.1239,2017-09-01
0.1005,2017-09-05
0.2176,2017-09-06
0.064,2017-09-08
0.1071,2017-09-11
-0.0009,2017-09-12
0.0518,2017-09-13
0.0684,2017-09-14
0.1323,2017-09-15
0.0708,2017-09-18
0.0604,2017-09-19
0.0737,2017-09-20
0.049,2017-09-21
0.0386,2017-09-22
-0.0807,2017-09-25
0.0885,2017-09-26
-0.0238,2017-09-27
0.0086,2017-09-28
0.1128,2017-09-29
0.0535,2017-10-02
0.2042,2017-10-03
0.0204,2017-10-04
-0.0066,2017-10-05
0.0645,2017-10-06
-0.0319,2017-10-09
0.1663,2017-10-10
0.0222,2017-10-11
0.0537,2017-10-13
-0.0184,2017-10-16
-0.0105,2017-10-17
0.0791,2017-10-18
0.0255,2017-10-19
0.0259,2017-10-20
-0.0784,2017-10-23
0.098,2017-10-24
0.0683,2017-10-25
-0.1681,2017-10-26
0.0565,2017-10-27
-0.1218,2017-10-30
0.0051,2017-10-31
-0.0658,2017-11-01
-0.0592,2017-11-03
0.1166,2017-11-06
-0.1665,2017-11-07
0.235,2017-11-08
-0.1261,2017-11-09
-0.1279,2017-11-10
0.0394,2017-11-13
-0.1573,2017-11-14
0.2359,2017-11-16
0.17,2017-11-17
0.2204,2017-11-21
0.0006,2017-11-22
0.0387,2017-11-24
-0.02,2017-11-27
0.0504,2017-11-28
-0.2039,2017-11-29
-0.0582,2017-11-30
0.0396,2017-12-01
0.1201,2017-12-04
-0.01,2017-12-05
0.0626,2017-12-06
-0.1056,2017-12-07
0.0542,2017-12-08
0.0082,2017-12-11
0.0748,2017-12-12
-0.0437,2017-12-13
-0.0619,2017-12-14
0.0935,2017-12-15
0.1114,2017-12-18
-0.0187,2017-12-19
0.1254,2017-12-20
0.1875,2017-12-21
0.0201,2017-12-22
0.15,2017-12-26
0.0824,2017-12-27
0.118,2017-12-28
0.2939,2018-01-02
0.0957,2018-01-03
0.1271,2018-01-04
0.0434,2018-01-05
0.0437,2018-01-08
-0.0225,2018-01-09
0.0178,2018-01-10
0.1434,2018-01-11
0.0544,2018-01-12
0.1115,2018-01-16
0.1463,2018-01-17
0.0073,2018-01-18
0.0734,2018-01-19
0.0575,2018-01-22
-0.0869,2018-01-23
0.3584,2018-01-24
0.3053,2018-01-26
-0.072,2018-01-29
-0.0076,2018-01-30
0.0744,2018-01-31
0.0807,2018-02-01
-0.1692,2018-02-02
-0.271,2018-02-05
0.1941,2018-02-06
-0.0706,2018-02-07
-0.2016,2018-02-08
-0.0805,2018-02-09
0.3742,2018-02-14
0.1386,2018-02-15
0.106,2018-02-16
0.1466,2018-02-20
0.0769,2018-02-21
0.067,2018-02-22
0.1076,2018-02-23
0.1006,2018-02-26
-0.0465,2018-02-27
-0.0622,2018-02-28
-0.0288,2018-03-01
0.1123,2018-03-02
0.0918,2018-03-05
0.016,2018-03-06
0.0186,2018-03-07
-0.0099,2018-03-08
0.1643,2018-03-09
0.0653,2018-03-12
0.0024,2018-03-13
-0.0078,2018-03-14
-0.0727,2018-03-15
0.0682,2018-03-16
-0.0899,2018-03-19
-0.0049,2018-03-20
0.1046,2018-03-21
0.1467,2018-03-22
-0.0166,2018-03-23
0.1704,2018-03-26
-0.1452,2018-03-27
-0.0031,2018-03-28
0.2044,2018-03-29
-0.1182,2018-04-02
0.0144,2018-04-03
-0.0107,2018-04-04
0.1515,2018-04-05
-0.0519,2018-04-06
-0.0976,2018-04-09
0.127,2018-04-10
0.0794,2018-04-11
0.0803,2018-04-12
-0.0947,2018-04-13
-0.0764,2018-04-16
0.136,2018-04-17
0.1829,2018-04-18
0.02,2018-04-19
-0.0073,2018-04-20
0.0011,2018-04-23
-0.0232,2018-04-24
-0.0167,2018-04-25
0.1551,2018-04-26
0.055,2018-04-27
-0.0234,2018-04-30
-0.1288,2018-05-02
-0.0994,2018-05-03
0.0342,2018-05-04
-0.0569,2018-05-07
-0.0416,2018-05-08
0.0788,2018-05-09
0.2001,2018-05-10
-0.0739,2018-05-11
-0.0646,2018-05-14
-0.0217,2018-05-15
0.109,2018-05-16
-0.3756,2018-05-17
-0.1956,2018-05-18
-0.027,2018-05-21
0.1571,2018-05-22
-0.2221,2018-05-23
-0.12,2018-05-24
-0.1601,2018-05-25
-0.3205,2018-05-29
0.1678,2018-05-30
0.1668,2018-06-01
0.1782,2018-06-04
-0.2911,2018-06-05
-0.0998,2018-06-06
-0.5384,2018-06-07
0.0431,2018-06-08
0.0458,2018-06-11
0.0778,2018-06-12
-0.1098,2018-06-13
-0.2665,2018-06-14
0.1545,2018-06-15
-0.0084,2018-06-18
0.2629,2018-06-19
0.0723,2018-06-20
-0.1535,2018-06-21
0.0626,2018-06-22
0.0904,2018-06-25
0.1189,2018-06-26
-0.1143,2018-06-27
0.2278,2018-06-28
0.154,2018-06-29
0.085,2018-07-02
0.0994,2018-07-03
0.1287,2018-07-05
0.1008,2018-07-06
0.1035,2018-07-10
-0.0666,2018-07-11
0.0856,2018-07-12
0.1255,2018-07-13
0.0473,2018-07-16
0.1857,2018-07-17
-0.0477,2018-07-18
0.0568,2018-07-19
0.17,2018-07-20
-0.037,2018-07-23
0.1376,2018-07-24
0.1633,2018-07-25
-0.0826,2018-07-26
0.0546,2018-07-27
0.0452,2018-07-30
-0.0507,2018-07-31
0.0561,2018-08-01
0.0509,2018-08-02
0.2018,2018-08-03
0.0122,2018-08-06
-0.0963,2018-08-07
-0.0534,2018-08-08
-0.0762,2018-08-09
-0.3402,2018-08-10
0.109,2018-08-13
0.269,2018-08-14
-0.1016,2018-08-15
0.0116,2018-08-16
-0.0206,2018-08-17
-0.0051,2018-08-20
-0.229,2018-08-21
0.2393,2018-08-22
-0.1479,2018-08-23
0.113,2018-08-24
0.2061,2018-08-27
-0.0337,2018-08-28
0.118,2018-08-29
-0.2778,2018-08-30
0.0604,2018-08-31
-0.2381,2018-09-04
0.0218,2018-09-05
0.1441,2018-09-06
0.0521,2018-09-10
-0.1088,2018-09-11
0.1169,2018-09-12
-0.0578,2018-09-13
0.1224,2018-09-14
0.2055,2018-09-17
0.1674,2018-09-18
-0.0145,2018-09-19
0.0236,2018-09-20
0.1552,2018-09-21
-0.0779,2018-09-24
0.0844,2018-09-25
0.0232,2018-09-26
0.1446,2018-09-27
-0.0515,2018-09-28
-0.0546,2018-10-01
0.2902,2018-10-02
0.2476,2018-10-03
0.0516,2018-10-04
-0.0295,2018-10-05
0.5645,2018-10-08
0.1508,2018-10-09
-0.2286,2018-10-10
-0.0611,2018-10-11
0.1384,2018-10-15
0.295,2018-10-16
0.0784,2018-10-17
-0.1911,2018-10-18
0.0383,2018-10-19
0.2266,2018-10-22
0.0105,2018-10-23
-0.2329,2018-10-24
0.1237,2018-10-25
0.2273,2018-10-26
-0.1727,2018-10-29
0.3268,2018-10-30
0.1002,2018-10-31
0.1239,2018-11-01
0.1279,2018-11-05
-0.0809,2018-11-06
-0.0971,2018-11-07
-0.1782,2018-11-08
0.016,2018-11-09
-0.0292,2018-11-12
-0.0623,2018-11-13
0.1742,2018-11-14
0.3292,2018-11-16
-0.0618,2018-11-19
-0.0114,2018-11-21
-0.042,2018-11-23
-0.1258,2018-11-26
0.2006,2018-11-27
0.1593,2018-11-28
0.0573,2018-11-29
0.0237,2018-11-30
0.0708,2018-12-03
-0.1759,2018-12-04
0.0773,2018-12-06
-0.0726,2018-12-07
-0.1857,2018-12-10
0.0742,2018-12-11
0.1223,2018-12-12
0.1708,2018-12-13
0.0053,2018-12-14
-0.0929,2018-12-17
0.0324,2018-12-18
-0.0094,2018-12-19
0.0139,2018-12-20
0.0429,2018-12-21
0.0171,2018-12-26
0.0998,2018-12-27
0.2506,2018-12-28
0.4176,2019-01-02
0.1139,2019-01-03
0.0786,2019-01-04
-0.0276,2019-01-07
0.0695,2019-01-08
0.1901,2019-01-09
0.0049,2019-01-10
0.0052,2019-01-11
0.1182,2019-01-14
-0.0216,2019-01-15
0.0605,2019-01-16
0.1198,2019-01-17
0.0904,2019-01-18
-0.0077,2019-01-22
0.1562,2019-01-23
0.0901,2019-01-24
-0.1356,2019-01-28
0.1044,2019-01-29
0.124,2019-01-30
0.1805,2019-01-31
0.071,2019-02-01
0.0624,2019-02-04
-0.0034,2019-02-05
-0.2777,2019-02-06
-0.0704,2019-02-07
0.0124,2019-02-08
-0.0606,2019-02-11
0.2142,2019-02-12
0.039,2019-02-13
0.2154,2019-02-14
0.0607,2019-02-15
0.0343,2019-02-19
-0.0975,2019-02-20
0.0399,2019-02-21
0.1231,2019-02-22
-0.0464,2019-02-25
0.044,2019-02-26
0.0441,2019-02-27
-0.0938,2019-02-28
-0.0303,2019-03-01
-0.025,2019-03-06
0.011,2019-03-07
0.1241,2019-03-08
0.2901,2019-03-11
0.0472,2019-03-12
0.1684,2019-03-13
-0.0115,2019-03-14
0.0843,2019-03-15
0.1275,2019-03-18
0.0146,2019-03-19
-0.0639,2019-03-20
-0.0987,2019-03-21
-0.3711,2019-03-22
0.0365,2019-03-25
0.1095,2019-03-26
-0.3407,2019-03-27
0.2772,2019-03-28
0.1122,2019-03-29
0.1222,2019-04-02
-0.0557,2019-04-03
0.1504,2019-04-04
0.0812,2019-04-05
0.0093,2019-04-08
-0.0911,2019-04-09
0.0589,2019-04-10
-0.0901,2019-04-11
-0.1255,2019-04-12
0.052,2019-04-15
0.0939,2019-04-16
-0.0494,2019-04-17
0.1728,2019-04-18
0.0432,2019-04-22
0.1857,2019-04-23
-0.0571,2019-04-24
0.1409,2019-04-25
0.0047,2019-04-26
0.0118,2019-04-29
0.0642,2019-04-30
-0.0524,2019-05-02
0.133,2019-05-03
-0.0492,2019-05-06
-0.0358,2019-05-07
0.1214,2019-05-08
-0.0156,2019-05-09
-0.007,2019-05-10
-0.2053,2019-05-13
0.0914,2019-05-14
-0.0075,2019-05-15
-0.1419,2019-05-16
-0.0564,2019-05-17
0.1771,2019-05-20
0.2558,2019-05-21
0.028,2019-05-22
-0.0083,2019-05-23
0.0123,2019-05-24
0.3357,2019-05-28
0.0741,2019-05-29
0.109,2019-05-30
0.0276,2019-05-31
0.0252,2019-06-03
0.081,2019-06-04
-0.1048,2019-06-05
0.1715,2019-06-06
0.1517,2019-06-07
0.0434,2019-06-10
0.1447,2019-06-11
-0.0652,2019-06-12
0.1117,2019-06-13
0.0075,2019-06-14
-0.0286,2019-06-17
0.1733,2019-06-18
0.1172,2019-06-19
0.3304,2019-06-21
0.0291,2019-06-24
-0.2078,2019-06-25
0.051,2019-06-26
0.0682,2019-06-27
0.1453,2019-06-28
0.061,2019-07-01
-0.0587,2019-07-02
0.1831,2019-07-03
0.2546,2019-07-05
0.1059,2019-07-08
0.2064,2019-07-10
-0.0002,2019-07-11
-0.0563,2019-07-12
-0.0031,2019-07-15
-0.0001,2019-07-16
0.0404,2019-07-17
0.1043,2019-07-18
-0.0836,2019-07-19
0.0604,2019-07-22
0.0189,2019-07-23
0.0431,2019-07-24
-0.1285,2019-07-25
0.0512,2019-07-26
0.0687,2019-07-29
-0.016,2019-07-30
-0.1004,2019-07-31
0.1072,2019-08-01
0.0632,2019-08-02
-0.287,2019-08-05
0.249,2019-08-06
0.0947,2019-08-07
0.1577,2019-08-08
0.0138,2019-08-09
-0.189,2019-08-12
0.1074,2019-08-13
-0.2513,2019-08-14
-0.0705,2019-08-15
0.1351,2019-08-16
-0.0376,2019-08-19
-0.0125,2019-08-20
0.2056,2019-08-21
-0.0724,2019-08-22
-0.1989,2019-08-23
-0.155,2019-08-26
0.045,2019-08-27
0.0334,2019-08-28
0.1968,2019-08-29
0.1625,2019-08-30
-0.0587,2019-09-03
0.1719,2019-09-04
0.0751,2019-09-05
0.0518,2019-09-06
0.0161,2019-09-09
-0.0205,2019-09-10
0.088,2019-09-11
0.1026,2019-09-12
-0.0911,2019-09-13
0.0919,2019-09-16
0.1368,2019-09-17
0.0425,2019-09-18
0.1459,2019-09-19
0.1057,2019-09-20
-0.0275,2019-09-23
-0.0731,2019-09-24
0.0752,2019-09-25
0.0988,2019-09-26
0.0106,2019-09-27
0.0131,2019-09-30
-0.0507,2019-10-01
-0.2099,2019-10-02
0.1,2019-10-03
0.101,2019-10-04
-0.1664,2019-10-07
-0.029,2019-10-08
0.1564,2019-10-09
0.1015,2019-10-10
0.2422,2019-10-11
0.1129,2019-10-14
0.0076,2019-10-15
0.1873,2019-10-16
0.0495,2019-10-17
0.0124,2019-10-18
0.1264,2019-10-21
0.0417,2019-10-22
0.0818,2019-10-23
-0.0303,2019-10-24
0.1116,2019-10-25
0.1071,2019-10-28
0.0188,2019-10-29
0.1415,2019-10-30
-0.1162,2019-10-31
0.116,2019-11-01
0.0305,2019-11-04
-0.0298,2019-11-05
-0.0031,2019-11-06
0.0882,2019-11-07
-0.1317,2019-11-08
0.0949,2019-11-11
-0.1409,2019-11-12
-0.0667,2019-11-13
0.0807,2019-11-14
-0.0019,2019-11-18
-0.021,2019-11-19
0.0782,2019-11-21
0.1544,2019-11-22
-0.0086,2019-11-25
-0.1209,2019-11-26
0.038,2019-11-27
0.0968,2019-11-29
0.0173,2019-12-02
0.0781,2019-12-03
0.1801,2019-12-04
0.0598,2019-12-05
0.151,2019-12-06
0.0073,2019-12-09
0.0105,2019-12-10
0.0727,2019-12-11
0.1495,2019-12-12
0.095,2019-12-13
-0.0084,2019-12-16
-0.0468,2019-12-17
0.1531,2019-12-18
0.0074,2019-12-19
0.1025,2019-12-20
0.1421,2019-12-23
0.2214,2019-12-26
0.0252,2019-12-27
0.0306,2019-12-30
0.2646,2020-01-02
-0.0198,2020-01-03
-0.0652,2020-01-06
0.0121,2020-01-07
-0.0338,2020-01-08
0.0089,2020-01-09
0.0057,2020-01-10
0.1217,2020-01-13
0.0793,2020-01-14
0.0036,2020-01-15
-0.0062,2020-01-16
0.1596,2020-01-17
-0.1067,2020-01-21
0.1522,2020-01-22
0.0981,2020-01-23
-0.083,2020-01-24
-0.2966,2020-01-27
0.1812,2020-01-28
-0.0564,2020-01-29
-0.0152,2020-01-30
-0.1311,2020-01-31
0.0936,2020-02-03
0.1043,2020-02-04
0.0841,2020-02-05
-0.1119,2020-02-06
-0.1504,2020-02-07
-0.0965,2020-02-10
0.2806,2020-02-11
0.1852,2020-02-12
-0.036,2020-02-13
0.0124,2020-02-14
0.0402,2020-02-18
0.1661,2020-02-19
-0.1324,2020-02-20
-0.0733,2020-02-21
-0.7677,2020-02-26
-0.2269,2020-02-27
0.0829,2020-02-28
0.4307,2020-03-02
-0.0155,2020-03-03
0.2681,2020-03-04
-0.5412,2020-03-05
-0.43,2020-03-06
-1.3839,2020-03-09
0.6665,2020-03-10
-0.989,2020-03-11
-2.1544,2020-03-12
1.5576,2020-03-13
-1.1488,2020-03-16
0.4331,2020-03-17
-1.9053,2020-03-18
0.124,2020-03-19
-0.1671,2020-03-20
-0.7336,2020-03-23
1.0022,2020-03-24
0.9138,2020-03-25
0.5908,2020-03-26
-0.3057,2020-03-27
0.2946,2020-03-30
-0.0524,2020-03-31
-0.3066,2020-04-01
0.1995,2020-04-02
-0.2924,2020-04-03
0.541,2020-04-06
0.3096,2020-04-07
0.3267,2020-04-08
0.0718,2020-04-09
0.1523,2020-04-13
0.2792,2020-04-14
-0.0694,2020-04-15
0.0007,2020-04-16
0.1834,2020-04-17
0.102,2020-04-20
0.2773,2020-04-22
-0.1713,2020-04-23
-0.8774,2020-04-24
0.1751,2020-04-27
0.4795,2020-04-28
0.2367,2020-04-29
-0.1885,2020-04-30
-0.1643,2020-05-04
0.1092,2020-05-05
0.0098,2020-05-06
-0.0151,2020-05-07
0.2619,2020-05-08
-0.0486,2020-05-11
-0.2277,2020-05-12
-0.0863,2020-05-13
0.1494,2020-05-14
-0.03,2020-05-15
0.4011,2020-05-18
0.0114,2020-05-19
0.1308,2020-05-20
0.1667,2020-05-21
-0.0521,2020-05-22
0.4612,2020-05-26
0.2676,2020-05-27
-0.022,2020-05-28
0.0999,2020-05-29
0.1213,2020-06-01
0.2719,2020-06-02
0.2426,2020-06-03
0.0763,2020-06-04
0.1512,2020-06-05
0.249,2020-06-08
-0.0992,2020-06-09
-0.1036,2020-06-10
-0.2174,2020-06-12
-0.0069,2020-06-15
0.1056,2020-06-16
0.2124,2020-06-17
0.0466,2020-06-18
0.0722,2020-06-19
-0.0841,2020-06-22
0.0799,2020-06-23
-0.1865,2020-06-24
0.2536,2020-06-25
-0.2058,2020-06-26
0.2253,2020-06-29
0.0218,2020-06-30
0.1773,2020-07-01
0.0244,2020-07-02
0.3169,2020-07-06
-0.1301,2020-07-07
0.118,2020-07-08
-0.0169,2020-07-09
0.162,2020-07-10
-0.1257,2020-07-13
0.1426,2020-07-14
0.1151,2020-07-15
-0.1306,2020-07-16
0.2392,2020-07-17
0.1284,2020-07-20
0.0216,2020-07-21
0.0595,2020-07-22
-0.1743,2020-07-23
-0.0163,2020-07-24
0.2163,2020-07-27
-0.0258,2020-07-28
0.1238,2020-07-29
0.0246,2020-07-30
-0.1156,2020-07-31
0.0113,2020-08-03
-0.1075,2020-08-04
0.1552,2020-08-05
0.2248,2020-08-06
-0.0985,2020-08-07
0.0414,2020-08-10
-0.122,2020-08-11
-0.0297,2020-08-12
-0.1042,2020-08-13
0.0885,2020-08-14
-0.1423,2020-08-17
0.2951,2020-08-18
-0.1395,2020-08-19
0.0834,2020-08-20
0.0103,2020-08-21
0.0907,2020-08-24
0.0136,2020-08-25
-0.1263,2020-08-26
-0.0084,2020-08-27
0.203,2020-08-28
-0.2033,2020-08-31
0.2425,2020-09-01
0.0156,2020-09-02
-0.1189,2020-09-03
0.0894,2020-09-04
-0.1921,2020-09-08
0.1712,2020-09-09
-0.241,2020-09-10
-0.0043,2020-09-11
0.2066,2020-09-14
0.0059,2020-09-15
-0.1084,2020-09-16
0.0468,2020-09-17
-0.2989,2020-09-18
-0.2309,2020-09-21
0.129,2020-09-22
-0.2084,2020-09-23
0.1695,2020-09-24
0.0243,2020-09-25
-0.2847,2020-09-28
-0.1069,2020-09-29
0.1691,2020-09-30
0.0962,2020-10-01
-0.2331,2020-10-02
0.2348,2020-10-05
-0.0938,2020-10-06
0.0362,2020-10-07
0.2295,2020-10-08
0.0957,2020-10-09
0.0821,2020-10-13
0.0753,2020-10-14
-0.0832,2020-10-15
-0.019,2020-10-16
0.0291,2020-10-19
0.1942,2020-10-20
0.0712,2020-10-21
0.087,2020-10-22
-0.0744,2020-10-23
-0.0672,2020-10-26
-0.1105,2020-10-27
-0.4345,2020-10-28
0.1452,2020-10-29
-0.2727,2020-10-30
0.1873,2020-11-03
0.259,2020-11-04
0.3465,2020-11-05
0.0926,2020-11-06
0.1999,2020-11-09
0.0715,2020-11-10
-0.0214,2020-11-11
-0.1971,2020-11-12
0.2204,2020-11-13
0.1796,2020-11-16
0.0524,2020-11-17
-0.1235,2020-11-18
0.0663,2020-11-19
-0.0616,2020-11-20
0.0684,2020-11-23
0.238,2020-11-24
0.0758,2020-11-25
0.1826,2020-11-27
-0.1306,2020-11-30
0.2624,2020-12-01
0.0788,2020-12-02
0.1314,2020-12-03
0.1285,2020-12-04
-0.0206,2020-12-07
0.0687,2020-12-08
-0.0796,2020-12-09
0.0983,2020-12-10
0.0473,2020-12-11
-0.0379,2020-12-14
0.2052,2020-12-15
0.1247,2020-12-16
0.0824,2020-12-17
0.004,2020-12-18
-0.1437,2020-12-21
0.0555,2020-12-22
0.1651,2020-12-23
0.118,2020-12-28
0.102,2020-12-29
0.0661,2020-12-30
0.005,2021-01-04
0.0544,2021-01-05
-0.0638,2021-01-06
0.1543,2021-01-07
0.2007,2021-01-08
-0.2011,2021-01-11
0.1416,2021-01-12
0.0011,2021-01-14
-0.1854,2021-01-15
0.074,2021-01-19
-0.005,2021-01-20
-0.1318,2021-01-21
-0.1283,2021-01-22
-0.0505,2021-01-26
-0.1293,2021-01-27
0.2967,2021-01-28
-0.2272,2021-01-29
0.2446,2021-02-01
0.1659,2021-02-02
0.1341,2021-02-03
0.0043,2021-02-04
0.1301,2021-02-05
0.016,2021-02-08
-0.0627,2021-02-09
-0.0294,2021-02-10
0.0809,2021-02-11
0.0343,2021-02-12
-0.0038,2021-02-18
-0.022,2021-02-19
-0.4728,2021-02-22
0.1764,2021-02-23
0.032,2021-02-24
-0.3733,2021-02-25
-0.2706,2021-02-26
0.0512,2021-03-01
0.0124,2021-03-02
-0.0989,2021-03-03
0.2119,2021-03-04
0.3466,2021-03-05
-0.4419,2021-03-08
0.0617,2021-03-09
0.0762,2021-03-10
0.2709,2021-03-11
-0.0636,2021-03-12
0.0365,2021-03-15
-0.0265,2021-03-16
0.1924,2021-03-17
-0.2759,2021-03-18
0.0373,2021-03-19
-0.0783,2021-03-22
-0.1764,2021-03-23
-0.1514,2021-03-24
0.1531,2021-03-25
0.1318,2021-03-26
0.0002,2021-03-29
0.1794,2021-03-30
0.0805,2021-03-31
0.1633,2021-04-05
-0.0226,2021-04-06
-0.0194,2021-04-07
0.1535,2021-04-08
-0.0902,2021-04-09
0.0662,2021-04-12
-0.0201,2021-04-13
0.0767,2021-04-14
0.1136,2021-04-15
0.14,2021-04-16
0.0218,2021-04-19
-0.1377,2021-04-20
0.0314,2021-04-22
0.1671,2021-04-23
0.0435,2021-04-26
-0.0492,2021-04-27
0.1423,2021-04-28
0.0019,2021-04-29
-0.104,2021-04-30
-0.0165,2021-05-03
-0.1703,2021-05-04
0.1515,2021-05-05
0.0706,2021-05-06
0.2142,2021-05-07
-0.0626,2021-05-10
0.1154,2021-05-11
-0.305,2021-05-12
0.0718,2021-05-13
0.1236,2021-05-14
0.1194,2021-05-17
-0.0326,2021-05-18
-0.0763,2021-05-19
0.1041,2021-05-20
0.0248,2021-05-21
0.1282,2021-05-24
-0.1012,2021-05-25
0.0729,2021-05-26
0.0966,2021-05-27
0.1684,2021-05-28
0.1763,2021-06-01
0.1114,2021-06-02
0.0757,2021-06-04
0.004,2021-06-07
-0.0441,2021-06-08
0.0115,2021-06-09
-0.0127,2021-06-10
-0.065,2021-06-11
0.0803,2021-06-14
-0.0246,2021-06-15
-0.0367,2021-06-16
-0.2303,2021-06-17
-0.0376,2021-06-18
0.2019,2021-06-21
-0.0755,2021-06-22
0.0032,2021-06-23
0.1337,2021-06-24
-0.1233,2021-06-25
0.0879,2021-06-28
0.0579,2021-06-29
-0.018,2021-06-30
-0.0598,2021-07-01
0.185,2021-07-02
-0.2187,2021-07-06
0.1329,2021-07-07
-0.1423,2021-07-08
0.2041,2021-07-12
0.082,2021-07-13
0.0731,2021-07-14
-0.0507,2021-07-15
-0.0411,2021-07-16
-0.1829,2021-07-19
0.1458,2021-07-20
0.1026,2021-07-21
0.0567,2021-07-22
-0.1016,2021-07-23
0.0165,2021-07-26
-0.166,2021-07-27
0.0968,2021-07-28
0.052,2021-07-29
-0.3583,2021-07-30
0.0236,2021-08-02
0.0793,2021-08-03
-0.1074,2021-08-04
-0.0724,2021-08-05
0.1343,2021-08-06
0.0092,2021-08-09
0.001,2021-08-10
-0.0168,2021-08-11
-0.1073,2021-08-12
-0.0236,2021-08-13
-0.1956,2021-08-16
-0.0908,2021-08-17
-0.1584,2021-08-18
0.0621,2021-08-19
0.1664,2021-08-20
-0.0357,2021-08-23
0.247,2021-08-24
0.1439,2021-08-25
-0.1116,2021-08-26
0.2208,2021-08-27
-0.0069,2021-08-30
-0.0687,2021-08-31
0.0651,2021-09-01
-0.1714,2021-09-02
0.0285,2021-09-03
-0.2222,2021-09-08
0.1501,2021-09-09
-0.036,2021-09-10
0.1762,2021-09-13
0.0718,2021-09-14
0.0196,2021-09-15
-0.0504,2021-09-16
-0.1295,2021-09-17
-0.2349,2021-09-20
0.1674,2021-09-21
0.1489,2021-09-22
0.173,2021-09-23
0.0221,2021-09-24
0.0358,2021-09-27
-0.2484,2021-09-28
0.0871,2021-09-29
-0.0033,2021-09-30
0.1894,2021-10-01
-0.1924,2021-10-04
0.0483,2021-10-05
0.0772,2021-10-06
0.0507,2021-10-07
0.2134,2021-10-08
-0.0293,2021-10-11
0.0759,2021-10-13
0.0261,2021-10-14
0.1095,2021-10-15
0.0088,2021-10-18
-0.3315,2021-10-19
0.0101,2021-10-20
-0.2683,2021-10-21
-0.1766,2021-10-22
0.0572,2021-10-25
-0.2097,2021-10-26
-0.0356,2021-10-27
-0.1932,2021-10-28
0.0358,2021-10-29
0.1403,2021-11-01
0.2243,2021-11-03
-0.1549,2021-11-04
0.1394,2021-11-05
0.009,2021-11-08
0.0852,2021-11-09
0.1183,2021-11-10
0.2036,2021-11-11
0.0184,2021-11-12
-0.1076,2021-11-16
-0.1239,2021-11-17
-0.01,2021-11-18
0.104,2021-11-19
-0.1053,2021-11-22
0.1521,2021-11-23
0.1106,2021-11-24
-0.1953,2021-11-26
0.1667,2021-11-29
-0.1161,2021-11-30
-0.102,2021-12-01
0.3466,2021-12-02
0.1721,2021-12-03
0.1815,2021-12-06
0.1196,2021-12-07
0.1287,2021-12-08
-0.1815,2021-12-09
0.1746,2021-12-10
-0.0687,2021-12-13
-0.0537,2021-12-14
0.1215,2021-12-15
-0.0183,2021-12-16
-0.0763,2021-12-17
-0.1536,2021-12-20
0.1887,2021-12-21
0.0402,2021-12-22
0.0489,2021-12-23
0.1667,2021-12-27
0.0204,2021-12-28
-0.0194,2021-12-29
0.1382,2021-12-30
-0.0067,2022-01-03
-0.0652,2022-01-04
-0.2619,2022-01-05
0.0553,2022-01-06
0.0483,2022-01-07
-0.0038,2022-01-10
0.1661,2022-01-11
0.2178,2022-01-12
-0.0411,2022-01-13
0.1592,2022-01-14
-0.0216,2022-01-18
0.1659,2022-01-19
0.1476,2022-01-20
-0.085,2022-01-21
-0.0318,2022-01-24
0.14,2022-01-25
0.1085,2022-01-26
0.0492,2022-01-27
0.0481,2022-01-28
0.0775,2022-01-31
0.1312,2022-02-01
-0.0115,2022-02-02
0.0891,2022-02-03
0.0921,2022-02-04
0.0125,2022-02-07
0.0123,2022-02-08
0.0086,2022-02-09
0.0953,2022-02-10
-0.0194,2022-02-11
0.0948,2022-02-14
0.1758,2022-02-15
0.0436,2022-02-16
-0.1345,2022-02-17
-0.0313,2022-02-18
0.0321,2022-02-22
0.016,2022-02-23
0.001,2022-02-24
0.196,2022-02-25
0.1114,2022-03-02
0.0344,2022-03-03
-0.0808,2022-03-04
-0.1872,2022-03-07
0.0808,2022-03-08
0.3141,2022-03-09
0.0688,2022-03-10
-0.086,2022-03-11
-0.1092,2022-03-14
0.054,2022-03-15
0.1888,2022-03-16
0.28,2022-03-17
0.2791,2022-03-18
0.1821,2022-03-21
0.2278,2022-03-22
0.0828,2022-03-23
0.302,2022-03-24
0.1983,2022-03-25
0.0061,2022-03-28
0.0831,2022-03-29
-0.0329,2022-03-30
-0.0283,2022-03-31
0.2969,2022-04-01
0.0607,2022-04-04
-0.1304,2022-04-05
-0.0362,2022-04-06
0.0907,2022-04-07
0.0655,2022-04-08
-0.1433,2022-04-11
-0.0105,2022-04-12
0.1198,2022-04-13
0.0636,2022-04-14
0.0707,2022-04-18
0.0375,2022-04-19
0.0242,2022-04-20
-0.1877,2022-04-22
0.0036,2022-04-25
-0.1656,2022-04-26
0.1515,2022-04-27
0.171,2022-04-28
-0.0981,2022-04-29
-0.0711,2022-05-02
0.0776,2022-05-03
0.285,2022-05-04
-0.2399,2022-05-05
-0.0008,2022-05-06
-0.1796,2022-05-09
0.0179,2022-05-10
0.1383,2022-05-11
0.0746,2022-05-12
0.264,2022-05-13
0.1487,2022-05-16
0.1035,2022-05-17
-0.1983,2022-05-18
0.043,2022-05-19
0.121,2022-05-20
0.1698,2022-05-23
-0.0309,2022-05-24
0.0471,2022-05-25
0.1733,2022-05-26
0.0439,2022-05-27
0.061,2022-05-31
0.07,2022-06-01
0.1271,2022-06-02
-0.0186,2022-06-03
0.0036,2022-06-06
-0.046,2022-06-07
-0.0624,2022-06-08
-0.076,2022-06-09
-0.0531,2022-06-10
-0.1934,2022-06-13
-0.0534,2022-06-14
0.2101,2022-06-15
-0.1759,2022-06-17
0.0284,2022-06-21
-0.0395,2022-06-22
-0.0226,2022-06-23
0.1058,2022-06-24
0.1317,2022-06-27
-0.0653,2022-06-28
-0.047,2022-06-29
-0.0026,2022-06-30
-0.0028,2022-07-01
-0.0797,2022-07-05
0.0589,2022-07-06
0.2263,2022-07-07
-0.026,2022-07-08
-0.183,2022-07-11
0.0116,2022-07-12
0.0008,2022-07-13
-0.083,2022-07-14
0.1095,2022-07-15
-0.0356,2022-07-18
0.0989,2022-07-19
0.1428,2022-07-20
0.0515,2022-07-21
0.0259,2022-07-22
0.1061,2022-07-25
-0.0212,2022-07-26
0.2115,2022-07-27
0.2128,2022-07-28
0.1712,2022-07-29
-0.0161,2022-08-01
0.0724,2022-08-02
0.1384,2022-08-03
0.3271,2022-08-04
0.1139,2022-08-05
0.1673,2022-08-08
-0.0126,2022-08-09
0.1218,2022-08-10
-0.0497,2022-08-11
0.3064,2022-08-12
0.1194,2022-08-15
-0.0029,2022-08-16
0.0173,2022-08-17
0.0725,2022-08-18
-0.1311,2022-08-19
-0.032,2022-08-22
0.2059,2022-08-23
0.052,2022-08-24
0.0098,2022-08-25
-0.0362,2022-08-26
0.0317,2022-08-29
-0.108,2022-08-30
0.0333,2022-08-31
0.1524,2022-09-01
0.0676,2022-09-02
-0.1042,2022-09-06
0.0775,2022-09-08
0.235,2022-09-09
0.0662,2022-09-12
-0.137,2022-09-13
0.082,2022-09-14
-0.0639,2022-09-15
0.0173,2022-09-16
0.1829,2022-09-19
0.0918,2022-09-20
0.0633,2022-09-21
0.2838,2022-09-22
-0.1596,2022-09-23
-0.2126,2022-09-26
0.0136,2022-09-27
-0.0039,2022-09-28
-0.0232,2022-09-29
0.2067,2022-09-30
0.4308,2022-10-03
0.0307,2022-10-04
0.1281,2022-10-05
0.1063,2022-10-06
-0.008,2022-10-07
0.0095,2022-10-10
-0.0567,2022-10-11
0.0166,2022-10-13
-0.0771,2022-10-14
0.1381,2022-10-17
0.1931,2022-10-18
0.1031,2022-10-19
0.1023,2022-10-20
0.2285,2022-10-21
-0.1964,2022-10-24
-0.072,2022-10-25
-0.1233,2022-10-26
0.2217,2022-10-27
0.0804,2022-10-28
0.2647,2022-10-31
0.0687,2022-11-01
0.0213,2022-11-03
0.128,2022-11-04
-0.1973,2022-11-07
0.0296,2022-11-08
-0.1656,2022-11-09
-0.3966,2022-11-10
0.0924,2022-11-11
0.1876,2022-11-14
-0.2194,2022-11-16
-0.0853,2022-11-17
-0.0256,2022-11-18
0.1043,2022-11-21
-0.0909,2022-11-22
-0.0789,2022-11-23
0.0534,2022-11-25
0.0389,2022-11-28
0.2722,2022-11-29
0.2495,2022-11-30
-0.0588,2022-12-01
0.1586,2022-12-02
-0.1787,2022-12-05
0.0181,2022-12-06
0.0185,2022-12-07
-0.0713,2022-12-08
-0.0009,2022-12-09
-0.1768,2022-12-12
-0.1145,2022-12-13
0.0124,2022-12-14
0.0369,2022-12-15
-0.0595,2022-12-16
0.122,2022-12-19
0.2725,2022-12-20
0.11,2022-12-21
0.045,2022-12-22
0.2335,2022-12-23
0.0036,2022-12-27
0.2179,2022-12-28
0.0609,2022-12-29
-0.3201,2023-01-03
0.0535,2023-01-04
0.1833,2023-01-05
0.1653,2023-01-06
0.0848,2023-01-09
0.2163,2023-01-10
0.2268,2023-01-11
0.0759,2023-01-12
0.0143,2023-01-13
0.1089,2023-01-17
0.0561,2023-01-18
0.0881,2023-01-19
0.002,2023-01-20
0.0222,2023-01-23
0.1398,2023-01-24
0.1222,2023-01-25
0.0165,2023-01-26
-0.0878,2023-01-27
0.0151,2023-01-30
0.1311,2023-01-31
-0.0337,2023-02-01
-0.0531,2023-02-02
-0.1642,2023-02-03
0.057,2023-02-06
0.0268,2023-02-07
0.1879,2023-02-08
-0.0887,2023-02-09
0.0859,2023-02-10
0.0427,2023-02-13
0.0395,2023-02-14
0.2202,2023-02-15
0.0915,2023-02-16
-0.0002,2023-02-17
-0.1224,2023-02-22
0.0611,2023-02-23
-0.0742,2023-02-24
0.0813,2023-02-27
-0.0048,2023-02-28
0.0039,2023-03-01
-0.0492,2023-03-02
