data,VariaÃ§Ã£o_12_Meses_(%)
2008-07-11,
2008-07-14,
2008-07-15,
2008-07-16,
2008-07-17,
2008-07-18,
2008-07-21,
2008-07-22,
2008-07-23,
2008-07-24,
2008-07-25,
2008-07-28,
2008-07-29,
2008-07-30,
2008-07-31,
2008-08-01,
2008-08-04,
2008-08-05,
2008-08-06,
2008-08-07,
2008-08-08,
2008-08-11,
2008-08-12,
2008-08-13,
2008-08-14,
2008-08-15,
2008-08-18,
2008-08-19,
2008-08-20,
2008-08-21,
2008-08-22,
2008-08-25,
2008-08-26,
2008-08-27,
2008-08-28,
2008-08-29,
2008-09-01,
2008-09-02,
2008-09-03,
2008-09-04,
2008-09-05,
2008-09-08,
2008-09-09,
2008-09-10,
2008-09-11,
2008-09-12,
2008-09-15,
2008-09-16,
2008-09-17,
2008-09-18,
2008-09-19,
2008-09-22,
2008-09-23,
2008-09-24,
2008-09-25,
2008-09-26,
2008-09-29,
2008-09-30,
2008-10-01,4.0661
2008-10-02,3.3209
2008-10-03,3.1116
2008-10-06,2.0364
2008-10-07,1.6582
2008-10-08,1.211
2008-10-09,1.2479
2008-10-10,0.6857
2008-10-13,1.9587
2008-10-14,2.2662
2008-10-15,1.3719
2008-10-16,1.3987
2008-10-17,1.7
2008-10-20,2.2338
2008-10-21,2.25
2008-10-22,0.9119
2008-10-23,0.7771
2008-10-24,-0.3581
2008-10-27,-0.6259
2008-10-28,0.3297
2008-10-29,0.456
2008-10-30,0.8743
2008-10-31,0.9258
2008-11-03,1.1699
2008-11-04,1.6556
2008-11-05,1.2238
2008-11-06,1.1153
2008-11-07,1.3935
2008-11-10,1.4419
2008-11-11,1.5668
2008-11-12,1.2836
2008-11-13,1.7455
2008-11-14,1.9622
2008-11-17,1.7165
2008-11-18,1.4583
2008-11-19,1.4765
2008-11-20,1.7258
2008-11-21,1.4617
2008-11-24,2.2319
2008-11-25,2.4124
2008-11-26,2.7252
2008-11-27,2.8001
2008-11-28,3.5074
2008-12-01,2.7658
2008-12-02,3.0037
2008-12-03,2.7749
2008-12-04,2.6693
2008-12-05,2.8416
2008-12-08,3.0532
2008-12-09,3.1096
2008-12-10,3.1544
2008-12-11,3.2415
2008-12-12,3.3561
2008-12-15,3.5048
2008-12-16,3.8797
2008-12-17,3.9246
2008-12-18,4.4291
2008-12-19,4.5811
2008-12-22,4.324
2008-12-23,4.2514
2008-12-24,4.1004
2008-12-26,4.1785
2008-12-29,3.9005
2008-12-30,4.0118
2008-12-31,3.8161
2009-01-02,4.16
2009-01-05,4.2553
2009-01-06,4.5907
2009-01-07,4.5361
2009-01-08,4.7164
2009-01-09,5.0092
2009-01-12,4.6395
2009-01-13,4.8558
2009-01-14,4.5128
2009-01-15,4.9304
2009-01-16,5.3353
2009-01-19,5.5415
2009-01-20,5.5044
2009-01-21,6.4115
2009-01-22,6.2448
2009-01-23,6.6689
2009-01-26,6.2454
2009-01-27,6.3217
2009-01-28,6.5428
2009-01-29,6.1335
2009-01-30,6.1322
2009-02-02,5.9303
2009-02-03,6.0532
2009-02-04,6.1191
2009-02-05,6.311
2009-02-06,6.6164
2009-02-09,6.5316
2009-02-10,6.5346
2009-02-11,6.3968
2009-02-12,6.1635
2009-02-13,6.3132
2009-02-16,6.342
2009-02-17,6.1978
2009-02-18,5.9969
2009-02-19,5.8693
2009-02-20,5.7974
2009-02-25,5.5086
2009-02-26,5.5837
2009-02-27,5.6907
2009-03-02,5.2521
2009-03-03,5.2278
2009-03-04,5.5467
2009-03-05,5.307
2009-03-06,5.5919
2009-03-09,5.778
2009-03-10,6.4013
2009-03-11,6.4521
2009-03-12,6.4638
2009-03-13,6.9546
2009-03-16,7.1734
2009-03-17,7.5585
2009-03-18,7.4668
2009-03-19,7.9038
2009-03-20,8.1887
2009-03-23,8.4661
2009-03-24,8.4424
2009-03-25,8.6049
2009-03-26,8.7253
2009-03-27,8.6656
2009-03-30,8.5741
2009-03-31,8.656
2009-04-01,8.9261
2009-04-02,9.0563
2009-04-03,9.1531
2009-04-06,9.1985
2009-04-07,9.1891
2009-04-08,9.4484
2009-04-09,9.6901
2009-04-13,9.6488
2009-04-14,9.5337
2009-04-15,9.6005
2009-04-16,9.6531
2009-04-17,9.5216
2009-04-20,9.2476
2009-04-22,9.3511
2009-04-23,9.2916
2009-04-24,9.6729
2009-04-27,9.7297
2009-04-28,9.9847
2009-04-29,10.2993
2009-04-30,10.2105
2009-05-04,10.1287
2009-05-05,10.0596
2009-05-06,10.3343
2009-05-07,10.4125
2009-05-08,10.6768
2009-05-11,10.671
2009-05-12,10.5531
2009-05-13,10.2471
2009-05-14,10.5639
2009-05-15,10.5284
2009-05-18,10.8564
2009-05-19,10.8511
2009-05-20,10.8395
2009-05-21,10.6269
2009-05-22,10.8009
2009-05-25,10.8054
2009-05-26,10.714
2009-05-27,10.9591
2009-05-28,10.858
2009-05-29,10.94
2009-06-01,10.9324
2009-06-02,10.9962
2009-06-03,10.8915
2009-06-04,11.2188
2009-06-05,10.8922
2009-06-08,10.7837
2009-06-09,10.6343
2009-06-10,10.7637
2009-06-12,11.0884
2009-06-15,10.9589
2009-06-16,10.8475
2009-06-17,10.7169
2009-06-18,10.7391
2009-06-19,10.8836
2009-06-22,10.811
2009-06-23,11.0186
2009-06-24,11.0523
2009-06-25,10.9256
2009-06-26,11.1344
2009-06-29,11.2088
2009-06-30,11.1392
2009-07-01,11.5119
2009-07-02,11.8599
2009-07-03,12.0668
2009-07-06,12.1746
2009-07-07,11.9737
2009-07-08,12.0476
2009-07-09,12.0062
2009-07-10,12.1789
2009-07-13,12.3324
2009-07-14,12.1521
2009-07-15,12.4122
2009-07-16,12.4429
2009-07-17,12.7598
2009-07-20,12.9636
2009-07-21,12.8306
2009-07-22,12.9378
2009-07-23,13.1181
2009-07-24,13.4482
2009-07-27,13.5333
2009-07-28,13.5591
2009-07-29,13.4098
2009-07-30,13.2636
2009-07-31,13.4496
2009-08-03,13.9397
2009-08-04,14.388
2009-08-05,14.5431
2009-08-06,14.3781
2009-08-07,14.6201
2009-08-10,14.7027
2009-08-11,14.8441
2009-08-12,14.9873
2009-08-13,15.0664
2009-08-14,14.9678
2009-08-17,14.786
2009-08-18,15.0861
2009-08-19,15.1054
2009-08-20,14.9704
2009-08-21,15.0436
2009-08-24,15.0761
2009-08-25,15.3589
2009-08-26,15.4363
2009-08-27,15.4362
2009-08-28,15.3687
2009-08-31,15.3473
2009-09-01,15.2408
2009-09-02,15.482
2009-09-03,15.777
2009-09-04,16.4354
2009-09-08,16.6718
2009-09-09,17.1191
2009-09-10,17.0823
2009-09-11,16.9434
2009-09-14,16.8747
2009-09-15,17.7824
2009-09-16,18.1553
2009-09-17,18.9824
2009-09-18,19.0682
2009-09-21,17.8455
2009-09-22,18.1927
2009-09-23,18.7227
2009-09-24,18.7399
2009-09-25,18.3763
2009-09-28,18.5946
2009-09-29,19.74
2009-09-30,19.139
2009-10-01,18.9416
2009-10-02,19.7411
2009-10-05,20.245
2009-10-06,21.6975
2009-10-07,22.2442
2009-10-08,22.7195
2009-10-09,22.7582
2009-10-13,21.9306
2009-10-14,21.6225
2009-10-15,22.6445
2009-10-16,22.8185
2009-10-19,22.7315
2009-10-20,21.7106
2009-10-21,21.8313
2009-10-22,23.3446
2009-10-23,23.8229
2009-10-26,24.9038
2009-10-27,25.1577
2009-10-28,23.7806
2009-10-29,23.5498
2009-10-30,22.6577
2009-11-03,22.3434
2009-11-04,21.8689
2009-11-05,22.4655
2009-11-06,22.649
2009-11-09,22.4309
2009-11-10,22.3894
2009-11-11,22.2816
2009-11-12,22.7668
2009-11-13,22.4858
2009-11-16,22.4618
2009-11-17,22.4734
2009-11-18,22.8328
2009-11-19,22.9473
2009-11-20,22.8895
2009-11-23,23.2435
2009-11-24,22.7355
2009-11-25,22.5895
2009-11-26,22.1539
2009-11-27,22.185
2009-11-30,21.9239
2009-12-01,22.3002
2009-12-02,22.0866
2009-12-03,22.0582
2009-12-04,22.1923
2009-12-07,22.181
2009-12-08,21.5598
2009-12-09,21.4524
2009-12-10,21.3559
2009-12-11,21.4521
2009-12-14,21.2215
2009-12-15,21.5496
2009-12-16,21.1953
2009-12-17,21.0846
2009-12-18,20.7947
2009-12-21,20.8234
2009-12-22,21.0439
2009-12-23,21.1253
2009-12-24,21.0995
2009-12-28,21.006
2009-12-29,20.9347
2009-12-30,20.9663
2009-12-31,20.9402
2010-01-04,20.4978
2010-01-05,20.4284
2010-01-06,20.235
2010-01-07,20.5263
2010-01-08,20.2399
2010-01-11,20.066
2010-01-12,20.3161
2010-01-13,20.1924
2010-01-14,20.5703
2010-01-15,20.2582
2010-01-18,20.0902
2010-01-19,20.214
2010-01-20,20.3189
2010-01-21,19.8154
2010-01-22,19.8666
2010-01-25,19.7071
2010-01-26,19.577
2010-01-27,19.5535
2010-01-28,19.3798
2010-01-29,19.7431
2010-02-01,19.7072
2010-02-02,19.5906
2010-02-03,19.6141
2010-02-04,19.5595
2010-02-05,19.2667
2010-02-08,18.9435
2010-02-09,18.9799
2010-02-10,19.0609
2010-02-11,19.1621
2010-02-12,19.319
2010-02-17,19.1597
2010-02-18,19.0786
2010-02-19,18.9694
2010-02-22,19.0099
2010-02-23,18.9295
2010-02-24,18.9931
2010-02-25,18.9653
2010-02-26,18.9025
2010-03-01,18.7191
2010-03-02,19.0011
2010-03-03,19.0855
2010-03-04,18.851
2010-03-05,19.0437
2010-03-08,18.7714
2010-03-09,18.8123
2010-03-10,18.4731
2010-03-11,18.4894
2010-03-12,18.3272
2010-03-15,18.26
2010-03-16,18.2431
2010-03-17,18.183
2010-03-18,18.0982
2010-03-19,17.9491
2010-03-22,17.9492
2010-03-23,17.6218
2010-03-24,17.7796
2010-03-25,17.7261
2010-03-26,17.596
2010-03-29,17.6313
2010-03-30,17.7651
2010-03-31,17.7643
2010-04-01,17.4178
2010-04-05,16.6799
2010-04-06,16.5613
2010-04-07,16.6286
2010-04-08,16.5266
2010-04-09,16.1861
2010-04-12,16.035
2010-04-13,15.9887
2010-04-14,16.2401
2010-04-15,16.2409
2010-04-16,16.0271
2010-04-19,16.0083
2010-04-20,16.3747
2010-04-22,16.2347
2010-04-23,16.1427
2010-04-26,15.6763
2010-04-27,15.4569
2010-04-28,15.034
2010-04-29,14.5522
2010-04-30,14.6174
2010-05-03,14.6612
2010-05-04,14.2822
2010-05-05,14.5241
2010-05-06,14.3727
2010-05-07,13.9777
2010-05-10,13.4301
2010-05-11,13.4214
2010-05-12,13.4828
2010-05-13,13.7426
2010-05-14,13.5206
2010-05-17,13.5484
2010-05-18,13.002
2010-05-19,12.6321
2010-05-20,12.28
2010-05-21,12.7237
2010-05-24,12.6502
2010-05-25,12.4323
2010-05-26,12.7078
2010-05-27,12.6819
2010-05-28,12.6522
2010-05-31,12.7285
2010-06-01,12.6195
2010-06-02,12.7164
2010-06-04,12.7103
2010-06-07,12.703
2010-06-08,12.7751
2010-06-09,12.8054
2010-06-10,12.7459
2010-06-11,12.8772
2010-06-14,12.4638
2010-06-15,12.5804
2010-06-16,12.561
2010-06-17,12.597
2010-06-18,12.6325
2010-06-21,12.5657
2010-06-22,12.8492
2010-06-23,12.6007
2010-06-24,12.417
2010-06-25,12.4267
2010-06-28,12.4114
2010-06-29,12.2111
2010-06-30,12.2607
2010-07-01,11.9626
2010-07-02,11.875
2010-07-05,11.7465
2010-07-06,11.7712
2010-07-07,11.9436
2010-07-08,12.0058
2010-07-09,12.0336
2010-07-12,11.844
2010-07-13,11.7268
2010-07-14,11.9273
2010-07-15,11.6842
2010-07-16,11.6089
2010-07-19,11.6546
2010-07-20,11.4623
2010-07-21,11.5564
2010-07-22,11.6575
2010-07-23,11.5722
2010-07-26,11.4836
2010-07-27,11.4414
2010-07-28,11.3473
2010-07-29,11.3678
2010-07-30,11.3225
2010-08-02,11.1848
2010-08-03,10.9139
2010-08-04,10.9488
2010-08-05,10.8334
2010-08-06,10.8354
2010-08-09,10.6418
2010-08-10,10.5993
2010-08-11,10.7589
2010-08-12,10.8561
2010-08-13,11.0136
2010-08-16,11.0498
2010-08-17,11.3083
2010-08-18,11.071
2010-08-19,11.1066
2010-08-20,11.0366
2010-08-23,10.8481
2010-08-24,10.6427
2010-08-25,10.7387
2010-08-26,10.696
2010-08-27,10.7379
2010-08-30,10.7885
2010-08-31,10.8729
2010-09-01,10.9066
2010-09-02,10.7841
2010-09-03,10.7114
2010-09-06,10.4593
2010-09-08,10.3272
2010-09-09,10.4183
2010-09-10,10.2466
2010-09-13,10.2395
2010-09-14,10.075
2010-09-15,10.2511
2010-09-16,10.1183
2010-09-17,10.0953
2010-09-20,10.0722
2010-09-21,9.9698
2010-09-22,9.8248
2010-09-23,9.8564
2010-09-24,9.9042
2010-09-27,10.0363
2010-09-28,9.9118
2010-09-29,10.037
2010-09-30,9.9634
2010-10-01,10.0812
2010-10-04,10.0536
2010-10-05,9.8886
2010-10-06,9.8659
2010-10-07,9.7969
2010-10-08,9.8852
2010-10-11,9.9288
2010-10-13,9.9453
2010-10-14,10.0368
2010-10-15,10.0353
2010-10-18,9.9827
2010-10-19,9.8566
2010-10-20,10.2091
2010-10-21,10.2022
2010-10-22,10.2142
2010-10-25,10.2718
2010-10-26,10.5133
2010-10-27,10.5406
2010-10-28,10.6805
2010-10-29,10.5986
2010-11-01,10.8674
2010-11-03,10.8227
2010-11-04,11.0025
2010-11-05,10.9387
2010-11-08,10.9901
2010-11-09,10.8773
2010-11-10,10.8994
2010-11-11,10.9654
2010-11-12,10.9262
2010-11-16,10.7772
2010-11-17,10.7122
2010-11-18,10.8391
2010-11-19,10.8513
2010-11-22,10.7571
2010-11-23,10.5916
2010-11-24,10.7672
2010-11-25,10.736
2010-11-26,10.6418
2010-11-29,10.4973
2010-11-30,10.4497
2010-12-01,10.4074
2010-12-02,10.379
2010-12-03,10.3463
2010-12-06,10.2863
2010-12-07,10.2874
2010-12-08,10.2232
2010-12-09,10.3071
2010-12-10,10.4037
2010-12-13,10.3038
2010-12-14,10.3788
2010-12-15,10.2799
2010-12-16,10.3055
2010-12-17,10.3924
2010-12-20,10.3606
2010-12-21,10.3305
2010-12-22,10.2119
2010-12-23,10.2904
2010-12-24,10.2913
2010-12-27,10.3256
2010-12-28,10.4149
2010-12-29,10.4967
2010-12-30,10.4174
2010-12-31,10.416
2011-01-03,10.4343
2011-01-04,10.3892
2011-01-05,10.4548
2011-01-06,10.342
2011-01-07,10.1917
2011-01-10,10.1456
2011-01-11,10.148
2011-01-12,10.3087
2011-01-13,10.2277
2011-01-14,10.1799
2011-01-17,10.2115
2011-01-18,10.2078
2011-01-19,10.0558
2011-01-20,10.0214
2011-01-21,10.0882
2011-01-24,9.9674
2011-01-25,9.9419
2011-01-26,9.9582
2011-01-27,9.8291
2011-01-28,9.7265
2011-01-31,9.684
2011-02-01,9.8173
2011-02-02,9.935
2011-02-03,9.7939
2011-02-04,9.6805
2011-02-07,9.8002
2011-02-08,10.0448
2011-02-09,9.8265
2011-02-10,9.7322
2011-02-11,9.7887
2011-02-14,9.7478
2011-02-15,9.8279
2011-02-16,10.0
2011-02-17,10.0594
2011-02-18,10.086
2011-02-21,10.1079
2011-02-22,9.9703
2011-02-23,10.0289
2011-02-24,9.8978
2011-02-25,10.005
2011-02-28,10.2048
2011-03-01,10.2757
2011-03-02,10.3628
2011-03-03,10.397
2011-03-04,10.3502
2011-03-09,10.2575
2011-03-10,10.1868
2011-03-11,10.0878
2011-03-14,10.0433
2011-03-15,10.0802
2011-03-16,10.0061
2011-03-17,9.9077
2011-03-18,10.0456
2011-03-21,10.1222
2011-03-22,10.2567
2011-03-23,10.4936
2011-03-24,10.446
2011-03-25,10.6766
2011-03-28,10.6905
2011-03-29,10.7729
2011-03-30,11.0233
2011-03-31,11.2615
2011-04-01,11.5664
2011-04-04,11.6172
2011-04-05,11.7049
2011-04-06,11.7172
2011-04-07,11.6053
2011-04-08,11.4265
2011-04-11,11.4471
2011-04-12,11.5158
2011-04-13,11.518
2011-04-14,11.6012
2011-04-15,11.5701
2011-04-18,11.5428
2011-04-19,11.6921
2011-04-20,11.6933
2011-04-25,11.5438
2011-04-26,11.724
2011-04-27,11.8448
2011-04-28,12.0567
2011-04-29,12.3513
2011-05-02,12.2782
2011-05-03,12.1129
2011-05-04,11.9178
2011-05-05,11.6721
2011-05-06,11.6661
2011-05-09,12.114
2011-05-10,12.2241
2011-05-11,12.059
2011-05-12,12.0194
2011-05-13,11.9407
2011-05-16,11.8722
2011-05-17,11.9341
2011-05-18,12.0818
2011-05-19,12.3078
2011-05-20,12.644
2011-05-23,12.3212
2011-05-24,12.3293
2011-05-25,12.4418
2011-05-26,12.2579
2011-05-27,12.2198
2011-05-30,12.2098
2011-05-31,12.1505
2011-06-01,12.0555
2011-06-02,11.7892
2011-06-03,11.7374
2011-06-06,11.5578
2011-06-07,11.6355
2011-06-08,11.608
2011-06-09,11.5686
2011-06-10,11.5974
2011-06-13,11.4883
2011-06-14,11.5725
2011-06-15,11.5765
2011-06-16,11.5667
2011-06-17,11.5459
2011-06-20,11.526
2011-06-21,11.6057
2011-06-22,11.553
2011-06-24,11.7414
2011-06-27,11.5547
2011-06-28,11.6599
2011-06-29,11.8391
2011-06-30,11.7636
2011-07-01,11.9033
2011-07-04,11.9242
2011-07-05,11.8811
2011-07-06,11.7059
2011-07-07,11.6749
2011-07-08,11.5215
2011-07-11,11.3848
2011-07-12,11.3622
2011-07-13,11.4731
2011-07-14,11.2615
2011-07-15,11.2122
2011-07-18,11.1311
2011-07-19,11.1356
2011-07-20,11.1913
2011-07-21,11.2503
2011-07-22,11.2015
2011-07-25,11.1768
2011-07-26,11.1725
2011-07-27,10.9972
2011-07-28,10.9617
2011-07-29,11.1268
2011-08-01,11.0411
2011-08-02,10.7522
2011-08-03,10.4641
2011-08-04,9.9382
2011-08-05,9.8557
2011-08-08,9.2358
2011-08-09,9.7405
2011-08-10,9.844
2011-08-11,10.1417
2011-08-12,10.2786
2011-08-15,10.3818
2011-08-16,10.3868
2011-08-17,10.6577
2011-08-18,10.8117
2011-08-19,10.6001
2011-08-22,10.4893
2011-08-23,10.71
2011-08-24,10.8418
2011-08-25,10.7404
2011-08-26,11.1068
2011-08-29,11.5256
2011-08-30,11.5524
2011-08-31,12.002
2011-09-01,13.0995
2011-09-02,12.902
2011-09-05,12.7396
2011-09-06,12.9853
2011-09-08,12.9181
2011-09-09,12.8708
2011-09-12,12.9385
2011-09-13,12.8617
2011-09-14,12.8703
2011-09-15,12.4967
2011-09-16,12.6495
2011-09-19,12.6802
2011-09-20,12.4934
2011-09-21,12.364
2011-09-22,12.2178
2011-09-23,12.5821
2011-09-26,12.789
2011-09-27,12.7195
2011-09-28,12.6673
2011-09-29,12.4601
2011-09-30,12.5731
2011-10-03,12.8293
2011-10-04,12.3287
2011-10-05,12.4118
2011-10-06,12.3245
2011-10-07,12.2743
2011-10-10,12.1435
2011-10-11,12.0982
2011-10-13,11.9599
2011-10-14,11.8026
2011-10-17,11.7004
2011-10-18,11.9216
2011-10-19,12.0242
2011-10-20,11.5801
2011-10-21,11.5165
2011-10-24,11.6109
2011-10-25,11.5517
2011-10-26,11.4832
2011-10-27,11.7875
2011-10-28,11.9452
2011-10-31,11.8495
2011-11-01,11.4525
2011-11-03,11.4804
2011-11-04,11.2851
2011-11-07,11.2847
2011-11-08,11.1937
2011-11-09,11.2366
2011-11-10,11.2053
2011-11-11,11.2386
2011-11-14,11.3983
2011-11-16,11.5216
2011-11-17,11.231
2011-11-18,10.9057
2011-11-21,10.7559
2011-11-22,10.8302
2011-11-23,10.9507
2011-11-24,10.9813
2011-11-25,10.9993
2011-11-28,11.1884
2011-11-29,11.2999
2011-11-30,11.5542
2011-12-01,11.5515
2011-12-02,11.6377
2011-12-05,11.7163
2011-12-06,11.7818
2011-12-07,11.7754
2011-12-08,11.7728
2011-12-09,11.7161
2011-12-12,11.5071
2011-12-13,11.6697
2011-12-14,11.5493
2011-12-15,11.5667
2011-12-16,11.5008
2011-12-19,11.2603
2011-12-20,11.3827
2011-12-21,11.4757
2011-12-22,11.3923
2011-12-23,11.3454
2011-12-26,11.3398
2011-12-27,11.3464
2011-12-28,11.2519
2011-12-29,11.3643
2011-12-30,11.3205
2012-01-02,11.3058
2012-01-03,11.4792
2012-01-04,11.4044
2012-01-05,11.2295
2012-01-06,11.2992
2012-01-09,11.3519
2012-01-10,11.5644
2012-01-11,11.5125
2012-01-12,11.3581
2012-01-13,11.4344
2012-01-16,11.5127
2012-01-17,11.5774
2012-01-18,11.5751
2012-01-19,11.7349
2012-01-20,11.8623
2012-01-23,11.8371
2012-01-24,11.8783
2012-01-25,11.899
2012-01-26,12.2194
2012-01-27,12.3812
2012-01-30,12.5085
2012-01-31,12.6305
2012-02-01,12.66
2012-02-02,12.7716
2012-02-03,12.8288
2012-02-06,12.9792
2012-02-07,13.0151
2012-02-08,12.9319
2012-02-09,13.1796
2012-02-10,13.287
2012-02-13,13.1354
2012-02-14,13.1057
2012-02-15,13.2664
2012-02-16,13.1785
2012-02-17,13.2974
2012-02-22,13.357
2012-02-23,13.3889
2012-02-24,13.3991
2012-02-27,13.3203
2012-02-28,13.2943
2012-02-29,13.5389
2012-03-01,13.6597
2012-03-02,13.8446
2012-03-05,13.6682
2012-03-06,13.6006
2012-03-07,13.7429
2012-03-08,14.1072
2012-03-09,14.3464
2012-03-12,14.3637
2012-03-13,14.6328
2012-03-14,14.7644
2012-03-15,14.7752
2012-03-16,14.8037
2012-03-19,14.5957
2012-03-20,14.5893
2012-03-21,14.5357
2012-03-22,14.2128
2012-03-23,14.0098
2012-03-26,13.8758
2012-03-27,13.8391
2012-03-28,13.7298
2012-03-29,13.6841
2012-03-30,13.4867
2012-04-02,13.072
2012-04-03,13.2163
2012-04-04,13.1844
2012-04-05,13.1894
2012-04-09,12.9513
2012-04-10,12.9121
2012-04-11,12.8832
2012-04-12,13.129
2012-04-13,13.2286
2012-04-16,13.0027
2012-04-17,13.1227
2012-04-18,13.3433
2012-04-19,13.5727
2012-04-20,13.556
2012-04-23,13.6054
2012-04-24,13.7698
2012-04-25,13.9162
2012-04-26,13.9491
2012-04-27,14.2257
2012-04-30,14.1504
2012-05-02,14.3948
2012-05-03,14.535
2012-05-04,14.8582
2012-05-07,14.9331
2012-05-08,14.769
2012-05-09,14.6274
2012-05-10,14.815
2012-05-11,15.0149
2012-05-14,15.0846
2012-05-15,15.1819
2012-05-16,15.2738
2012-05-17,15.0501
2012-05-18,14.9895
2012-05-21,15.0084
2012-05-22,14.7539
2012-05-23,14.8873
2012-05-24,14.3415
2012-05-25,14.4118
2012-05-28,14.1911
2012-05-29,14.3447
2012-05-30,14.3003
2012-05-31,14.4042
2012-06-01,14.2935
2012-06-04,14.117
2012-06-05,14.115
2012-06-06,14.2761
2012-06-08,14.3916
2012-06-11,14.4402
2012-06-12,14.6649
2012-06-13,14.734
2012-06-14,14.5647
2012-06-15,14.4658
2012-06-18,14.7562
2012-06-19,14.7645
2012-06-20,14.6858
2012-06-21,14.6519
2012-06-22,14.6114
2012-06-25,14.5903
2012-06-26,14.662
2012-06-27,14.9193
2012-06-28,14.8288
2012-06-29,14.7684
2012-07-02,14.59
2012-07-03,14.8373
2012-07-04,14.9441
2012-07-05,15.0462
2012-07-06,15.2966
2012-07-09,15.3476
2012-07-10,15.4095
2012-07-11,15.6547
2012-07-12,15.6922
2012-07-13,15.7158
2012-07-16,15.8614
2012-07-17,15.7878
2012-07-18,16.0164
2012-07-19,16.0966
2012-07-20,16.1736
2012-07-23,15.9663
2012-07-24,16.1097
2012-07-25,15.9941
2012-07-26,15.8954
2012-07-27,16.0555
2012-07-30,16.0927
2012-07-31,16.0399
2012-08-01,16.1737
2012-08-02,16.4323
2012-08-03,16.5501
2012-08-06,17.1036
2012-08-07,17.2121
2012-08-08,18.0999
2012-08-09,17.6744
2012-08-10,17.6595
2012-08-13,16.9586
2012-08-14,17.028
2012-08-15,16.8321
2012-08-16,16.6594
2012-08-17,16.3446
2012-08-20,16.1822
2012-08-21,16.176
2012-08-22,16.1373
2012-08-23,15.852
2012-08-24,15.9563
2012-08-27,15.5326
2012-08-28,15.6244
2012-08-29,15.1386
2012-08-30,15.0373
2012-08-31,14.5272
2012-09-03,13.8573
2012-09-04,13.9468
2012-09-05,14.0898
2012-09-06,13.9124
2012-09-10,13.6077
2012-09-11,13.5278
2012-09-12,13.4284
2012-09-13,13.6273
2012-09-14,13.6161
2012-09-17,13.6006
2012-09-18,13.6345
2012-09-19,13.5783
2012-09-20,13.8304
2012-09-21,14.1148
2012-09-24,14.0062
2012-09-25,14.1041
2012-09-26,13.9086
2012-09-27,13.859
2012-09-28,14.0602
2012-10-01,14.1078
2012-10-02,14.1695
2012-10-03,13.834
2012-10-04,14.3468
2012-10-05,14.688
2012-10-08,14.6841
2012-10-09,14.6529
2012-10-10,14.5745
2012-10-11,14.6785
2012-10-15,14.7609
2012-10-16,14.8464
2012-10-17,14.7309
2012-10-18,14.5702
2012-10-19,14.5317
2012-10-22,14.7761
2012-10-23,14.7794
2012-10-24,14.7194
2012-10-25,14.809
2012-10-26,14.6662
2012-10-29,14.3138
2012-10-30,14.3804
2012-10-31,14.3429
2012-11-01,14.6349
2012-11-05,14.5576
2012-11-06,14.601
2012-11-07,14.6001
2012-11-08,14.5747
2012-11-09,14.397
2012-11-12,14.1169
2012-11-13,14.0709
2012-11-14,13.7718
2012-11-16,13.845
2012-11-19,14.4778
2012-11-20,14.5396
2012-11-21,14.6362
2012-11-22,14.6816
2012-11-23,14.8038
2012-11-26,14.4401
2012-11-27,14.5584
2012-11-28,14.4856
2012-11-29,14.4887
2012-11-30,14.2658
2012-12-03,14.1804
2012-12-04,14.3659
2012-12-05,14.3876
2012-12-06,14.7569
2012-12-07,14.6797
2012-12-10,14.7385
2012-12-11,14.7105
2012-12-12,14.8138
2012-12-13,14.6294
2012-12-14,14.6851
2012-12-17,14.7484
2012-12-18,14.8519
2012-12-19,14.9908
2012-12-20,14.8855
2012-12-21,14.7601
2012-12-24,14.8318
2012-12-26,14.8153
2012-12-27,14.8878
2012-12-28,14.9129
2012-12-31,14.7978
2013-01-02,15.1502
2013-01-03,15.0963
2013-01-04,15.1457
2013-01-07,14.9027
2013-01-08,14.8503
2013-01-09,15.0366
2013-01-10,14.861
2013-01-11,14.8285
2013-01-14,14.7251
2013-01-15,14.8082
2013-01-16,14.807
2013-01-17,14.8369
2013-01-18,14.7834
2013-01-21,14.619
2013-01-22,14.6523
2013-01-23,14.7488
2013-01-24,14.6894
2013-01-25,14.6519
2013-01-28,14.2441
2013-01-29,14.3662
2013-01-30,14.3084
2013-01-31,14.1293
2013-02-01,14.1369
2013-02-04,13.8448
2013-02-05,13.8721
2013-02-06,13.8041
2013-02-07,13.6824
2013-02-08,13.5077
2013-02-13,13.4238
2013-02-14,13.3587
2013-02-15,13.1393
2013-02-18,12.8922
2013-02-19,12.9162
2013-02-20,12.8065
2013-02-21,12.8179
2013-02-22,12.8994
2013-02-25,12.9755
2013-02-26,13.0424
2013-02-27,13.1195
2013-02-28,13.0449
2013-03-01,12.716
2013-03-04,12.4219
2013-03-05,12.5793
2013-03-06,12.6995
2013-03-07,12.5053
2013-03-08,12.3288
2013-03-11,12.0731
2013-03-12,12.1271
2013-03-13,11.8559
2013-03-14,11.8373
2013-03-15,11.7699
2013-03-18,11.9094
2013-03-19,11.8989
2013-03-20,11.9691
2013-03-21,11.8239
2013-03-22,12.0162
2013-03-25,12.0691
2013-03-26,12.0349
2013-03-27,12.1325
2013-03-28,12.2455
2013-04-01,11.9696
2013-04-02,11.8395
2013-04-03,11.4959
2013-04-04,11.4865
2013-04-05,11.5406
2013-04-08,11.6222
2013-04-09,11.8259
2013-04-10,12.0671
2013-04-11,11.9575
2013-04-12,11.4935
2013-04-15,11.0057
2013-04-16,11.1998
2013-04-17,11.093
2013-04-18,11.4246
2013-04-19,11.2503
2013-04-22,11.3127
2013-04-23,11.4525
2013-04-24,11.3086
2013-04-25,11.2144
2013-04-26,10.9408
2013-04-29,10.7456
2013-04-30,10.7111
2013-05-02,10.593
2013-05-03,10.6729
2013-05-06,10.5357
2013-05-07,10.4302
2013-05-08,10.6529
2013-05-09,10.873
2013-05-10,10.7339
2013-05-13,10.5075
2013-05-14,10.4382
2013-05-15,10.5499
2013-05-16,10.3295
2013-05-17,10.5998
2013-05-20,10.5477
2013-05-21,10.608
2013-05-22,10.9082
2013-05-23,10.6941
2013-05-24,10.9764
2013-05-27,10.8491
2013-05-28,10.9593
2013-05-29,10.8937
2013-05-31,10.3426
2013-06-03,10.249
2013-06-04,10.7145
2013-06-05,10.4894
2013-06-06,10.1944
2013-06-07,10.1411
2013-06-10,9.8385
2013-06-11,9.4488
2013-06-12,9.2415
2013-06-13,9.3433
2013-06-14,9.2145
2013-06-17,9.4109
2013-06-18,9.2653
2013-06-19,9.246
2013-06-20,9.5953
2013-06-21,9.3148
2013-06-24,8.9538
2013-06-25,8.9563
2013-06-26,8.9958
2013-06-27,9.1446
2013-06-28,9.3348
2013-07-01,9.3681
2013-07-02,9.3882
2013-07-03,9.2628
2013-07-04,9.2926
2013-07-05,9.1052
2013-07-08,9.0484
2013-07-09,9.1288
2013-07-10,9.0149
2013-07-11,8.8049
2013-07-12,8.8684
2013-07-15,8.4447
2013-07-16,8.5223
2013-07-17,8.577
2013-07-18,8.5201
2013-07-19,8.4666
2013-07-22,8.4235
2013-07-23,8.2859
2013-07-24,8.408
2013-07-25,8.5251
2013-07-26,8.5483
2013-07-29,8.5849
2013-07-30,8.5102
2013-07-31,8.647
2013-08-01,8.7465
2013-08-02,8.6218
2013-08-05,8.9443
2013-08-06,8.8033
2013-08-07,8.7522
2013-08-08,8.4809
2013-08-09,8.3794
2013-08-12,8.3288
2013-08-13,8.5976
2013-08-14,8.5491
2013-08-15,8.4552
2013-08-16,8.7949
2013-08-19,8.7469
2013-08-20,8.8725
2013-08-21,9.1188
2013-08-22,9.3336
2013-08-23,9.058
2013-08-26,9.0002
2013-08-27,8.8284
2013-08-28,8.5693
2013-08-29,8.894
2013-08-30,9.0388
2013-09-02,9.063
2013-09-03,8.8651
2013-09-04,8.7726
2013-09-05,8.6139
2013-09-06,8.2756
2013-09-09,8.2821
2013-09-10,8.642
2013-09-11,8.6985
2013-09-12,8.8753
2013-09-13,8.746
2013-09-16,8.8294
2013-09-17,8.6481
2013-09-18,8.3744
2013-09-19,8.3454
2013-09-20,8.1306
2013-09-23,8.0174
2013-09-24,7.9097
2013-09-25,8.0057
2013-09-26,8.1869
2013-09-27,8.1925
2013-09-30,7.7906
2013-10-01,7.743
2013-10-02,7.412
2013-10-03,7.4106
2013-10-04,7.4317
2013-10-07,6.9493
2013-10-08,6.9008
2013-10-09,6.9721
2013-10-10,6.9371
2013-10-11,6.8826
2013-10-14,6.9421
2013-10-15,6.9403
2013-10-16,6.8306
2013-10-17,6.8679
2013-10-18,7.1374
2013-10-21,7.197
2013-10-22,7.1803
2013-10-23,7.0391
2013-10-24,7.1445
2013-10-25,7.0043
2013-10-28,6.956
2013-10-29,7.0321
2013-10-30,7.0678
2013-10-31,7.3311
2013-11-01,7.4351
2013-11-04,7.4213
2013-11-05,7.5404
2013-11-06,7.4945
2013-11-07,7.4173
2013-11-08,7.5241
2013-11-11,7.8289
2013-11-12,7.9554
2013-11-13,8.0962
2013-11-14,8.4732
2013-11-18,8.1517
2013-11-19,7.9209
2013-11-20,7.8626
2013-11-21,8.1318
2013-11-22,8.086
2013-11-25,7.9206
2013-11-26,8.1318
2013-11-27,8.3133
2013-11-28,8.6477
2013-11-29,8.6838
2013-12-02,8.7152
2013-12-03,8.6763
2013-12-04,8.5234
2013-12-05,8.24
2013-12-06,7.7483
2013-12-09,7.7959
2013-12-10,7.7217
2013-12-11,7.863
2013-12-12,7.8525
2013-12-13,7.8616
2013-12-16,7.7758
2013-12-17,7.5925
2013-12-18,7.8072
2013-12-19,7.9495
2013-12-20,8.1235
2013-12-23,8.1503
2013-12-24,8.192
2013-12-26,8.2449
2013-12-27,8.1422
2013-12-30,8.3858
2013-12-31,8.3174
2014-01-02,8.1117
2014-01-03,7.7973
2014-01-06,7.7493
2014-01-07,7.7644
2014-01-08,8.1455
2014-01-09,7.9609
2014-01-10,7.6776
2014-01-13,7.4061
2014-01-14,7.6216
2014-01-15,7.6127
2014-01-16,7.6082
2014-01-17,7.2983
2014-01-20,7.1684
2014-01-21,7.3375
2014-01-22,7.5049
2014-01-23,7.5103
2014-01-24,7.2895
2014-01-27,7.476
2014-01-28,7.6679
2014-01-29,7.5339
2014-01-30,7.2336
2014-01-31,7.3839
2014-02-03,6.9729
2014-02-04,7.0194
2014-02-05,6.9876
2014-02-06,7.1583
2014-02-07,7.3231
2014-02-10,7.4861
2014-02-11,7.7229
2014-02-12,7.9056
2014-02-13,7.6113
2014-02-14,7.6064
2014-02-17,7.5858
2014-02-18,7.5779
2014-02-19,7.5585
2014-02-20,7.515
2014-02-21,7.3517
2014-02-24,7.2121
2014-02-25,7.0306
2014-02-26,7.1938
2014-02-27,6.8471
2014-02-28,7.0063
2014-03-05,6.783
2014-03-06,6.8848
2014-03-07,7.2745
2014-03-10,7.0573
2014-03-11,7.1258
2014-03-12,7.0155
2014-03-13,7.0382
2014-03-14,6.8406
2014-03-17,6.9999
2014-03-18,6.8919
2014-03-19,7.1593
2014-03-20,7.0854
2014-03-21,7.0708
2014-03-24,6.9281
2014-03-25,6.6429
2014-03-26,6.539
2014-03-27,5.9526
2014-03-28,6.0911
2014-03-31,6.319
2014-04-01,6.6688
2014-04-02,6.8274
2014-04-03,7.207
2014-04-04,6.6156
2014-04-07,6.0703
2014-04-08,5.6056
2014-04-09,5.5605
2014-04-10,5.3958
2014-04-11,5.6166
2014-04-14,6.0701
2014-04-15,6.7071
2014-04-16,6.7184
2014-04-17,6.69
2014-04-22,5.9268
2014-04-23,5.4602
2014-04-24,5.461
2014-04-25,5.6922
2014-04-28,5.7676
2014-04-29,5.8043
2014-04-30,5.6783
2014-05-02,5.4165
2014-05-05,5.5298
2014-05-06,5.1448
2014-05-07,5.1259
2014-05-08,4.9839
2014-05-09,4.8479
2014-05-12,4.9139
2014-05-13,5.0239
2014-05-14,4.8788
2014-05-15,4.7563
2014-05-16,4.9094
2014-05-19,4.7868
2014-05-20,4.8353
2014-05-21,4.7378
2014-05-22,4.9201
2014-05-23,5.2051
2014-05-26,5.3973
2014-05-27,5.6181
2014-05-28,5.6298
2014-05-29,5.4951
2014-05-30,5.715
2014-06-02,6.2385
2014-06-03,6.5122
2014-06-04,6.4736
2014-06-05,6.6531
2014-06-06,6.9244
2014-06-09,6.9283
2014-06-10,6.9958
2014-06-11,7.4148
2014-06-12,7.3939
2014-06-13,7.3162
2014-06-16,7.4735
2014-06-17,7.5412
2014-06-18,7.3226
2014-06-20,7.0376
2014-06-23,7.2162
2014-06-24,7.6306
2014-06-25,7.4614
2014-06-26,7.3554
2014-06-27,7.0458
2014-06-30,6.8753
2014-07-01,6.7958
2014-07-02,6.9328
2014-07-03,6.9171
2014-07-04,6.8304
2014-07-07,6.9784
2014-07-08,6.7461
2014-07-09,6.6811
2014-07-10,6.6588
2014-07-11,6.701
2014-07-14,6.6206
2014-07-15,6.9998
2014-07-16,6.9127
2014-07-17,7.0635
2014-07-18,7.1066
2014-07-21,6.9115
2014-07-22,7.0097
2014-07-23,7.0916
2014-07-24,6.7376
2014-07-25,6.8353
2014-07-28,6.8573
2014-07-29,6.835
2014-07-30,6.8814
2014-07-31,6.7535
2014-08-01,6.1777
2014-08-04,6.3179
2014-08-05,6.1298
2014-08-06,6.2502
2014-08-07,6.1325
2014-08-08,6.2177
2014-08-11,6.3982
2014-08-12,6.3569
2014-08-13,5.999
2014-08-14,6.0527
2014-08-15,6.1961
2014-08-18,6.108
2014-08-19,6.2286
2014-08-20,6.311
2014-08-21,6.0573
2014-08-22,6.1273
2014-08-25,6.7259
2014-08-26,6.6884
2014-08-27,6.9178
2014-08-28,6.9846
2014-08-29,6.8516
2014-09-01,6.7822
2014-09-02,7.0109
2014-09-03,6.9893
2014-09-04,7.0367
2014-09-05,7.1676
2014-09-08,7.3998
2014-09-09,7.2777
2014-09-10,7.1651
2014-09-11,7.256
2014-09-12,7.1456
2014-09-15,7.0926
2014-09-16,7.0037
2014-09-17,7.3931
2014-09-18,7.7722
2014-09-19,8.0552
2014-09-22,8.1101
2014-09-23,8.2049
2014-09-24,8.3298
2014-09-25,8.3077
2014-09-26,8.2677
2014-09-29,8.3454
2014-09-30,8.5799
2014-10-01,8.5678
2014-10-02,8.6664
2014-10-03,8.7819
2014-10-06,8.1194
2014-10-07,7.7662
2014-10-08,7.8476
2014-10-09,7.7509
2014-10-10,7.5708
2014-10-13,7.4475
2014-10-14,7.3953
2014-10-15,7.2854
2014-10-16,7.4907
2014-10-17,7.4443
2014-10-20,7.3319
2014-10-21,7.4308
2014-10-22,7.4999
2014-10-23,8.0376
2014-10-24,7.6216
2014-10-27,8.2621
2014-10-28,8.0076
2014-10-29,7.8105
2014-10-30,7.202
2014-10-31,7.6128
2014-11-03,7.846
2014-11-04,7.9343
2014-11-05,8.0224
2014-11-06,8.4889
2014-11-07,8.5562
2014-11-10,8.4515
2014-11-11,8.3768
2014-11-12,8.3992
2014-11-13,8.7145
2014-11-14,8.6664
2014-11-17,8.6595
2014-11-18,8.7748
2014-11-19,8.7165
2014-11-20,8.7229
2014-11-21,8.0667
2014-11-24,8.2964
2014-11-25,8.2736
2014-11-26,8.0009
2014-11-27,7.8007
2014-11-28,7.8296
2014-12-01,7.5839
2014-12-02,7.5822
2014-12-03,7.372
2014-12-04,7.7509
2014-12-05,8.1731
2014-12-08,8.3749
2014-12-09,8.1312
2014-12-10,8.133
2014-12-11,8.2883
2014-12-12,8.084
2014-12-15,8.0523
2014-12-16,8.0614
2014-12-17,8.0909
2014-12-18,7.8347
2014-12-19,7.7465
2014-12-22,7.6305
2014-12-23,8.0121
2014-12-24,7.9989
2014-12-26,7.8649
2014-12-29,8.0172
2014-12-30,7.4777
2014-12-31,7.4436
2015-01-02,7.5353
2015-01-05,7.7617
2015-01-06,7.5212
2015-01-07,7.704
2015-01-08,7.532
2015-01-09,7.2542
2015-01-12,7.381
2015-01-13,7.5696
2015-01-14,7.315
2015-01-15,7.2774
2015-01-16,7.4746
2015-01-19,7.7678
2015-01-20,7.8236
2015-01-21,7.6622
2015-01-22,7.3983
2015-01-23,7.7254
2015-01-26,8.0599
2015-01-27,7.6041
2015-01-28,7.3672
2015-01-29,7.8416
2015-01-30,8.6703
2015-02-02,8.8477
2015-02-03,9.3092
2015-02-04,9.6381
2015-02-05,9.7676
2015-02-06,10.0066
2015-02-09,9.7533
2015-02-10,9.987
2015-02-11,9.9116
2015-02-12,9.6158
2015-02-13,10.0388
2015-02-18,10.2067
2015-02-19,10.5171
2015-02-20,10.8256
2015-02-23,11.0787
2015-02-24,11.0277
2015-02-25,11.5704
2015-02-26,11.5939
2015-02-27,11.9136
2015-03-02,12.0402
2015-03-03,12.1771
2015-03-04,12.6954
2015-03-05,13.0682
2015-03-06,13.2394
2015-03-09,13.311
2015-03-10,13.1623
2015-03-11,13.4611
2015-03-12,13.9032
2015-03-13,14.5656
2015-03-16,14.8557
2015-03-17,14.8866
2015-03-18,14.7771
2015-03-19,14.8742
2015-03-20,14.6539
2015-03-23,14.4187
2015-03-24,14.3266
2015-03-25,14.7358
2015-03-26,14.7552
2015-03-27,15.5433
2015-03-30,15.4407
2015-03-31,15.2161
2015-04-01,15.0206
2015-04-02,14.5401
2015-04-06,15.0181
2015-04-07,15.5986
2015-04-08,15.7753
2015-04-09,15.7289
2015-04-10,16.1313
2015-04-13,16.1507
2015-04-14,15.6819
2015-04-15,15.3522
2015-04-16,14.8967
2015-04-17,14.9596
2015-04-20,14.5918
2015-04-22,14.5065
2015-04-23,14.5043
2015-04-24,14.2861
2015-04-27,14.0036
2015-04-28,14.2145
2015-04-29,14.39
2015-04-30,14.3871
2015-05-04,14.9504
2015-05-05,14.3315
2015-05-06,14.4846
2015-05-07,14.2804
2015-05-08,14.587
2015-05-11,14.9172
2015-05-12,14.5529
2015-05-13,14.6436
2015-05-14,15.0332
2015-05-15,15.0781
2015-05-18,15.2639
2015-05-19,15.3642
2015-05-20,15.4491
2015-05-21,15.6351
2015-05-22,15.88
2015-05-25,15.8807
2015-05-26,16.2029
2015-05-27,16.1374
2015-05-28,16.2017
2015-05-29,16.1766
2015-06-01,16.0195
2015-06-02,15.2693
2015-06-03,15.2433
2015-06-05,15.1775
2015-06-08,14.9648
2015-06-09,14.8831
2015-06-10,15.0663
2015-06-11,14.9329
2015-06-12,14.9939
2015-06-15,14.8512
2015-06-16,14.7323
2015-06-17,14.3896
2015-06-18,14.5363
2015-06-19,14.8878
2015-06-22,15.2097
2015-06-23,15.4849
2015-06-24,15.3343
2015-06-25,15.5098
2015-06-26,15.5848
2015-06-29,15.2148
2015-06-30,15.0532
2015-07-01,15.5435
2015-07-02,15.3599
2015-07-03,15.7439
2015-07-06,15.6665
2015-07-07,15.9477
2015-07-08,16.1167
2015-07-09,16.1714
2015-07-10,16.4242
2015-07-13,16.4216
2015-07-14,16.5568
2015-07-15,16.6238
2015-07-16,16.905
2015-07-17,17.2099
2015-07-20,17.4528
2015-07-21,17.3313
2015-07-22,17.4398
2015-07-23,17.2686
2015-07-24,17.4371
2015-07-27,17.1793
2015-07-28,17.415
2015-07-29,17.2493
2015-07-30,17.964
2015-07-31,18.461
2015-08-03,18.8556
2015-08-04,18.732
2015-08-05,18.8451
2015-08-06,18.3789
2015-08-07,18.0753
2015-08-10,18.0854
2015-08-11,18.1
2015-08-12,17.9238
2015-08-13,18.3117
2015-08-14,18.2773
2015-08-17,18.3786
2015-08-18,18.3751
2015-08-19,18.3025
2015-08-20,17.6592
2015-08-21,17.2788
2015-08-24,16.4265
2015-08-25,16.3855
2015-08-26,17.1261
2015-08-27,16.9722
2015-08-28,17.1789
2015-08-31,16.5876
2015-09-01,16.2895
2015-09-02,16.1774
2015-09-03,16.5088
2015-09-04,16.4608
2015-09-08,16.7582
2015-09-09,16.9572
2015-09-10,16.7347
2015-09-11,17.0668
2015-09-14,17.2466
2015-09-15,17.6157
2015-09-16,17.6775
2015-09-17,17.4286
2015-09-18,17.0645
2015-09-21,16.8856
2015-09-22,16.9953
2015-09-23,16.7469
2015-09-24,17.2064
2015-09-25,16.646
2015-09-28,15.9758
2015-09-29,16.0776
2015-09-30,16.3559
2015-10-01,16.2956
2015-10-02,16.9464
2015-10-05,16.8169
2015-10-06,17.3225
2015-10-07,17.593
2015-10-08,17.4734
2015-10-09,17.0694
2015-10-13,17.5719
2015-10-14,17.3804
2015-10-15,17.6745
2015-10-16,17.6689
2015-10-19,18.0305
2015-10-20,17.8461
2015-10-21,17.8444
2015-10-22,18.29
2015-10-23,17.9362
2015-10-26,18.2961
2015-10-27,17.959
2015-10-28,18.1457
2015-10-29,17.9605
2015-10-30,18.4281
2015-11-03,16.6758
2015-11-04,17.1838
2015-11-05,16.6631
2015-11-06,16.4607
2015-11-09,16.4506
2015-11-10,16.6883
2015-11-11,16.5625
2015-11-12,16.5936
2015-11-13,16.4062
2015-11-16,16.4726
2015-11-17,16.5142
2015-11-18,16.7151
2015-11-19,16.8572
2015-11-20,16.9934
2015-11-23,17.4536
2015-11-24,16.8319
2015-11-25,17.0522
2015-11-26,17.107
2015-11-27,17.0595
2015-11-30,17.1429
2015-12-01,17.3283
2015-12-02,17.1606
2015-12-03,16.6154
2015-12-04,16.3879
2015-12-07,16.4231
2015-12-08,16.4454
2015-12-09,16.3119
2015-12-10,16.5795
2015-12-11,16.6516
2015-12-14,16.6548
2015-12-15,16.8073
2015-12-16,17.0544
2015-12-17,16.8677
2015-12-18,17.262
2015-12-21,17.5555
2015-12-22,17.3825
2015-12-23,16.9961
2015-12-24,16.9977
2015-12-28,16.6523
2015-12-29,16.811
2015-12-30,17.4756
2015-12-31,17.4954
2016-01-04,17.5781
2016-01-05,17.7421
2016-01-06,18.1983
2016-01-07,18.0666
2016-01-08,17.6949
2016-01-11,18.0005
2016-01-12,18.2242
2016-01-13,17.9823
2016-01-14,18.0409
2016-01-15,18.1663
2016-01-18,17.808
2016-01-19,17.8191
2016-01-20,18.1706
2016-01-21,18.6937
2016-01-22,18.9914
2016-01-25,18.5957
2016-01-26,18.4265
2016-01-27,18.5838
2016-01-28,18.9021
2016-01-29,18.3657
2016-02-01,17.8125
2016-02-02,17.094
2016-02-03,16.5051
2016-02-04,15.572
2016-02-05,15.7153
2016-02-10,14.9802
2016-02-11,14.8178
2016-02-12,15.2936
2016-02-15,15.4031
2016-02-16,16.0853
2016-02-17,15.9391
2016-02-18,16.0585
2016-02-19,15.895
2016-02-22,15.2754
2016-02-23,15.3068
2016-02-24,15.6591
2016-02-25,15.3317
2016-02-26,15.3721
2016-02-29,15.4309
2016-03-01,15.5301
2016-03-02,14.9753
2016-03-03,14.3609
2016-03-04,13.7375
2016-03-07,13.0246
2016-03-08,13.1876
2016-03-09,12.8046
2016-03-10,13.0547
2016-03-11,12.8375
2016-03-14,11.7804
2016-03-15,12.0343
2016-03-16,11.7906
2016-03-17,11.6217
2016-03-18,11.8496
2016-03-21,11.838
2016-03-22,12.1675
2016-03-23,12.436
2016-03-24,12.3408
2016-03-28,12.2828
2016-03-29,12.4247
2016-03-30,11.9547
2016-03-31,11.369
2016-04-01,11.6965
2016-04-04,11.6791
2016-04-05,11.8375
2016-04-06,11.6072
2016-04-07,11.5003
2016-04-08,12.0956
2016-04-11,11.6051
2016-04-12,11.8637
2016-04-13,12.4078
2016-04-14,12.8232
2016-04-15,13.0405
2016-04-18,13.4627
2016-04-19,13.3998
2016-04-20,13.826
2016-04-22,13.9294
2016-04-25,14.515
2016-04-26,14.5538
2016-04-27,15.065
2016-04-28,14.7113
2016-04-29,14.9024
2016-05-02,14.837
2016-05-03,14.6714
2016-05-04,14.2688
2016-05-05,14.8508
2016-05-06,15.1934
2016-05-09,15.0875
2016-05-10,15.6608
2016-05-11,15.6298
2016-05-12,16.1398
2016-05-13,15.9535
2016-05-16,15.6248
2016-05-17,15.4674
2016-05-18,15.0899
2016-05-19,15.0018
2016-05-20,15.161
2016-05-23,14.0094
2016-05-24,14.0689
2016-05-25,13.9112
2016-05-27,13.294
2016-05-30,13.5514
2016-05-31,13.3876
2016-06-01,13.4664
2016-06-02,14.2248
2016-06-03,14.2821
2016-06-06,14.3745
2016-06-07,14.4079
2016-06-08,14.8463
2016-06-09,14.9592
2016-06-10,14.504
2016-06-13,14.4494
2016-06-14,14.373
2016-06-15,14.3712
2016-06-16,14.4642
2016-06-17,14.6804
2016-06-20,14.4601
2016-06-21,14.6566
2016-06-22,14.3563
2016-06-23,14.3905
2016-06-24,14.2842
2016-06-27,14.4945
2016-06-28,14.5763
2016-06-29,14.7492
2016-06-30,15.0171
2016-07-01,14.7527
2016-07-04,14.2822
2016-07-05,14.1402
2016-07-06,14.078
2016-07-07,13.8534
2016-07-08,14.2788
2016-07-11,14.2907
2016-07-12,14.2757
2016-07-13,14.5009
2016-07-14,14.5918
2016-07-15,14.6994
2016-07-18,14.0413
2016-07-19,14.0147
2016-07-20,13.8026
2016-07-21,13.7451
2016-07-22,13.561
2016-07-25,13.7105
2016-07-26,13.7796
2016-07-27,13.9494
2016-07-28,13.7025
2016-07-29,13.9283
2016-08-01,12.804
2016-08-02,12.5688
2016-08-03,12.7024
2016-08-04,13.0999
2016-08-05,13.503
2016-08-08,14.0848
2016-08-09,14.3343
2016-08-10,14.4197
2016-08-11,14.4151
2016-08-12,14.5993
2016-08-15,14.3453
2016-08-16,14.2535
2016-08-17,14.0684
2016-08-18,13.8349
2016-08-19,14.1377
2016-08-22,15.0472
2016-08-23,15.0242
2016-08-24,15.5938
2016-08-25,15.3039
2016-08-26,14.3464
2016-08-29,14.6021
2016-08-30,14.6051
2016-08-31,15.1719
2016-09-01,15.5885
2016-09-02,15.6893
2016-09-05,15.3559
2016-09-06,15.5936
2016-09-08,15.4136
2016-09-09,14.7201
2016-09-12,14.7141
2016-09-13,14.1415
2016-09-14,13.8992
2016-09-15,13.9228
2016-09-16,14.037
2016-09-19,14.2262
2016-09-20,14.4113
2016-09-21,14.8269
2016-09-22,15.1759
2016-09-23,15.3625
2016-09-26,14.9819
2016-09-27,15.3086
2016-09-28,16.0047
2016-09-29,15.508
2016-09-30,15.3921
2016-10-03,15.4905
2016-10-04,15.315
2016-10-05,15.817
2016-10-06,16.0304
2016-10-07,16.3196
2016-10-10,17.0502
2016-10-11,17.0317
2016-10-13,16.954
2016-10-14,17.191
2016-10-17,16.9646
2016-10-18,17.1642
2016-10-19,17.195
2016-10-20,17.3688
2016-10-21,17.0416
2016-10-24,16.7832
2016-10-25,16.5531
2016-10-26,16.2797
2016-10-27,16.0277
2016-10-28,16.0605
2016-10-31,16.5783
2016-11-01,16.0321
2016-11-03,16.3222
2016-11-04,16.0149
2016-11-07,16.3961
2016-11-08,16.6419
2016-11-09,16.1593
2016-11-10,14.6023
2016-11-11,14.2838
2016-11-14,13.0467
2016-11-16,13.6316
2016-11-17,13.6418
2016-11-18,13.7411
2016-11-21,14.3236
2016-11-22,14.3986
2016-11-23,14.6083
2016-11-24,14.9573
2016-11-25,14.4782
2016-11-28,14.5675
2016-11-29,14.6586
2016-11-30,14.6041
2016-12-01,13.6572
2016-12-02,13.3715
2016-12-05,14.5864
2016-12-06,14.5512
2016-12-07,14.4719
2016-12-08,14.9714
2016-12-09,15.4881
2016-12-12,14.9708
2016-12-13,14.8627
2016-12-14,15.1702
2016-12-15,15.236
2016-12-16,15.3706
2016-12-19,15.334
2016-12-20,15.4254
2016-12-21,15.4193
2016-12-22,15.807
2016-12-23,15.7978
2016-12-26,15.8977
2016-12-27,15.9959
2016-12-28,16.5622
2016-12-29,16.2568
2016-12-30,15.9134
2017-01-02,16.2462
2017-01-03,16.2759
2017-01-04,15.6647
2017-01-05,15.455
2017-01-06,15.5273
2017-01-09,15.7348
2017-01-10,15.8479
2017-01-11,15.7867
2017-01-12,16.5005
2017-01-13,16.7978
2017-01-16,16.8065
2017-01-17,16.6095
2017-01-18,16.8273
2017-01-19,17.0707
2017-01-20,17.0145
2017-01-23,16.0853
2017-01-24,16.238
2017-01-25,16.2796
2017-01-26,16.4592
2017-01-27,16.8236
2017-01-30,16.3795
2017-01-31,16.3763
2017-02-01,16.5217
2017-02-02,16.8312
2017-02-03,17.571
2017-02-06,17.8025
2017-02-07,18.0244
2017-02-08,18.2685
2017-02-09,18.4645
2017-02-10,18.7914
2017-02-13,18.5398
2017-02-14,18.5865
2017-02-15,18.4288
2017-02-16,17.4177
2017-02-17,17.7284
2017-02-20,17.4295
2017-02-21,17.7596
2017-02-22,18.1674
2017-02-23,18.2727
2017-02-24,17.7901
2017-03-01,17.6412
2017-03-02,17.6895
2017-03-03,18.5952
2017-03-06,18.7828
2017-03-07,18.8183
2017-03-08,18.508
2017-03-09,18.3138
2017-03-10,18.7752
2017-03-13,18.8031
2017-03-14,18.5305
2017-03-15,18.4509
2017-03-16,18.52
2017-03-17,18.5069
2017-03-20,18.2673
2017-03-21,18.1564
2017-03-22,17.7018
2017-03-23,17.7721
2017-03-24,18.3833
2017-03-27,18.441
2017-03-28,18.18
2017-03-29,18.1381
2017-03-30,18.4266
2017-03-31,19.087
2017-04-03,18.8258
2017-04-04,19.251
2017-04-05,19.0562
2017-04-06,18.8848
2017-04-07,19.1444
2017-04-10,19.0745
2017-04-11,19.1194
2017-04-12,18.6023
2017-04-13,17.5426
2017-04-17,17.4583
2017-04-18,17.3395
2017-04-19,17.2809
2017-04-20,17.2427
2017-04-24,17.3538
2017-04-25,17.1809
2017-04-26,17.1094
2017-04-27,16.6179
2017-04-28,17.0957
2017-05-02,17.0034
2017-05-03,17.249
2017-05-04,17.0491
2017-05-05,17.1059
2017-05-08,16.9495
2017-05-09,17.2357
2017-05-10,16.867
2017-05-11,16.7485
2017-05-12,16.5595
2017-05-15,16.9362
2017-05-16,17.1749
2017-05-17,16.9601
2017-05-18,12.5677
2017-05-19,13.4104
2017-05-22,12.7346
2017-05-23,13.7493
2017-05-24,14.0508
2017-05-25,14.1316
2017-05-26,14.4224
2017-05-29,14.7345
2017-05-30,14.1802
2017-05-31,14.4873
2017-06-01,14.0554
2017-06-02,13.807
2017-06-05,13.6912
2017-06-06,13.7347
2017-06-07,13.7248
2017-06-08,13.4115
2017-06-09,13.6738
2017-06-12,14.0113
2017-06-13,14.0587
2017-06-14,14.1826
2017-06-16,14.5397
2017-06-19,14.6854
2017-06-20,14.2893
2017-06-21,14.2352
2017-06-22,14.234
2017-06-23,14.0279
2017-06-26,14.3115
2017-06-27,14.0517
2017-06-28,14.1708
2017-06-29,14.3486
2017-06-30,14.3765
2017-07-03,14.3746
2017-07-04,14.3828
2017-07-05,14.6092
2017-07-06,14.7995
2017-07-07,14.6596
2017-07-10,14.2625
2017-07-11,14.1707
2017-07-12,14.4397
2017-07-13,14.2538
2017-07-14,14.2894
2017-07-17,14.1671
2017-07-18,14.1291
2017-07-19,14.3679
2017-07-20,14.5055
2017-07-21,14.7626
2017-07-24,14.6215
2017-07-25,14.5826
2017-07-26,14.4694
2017-07-27,14.9414
2017-07-28,15.1908
2017-07-31,15.1922
2017-08-01,15.208
2017-08-02,15.653
2017-08-03,15.6169
2017-08-04,15.2251
2017-08-07,14.7447
2017-08-08,14.8972
2017-08-09,14.4849
2017-08-10,14.1713
2017-08-11,14.1229
2017-08-14,14.2982
2017-08-15,14.2895
2017-08-16,14.4749
2017-08-17,14.1795
2017-08-18,14.537
2017-08-21,14.1503
2017-08-22,14.4202
2017-08-23,14.6724
2017-08-24,14.93
2017-08-25,15.1118
2017-08-28,15.4035
2017-08-29,15.1695
2017-08-30,15.1868
2017-08-31,15.0698
2017-09-01,14.934
2017-09-04,14.7186
2017-09-05,14.8358
2017-09-06,15.0696
2017-09-08,15.0998
2017-09-11,15.8156
2017-09-12,15.5498
2017-09-13,16.1716
2017-09-14,16.3872
2017-09-15,16.2522
2017-09-18,16.2505
2017-09-19,16.3861
2017-09-20,16.2847
2017-09-21,15.9941
2017-09-22,15.5923
2017-09-25,15.2519
2017-09-26,15.5712
2017-09-27,15.191
2017-09-28,15.0712
2017-09-29,15.5704
2017-10-02,15.515
2017-10-03,15.2183
2017-10-04,15.4277
2017-10-05,14.907
2017-10-06,14.8894
2017-10-09,14.6281
2017-10-10,14.767
2017-10-11,14.828
2017-10-13,14.7203
2017-10-16,14.5884
2017-10-17,14.3228
2017-10-18,14.328
2017-10-19,14.0168
2017-10-20,14.0536
2017-10-23,13.9763
2017-10-24,13.7799
2017-10-25,14.1437
2017-10-26,13.9185
2017-10-27,13.9422
2017-10-30,13.6964
2017-10-31,13.5325
2017-11-01,14.003
2017-11-03,13.88
2017-11-06,13.7151
2017-11-07,12.8366
2017-11-08,13.0475
2017-11-09,13.1966
2017-11-10,14.3075
2017-11-13,14.614
2017-11-14,15.2431
2017-11-16,14.8835
2017-11-17,15.1332
2017-11-20,14.9284
2017-11-21,14.5557
2017-11-22,14.433
2017-11-23,14.2732
2017-11-24,14.3621
2017-11-27,14.5754
2017-11-28,14.5969
2017-11-29,14.0253
2017-11-30,13.461
2017-12-01,14.3517
2017-12-04,14.7661
2017-12-05,13.9937
2017-12-06,14.0536
2017-12-07,13.6673
2017-12-08,13.1066
2017-12-11,12.9717
2017-12-12,13.0628
2017-12-13,12.9784
2017-12-14,12.6583
2017-12-15,12.6505
2017-12-18,12.6221
2017-12-19,12.4599
2017-12-20,12.5969
2017-12-21,12.5106
2017-12-22,12.2625
2017-12-26,12.3317
2017-12-27,12.343
2017-12-28,12.433
2017-12-29,12.4583
2018-01-02,12.6351
2018-01-03,12.7498
2018-01-04,13.3
2018-01-05,13.3338
2018-01-08,13.0737
2018-01-09,12.9856
2018-01-10,12.8959
2018-01-11,13.2646
2018-01-12,12.6105
2018-01-15,12.8675
2018-01-16,12.6574
2018-01-17,13.0935
2018-01-18,13.0058
2018-01-19,12.8654
2018-01-22,12.7408
2018-01-23,12.7059
2018-01-24,13.344
2018-01-25,13.3022
2018-01-26,13.8738
2018-01-29,13.4918
2018-01-30,13.6494
2018-01-31,13.8086
2018-02-01,13.8213
2018-02-02,13.5513
2018-02-05,12.5352
2018-02-06,12.8512
2018-02-07,12.488
2018-02-08,11.907
2018-02-09,11.4111
2018-02-14,11.9436
2018-02-15,12.0895
2018-02-16,12.574
2018-02-19,12.51
2018-02-20,12.512
2018-02-21,12.3933
2018-02-22,12.4865
2018-02-23,12.3191
2018-02-26,12.7711
2018-02-27,12.7091
2018-02-28,12.6145
2018-03-01,11.9247
2018-03-02,12.3649
2018-03-05,12.1613
2018-03-06,12.148
2018-03-07,12.2197
2018-03-08,12.2676
2018-03-09,12.7091
2018-03-12,12.3336
2018-03-13,12.0944
2018-03-14,12.3259
2018-03-15,11.9566
2018-03-16,12.1862
2018-03-19,12.074
2018-03-20,12.1101
2018-03-21,12.3602
2018-03-22,12.6077
2018-03-23,12.5207
2018-03-26,12.5368
2018-03-27,12.0256
2018-03-28,11.8031
2018-03-29,12.0198
2018-04-02,11.7604
2018-04-03,11.7098
2018-04-04,11.4826
2018-04-05,11.8804
2018-04-06,12.0614
2018-04-09,11.6893
2018-04-10,11.627
2018-04-11,11.7469
2018-04-12,12.2131
2018-04-13,12.2564
2018-04-16,12.1864
2018-04-17,12.1874
2018-04-18,12.3792
2018-04-19,12.5981
2018-04-20,12.5827
2018-04-23,12.6242
2018-04-24,12.35
2018-04-25,12.4773
2018-04-26,12.6831
2018-04-27,12.7505
2018-04-30,12.3859
2018-05-02,11.9146
2018-05-03,11.5687
2018-05-04,11.7682
2018-05-07,11.4602
2018-05-08,11.3509
2018-05-09,11.3283
2018-05-10,11.4349
2018-05-11,11.0636
2018-05-14,10.7506
2018-05-15,10.4319
2018-05-16,10.342
2018-05-17,10.0265
2018-05-18,14.0732
2018-05-21,13.2733
2018-05-22,14.1435
2018-05-23,12.9617
2018-05-24,12.3955
2018-05-25,11.9652
2018-05-28,11.161
2018-05-29,10.6104
2018-05-30,11.1633
2018-06-01,11.8097
2018-06-04,12.1178
2018-06-05,11.6688
2018-06-06,11.3676
2018-06-07,10.5793
2018-06-08,10.5184
2018-06-11,10.4378
2018-06-12,10.5881
2018-06-13,10.5839
2018-06-14,10.2273
2018-06-15,10.2468
2018-06-18,9.9991
2018-06-19,10.0516
2018-06-20,10.5215
2018-06-21,10.238
2018-06-22,10.3183
2018-06-25,10.2672
2018-06-26,10.3264
2018-06-27,10.2439
2018-06-28,10.3346
2018-06-29,10.5363
2018-07-02,10.4547
2018-07-03,10.3336
2018-07-04,10.5462
2018-07-05,10.4675
2018-07-06,10.3302
2018-07-09,10.4421
2018-07-10,10.2469
2018-07-11,10.1291
2018-07-12,10.0077
2018-07-13,10.042
2018-07-16,9.9305
2018-07-17,9.9855
2018-07-18,9.7876
2018-07-19,9.6551
2018-07-20,9.578
2018-07-23,9.5529
2018-07-24,9.7583
2018-07-25,9.9241
2018-07-26,9.7747
2018-07-27,9.2579
2018-07-30,9.1174
2018-07-31,8.935
2018-08-01,8.9503
2018-08-02,8.7918
2018-08-03,8.7792
2018-08-06,8.8644
2018-08-07,8.7212
2018-08-08,8.6639
2018-08-09,8.7353
2018-08-10,8.5025
2018-08-13,8.6273
2018-08-14,8.7549
2018-08-15,8.5301
2018-08-16,8.392
2018-08-17,8.6197
2018-08-20,8.4525
2018-08-21,8.3019
2018-08-22,8.3709
2018-08-23,8.069
2018-08-24,7.9001
2018-08-27,7.9546
2018-08-28,7.9656
2018-08-29,8.063
2018-08-30,7.8182
2018-08-31,7.513
2018-09-03,7.499
2018-09-04,7.3288
2018-09-05,7.2906
2018-09-06,6.9012
2018-09-10,6.8944
2018-09-11,6.8344
2018-09-12,6.7542
2018-09-13,6.6993
2018-09-14,6.5767
2018-09-17,6.5759
2018-09-18,6.5694
2018-09-19,6.3145
2018-09-20,6.1917
2018-09-21,6.1427
2018-09-24,6.1409
2018-09-25,6.5586
2018-09-26,6.2971
2018-09-27,6.4446
2018-09-28,6.4252
2018-10-01,5.901
2018-10-02,6.0241
2018-10-03,6.1334
2018-10-04,6.241
2018-10-05,6.2786
2018-10-08,6.9395
2018-10-09,7.1878
2018-10-10,6.5992
2018-10-11,6.365
2018-10-15,6.3682
2018-10-16,6.9231
2018-10-17,7.1185
2018-10-18,6.6154
2018-10-19,6.6812
2018-10-22,6.9047
2018-10-23,7.0514
2018-10-24,6.4909
2018-10-25,6.6518
2018-10-26,7.4793
2018-10-29,6.9262
2018-10-30,7.8538
2018-10-31,8.0467
2018-11-01,8.1756
2018-11-05,8.6385
2018-11-06,8.2635
2018-11-07,8.3508
2018-11-08,7.5621
2018-11-09,7.9163
2018-11-12,8.1232
2018-11-13,7.8564
2018-11-14,8.45
2018-11-16,8.5456
2018-11-19,8.178
2018-11-20,8.173
2018-11-21,7.6676
2018-11-22,7.8532
2018-11-23,7.5639
2018-11-26,7.134
2018-11-27,7.7268
2018-11-28,7.8601
2018-11-29,8.3487
2018-11-30,8.4872
2018-12-03,8.5945
2018-12-04,8.0288
2018-12-05,8.2345
2018-12-06,8.0516
2018-12-07,8.0559
2018-12-10,7.4794
2018-12-11,7.5727
2018-12-12,7.7337
2018-12-13,8.1768
2018-12-14,8.2828
2018-12-17,7.8566
2018-12-18,7.5744
2018-12-19,7.5497
2018-12-20,7.366
2018-12-21,7.0962
2018-12-24,7.0595
2018-12-26,6.7859
2018-12-27,6.8087
2018-12-28,7.0932
2018-12-31,7.0921
2019-01-02,7.2855
2019-01-03,7.4567
2019-01-04,7.3133
2019-01-07,7.1409
2019-01-08,7.2627
2019-01-09,7.7095
2019-01-10,7.642
2019-01-11,7.2904
2019-01-14,7.3645
2019-01-15,7.0348
2019-01-16,7.1514
2019-01-17,7.1446
2019-01-18,7.1792
2019-01-21,7.0515
2019-01-22,6.7995
2019-01-23,7.2293
2019-01-24,6.6371
2019-01-25,6.5861
2019-01-28,5.6575
2019-01-29,6.0166
2019-01-30,6.3044
2019-01-31,6.5635
2019-02-01,6.4199
2019-02-04,6.8122
2019-02-05,7.4435
2019-02-06,6.5964
2019-02-07,6.5316
2019-02-08,6.8891
2019-02-11,6.9367
2019-02-12,7.3893
2019-02-13,7.3853
2019-02-14,6.854
2019-02-15,6.6738
2019-02-18,6.3477
2019-02-19,6.4014
2019-02-20,5.9919
2019-02-21,5.8113
2019-02-22,5.9424
2019-02-25,5.7735
2019-02-26,5.6612
2019-02-27,5.7605
2019-02-28,5.6953
2019-03-01,5.831
2019-03-06,5.1756
2019-03-07,5.0756
2019-03-08,5.3471
2019-03-11,5.5453
2019-03-12,5.4777
2019-03-13,5.7346
2019-03-14,5.7721
2019-03-15,6.0424
2019-03-18,6.073
2019-03-19,6.2145
2019-03-20,6.1345
2019-03-21,5.5802
2019-03-22,4.7231
2019-03-25,4.8389
2019-03-26,4.6883
2019-03-27,4.513
2019-03-28,4.9895
2019-03-29,4.8528
2019-04-01,5.0042
2019-04-02,5.2732
2019-04-03,5.1419
2019-04-04,5.3735
2019-04-05,5.0478
2019-04-08,5.1755
2019-04-09,5.1512
2019-04-10,5.0296
2019-04-11,4.7854
2019-04-12,4.3537
2019-04-15,4.581
2019-04-16,4.7076
2019-04-17,4.4399
2019-04-18,4.416
2019-04-22,4.3455
2019-04-23,4.5635
2019-04-24,4.5997
2019-04-25,4.8359
2019-04-26,4.6419
2019-04-29,4.6122
2019-04-30,4.7921
2019-05-02,4.8782
2019-05-03,5.3167
2019-05-06,5.1845
2019-05-07,5.2683
2019-05-08,5.5061
2019-05-09,5.3203
2019-05-10,4.9439
2019-05-13,4.8321
2019-05-14,5.0464
2019-05-15,5.06
2019-05-16,4.6127
2019-05-17,5.1716
2019-05-20,5.772
2019-05-21,6.0243
2019-05-22,5.613
2019-05-23,6.2554
2019-05-24,6.4282
2019-05-27,6.984
2019-05-28,7.8715
2019-05-29,8.3099
2019-05-30,8.0633
2019-05-31,8.1454
2019-06-03,7.6501
2019-06-04,7.4339
2019-06-05,7.6505
2019-06-06,7.954
2019-06-07,8.9033
2019-06-10,8.9725
2019-06-11,9.083
2019-06-12,8.854
2019-06-13,9.1566
2019-06-14,9.4969
2019-06-17,9.3705
2019-06-18,9.5231
2019-06-19,9.4099
2019-06-21,9.8165
2019-06-24,9.7662
2019-06-25,9.3615
2019-06-26,9.2089
2019-06-27,9.3436
2019-06-28,9.3804
2019-07-01,9.1976
2019-07-02,8.8943
2019-07-03,9.1367
2019-07-04,9.3063
2019-07-05,9.4508
2019-07-08,9.7708
2019-07-09,9.7265
2019-07-10,10.1104
2019-07-11,10.0193
2019-07-12,9.7869
2019-07-15,9.7156
2019-07-16,9.58
2019-07-17,9.4743
2019-07-18,9.7629
2019-07-19,9.5111
2019-07-22,9.3546
2019-07-23,9.2917
2019-07-24,9.2161
2019-07-25,8.7832
2019-07-26,9.0773
2019-07-29,9.1669
2019-07-30,9.1001
2019-07-31,8.9715
2019-08-01,9.2394
2019-08-02,9.3157
2019-08-05,8.7855
2019-08-06,9.1657
2019-08-07,9.4412
2019-08-08,9.8462
2019-08-09,10.1359
2019-08-12,10.1217
2019-08-13,9.8888
2019-08-14,9.2632
2019-08-15,9.2024
2019-08-16,9.3814
2019-08-19,9.2509
2019-08-20,9.2066
2019-08-21,9.7936
2019-08-22,9.3898
2019-08-23,9.1984
2019-08-26,8.7003
2019-08-27,8.6734
2019-08-28,8.6049
2019-08-29,8.7087
2019-08-30,9.2906
2019-09-02,9.4961
2019-09-03,9.281
2019-09-04,9.5078
2019-09-05,9.4752
2019-09-06,9.3779
2019-09-09,9.1685
2019-09-10,8.9615
2019-09-11,9.1697
2019-09-12,9.3354
2019-09-13,9.0816
2019-09-16,9.0848
2019-09-17,9.0699
2019-09-18,9.0558
2019-09-19,9.4227
2019-09-20,9.6015
2019-09-23,9.4471
2019-09-24,9.2691
2019-09-25,9.1902
2019-09-26,9.5928
2019-09-27,9.4693
2019-09-30,9.4568
2019-10-01,9.6801
2019-10-02,9.0773
2019-10-03,8.9301
2019-10-04,8.9515
2019-10-07,8.5708
2019-10-08,7.7565
2019-10-09,7.8804
2019-10-10,8.2337
2019-10-11,8.8672
2019-10-14,9.0293
2019-10-15,8.8786
2019-10-16,8.7084
2019-10-17,8.6392
2019-10-18,9.0365
2019-10-21,9.2335
2019-10-22,8.8416
2019-10-23,9.0283
2019-10-24,9.3424
2019-10-25,9.2641
2019-10-28,8.9495
2019-10-29,9.4719
2019-10-30,9.1817
2019-10-31,8.7447
2019-11-01,8.8838
2019-11-04,8.864
2019-11-05,8.4722
2019-11-06,8.7426
2019-11-07,9.1831
2019-11-08,9.189
2019-11-11,9.2691
2019-11-12,8.8863
2019-11-13,8.8736
2019-11-14,8.7998
2019-11-18,8.1865
2019-11-19,8.1752
2019-11-20,8.1108
2019-11-21,8.4861
2019-11-22,8.6133
2019-11-25,8.7989
2019-11-26,8.8431
2019-11-27,8.4382
2019-11-28,8.4354
2019-11-29,8.4242
2019-12-02,8.4565
2019-12-03,8.494
2019-12-04,9.1737
2019-12-05,9.1228
2019-12-06,9.6579
2019-12-09,9.8821
2019-12-10,10.3481
2019-12-11,10.4708
2019-12-12,10.5218
2019-12-13,10.4923
2019-12-16,10.5255
2019-12-17,10.5892
2019-12-18,10.9079
2019-12-19,10.9748
2019-12-20,11.0585
2019-12-23,11.328
2019-12-24,11.3684
2019-12-26,11.7841
2019-12-27,11.66
2019-12-30,11.1436
2019-12-31,11.1156
2020-01-02,10.9288
2020-01-03,10.5257
2020-01-06,10.1946
2020-01-07,10.3857
2020-01-08,10.2466
2020-01-09,9.9465
2020-01-10,10.0333
2020-01-13,10.4712
2020-01-14,10.3929
2020-01-15,10.4834
2020-01-16,10.4132
2020-01-17,10.5504
2020-01-20,10.6136
2020-01-21,10.2844
2020-01-22,10.755
2020-01-23,10.6449
2020-01-24,10.2159
2020-01-27,9.4343
2020-01-28,10.3008
2020-01-29,9.94
2020-01-30,9.6261
2020-01-31,8.8923
2020-02-03,9.1408
2020-02-04,9.2499
2020-02-05,9.5205
2020-02-06,9.8793
2020-02-07,9.6793
2020-02-10,9.214
2020-02-11,10.2234
2020-02-12,10.2026
2020-02-13,10.112
2020-02-14,9.5697
2020-02-17,9.7107
2020-02-18,9.8673
2020-02-19,10.1033
2020-02-20,9.9722
2020-02-21,9.7878
2020-02-26,7.7701
2020-02-27,7.1193
2020-02-28,7.4342
2020-03-02,8.4386
2020-03-03,8.3839
2020-03-04,9.1274
2020-03-05,7.6198
2020-03-06,6.457
2020-03-09,3.3884
2020-03-10,4.68
2020-03-11,2.168
2020-03-12,-1.2085
2020-03-13,1.2785
2020-03-16,-0.4907
2020-03-17,-0.0575
2020-03-18,-2.5579
2020-03-19,-2.1859
2020-03-20,-2.3532
2020-03-23,-1.9914
2020-03-24,-0.7765
2020-03-25,0.2779
2020-03-26,1.0628
2020-03-27,1.1225
2020-03-30,1.1097
2020-03-31,0.9314
2020-04-01,0.2642
2020-04-02,0.4534
2020-04-03,0.2257
2020-04-06,0.9808
2020-04-07,1.301
2020-04-08,1.7551
2020-04-09,2.0609
2020-04-13,2.572
2020-04-14,3.1717
2020-04-15,3.149
2020-04-16,3.2005
2020-04-17,3.5229
2020-04-20,3.4735
2020-04-22,4.237
2020-04-23,3.7271
2020-04-24,2.756
2020-04-27,2.7985
2020-04-28,3.355
2020-04-29,3.683
2020-04-30,3.322
2020-05-04,2.9927
2020-05-05,3.1675
2020-05-06,3.3813
2020-05-07,3.5664
2020-05-08,3.6358
2020-05-11,3.6123
2020-05-12,3.2332
2020-05-13,3.4114
2020-05-14,3.5487
2020-05-15,3.419
2020-05-18,4.205
2020-05-19,4.2773
2020-05-20,4.238
2020-05-21,3.9879
2020-05-22,3.8746
2020-05-25,4.5171
2020-05-26,4.4937
2020-05-27,4.8032
2020-05-28,4.3655
2020-05-29,4.4608
2020-06-01,4.4894
2020-06-02,4.775
2020-06-03,5.2025
2020-06-04,5.2138
2020-06-05,5.5961
2020-06-08,5.6976
2020-06-09,5.5953
2020-06-10,5.3652
2020-06-12,4.7703
2020-06-15,4.5283
2020-06-16,4.7313
2020-06-17,5.294
2020-06-18,5.2018
2020-06-19,5.1304
2020-06-22,4.6229
2020-06-23,4.753
2020-06-24,4.3229
2020-06-25,5.0833
2020-06-26,4.5418
2020-06-29,4.4799
2020-06-30,4.5941
2020-07-01,4.9558
2020-07-02,5.1172
2020-07-03,5.0186
2020-07-06,5.0997
2020-07-07,4.8497
2020-07-08,4.9876
2020-07-09,4.9681
2020-07-10,5.0168
2020-07-13,4.7823
2020-07-14,5.0266
2020-07-15,5.3653
2020-07-16,5.0042
2020-07-17,5.631
2020-07-20,6.0952
2020-07-21,6.0518
2020-07-22,6.0823
2020-07-23,5.7018
2020-07-24,5.5816
2020-07-27,6.2463
2020-07-28,6.2279
2020-07-29,6.4931
2020-07-30,6.5306
2020-07-31,6.5014
2020-08-03,6.063
2020-08-04,5.8464
2020-08-05,6.7027
2020-08-06,6.7505
2020-08-07,6.3003
2020-08-10,5.7056
2020-08-11,5.316
2020-08-12,5.7773
2020-08-13,5.5631
2020-08-14,6.0708
2020-08-17,5.9288
2020-08-18,6.5719
2020-08-19,6.3768
2020-08-20,6.4991
2020-08-21,6.1201
2020-08-24,6.7262
2020-08-25,6.7847
2020-08-26,7.063
2020-08-27,6.8641
2020-08-28,7.3269
2020-08-31,6.2154
2020-09-01,6.7637
2020-09-02,6.7147
2020-09-03,6.2709
2020-09-04,6.2647
2020-09-08,5.8941
2020-09-09,6.5098
2020-09-10,5.9797
2020-09-11,5.7189
2020-09-14,6.3244
2020-09-15,6.3291
2020-09-16,6.0692
2020-09-17,5.8372
2020-09-18,5.1954
2020-09-21,4.2968
2020-09-22,4.5106
2020-09-23,4.0247
2020-09-24,4.3454
2020-09-25,4.3785
2020-09-28,3.7476
2020-09-29,3.5011
2020-09-30,3.7215
2020-10-01,4.1001
2020-10-02,3.9672
2020-10-05,3.9593
2020-10-06,3.6543
2020-10-07,4.1508
2020-10-08,4.5499
2020-10-09,4.5731
2020-10-13,4.3133
2020-10-14,4.2953
2020-10-15,4.3567
2020-10-16,4.0403
2020-10-19,3.8166
2020-10-20,4.219
2020-10-21,4.1532
2020-10-22,4.1938
2020-10-23,4.0375
2020-10-26,3.668
2020-10-27,3.5538
2020-10-28,2.4415
2020-10-29,2.7577
2020-10-30,1.8369
2020-11-03,2.3365
2020-11-04,2.9083
2020-11-05,3.9426
2020-11-06,4.0779
2020-11-09,4.2884
2020-11-10,4.1437
2020-11-11,4.0336
2020-11-12,3.8758
2020-11-13,4.5987
2020-11-16,4.6579
2020-11-17,4.7091
2020-11-18,4.5601
2020-11-19,4.8274
2020-11-20,4.8189
2020-11-23,4.5817
2020-11-24,5.0595
2020-11-25,5.2809
2020-11-26,5.7102
2020-11-27,5.8951
2020-11-30,5.3361
2020-12-01,5.7925
2020-12-02,5.9108
2020-12-03,6.0245
2020-12-04,6.0906
2020-12-07,5.4913
2020-12-08,5.6101
2020-12-09,5.2886
2020-12-10,5.5475
2020-12-11,5.3909
2020-12-14,4.8345
2020-12-15,5.3672
2020-12-16,5.6536
2020-12-17,6.0564
2020-12-18,5.6949
2020-12-21,5.1405
2020-12-22,5.1628
2020-12-23,5.2557
2020-12-24,5.2508
2020-12-28,5.0946
2020-12-29,5.2876
2020-12-30,5.5014
2020-12-31,5.5131
2021-01-04,4.9174
2021-01-05,5.0871
2021-01-06,4.8692
2021-01-07,5.1895
2021-01-08,5.8578
2021-01-11,5.3283
2021-01-12,5.6479
2021-01-13,5.0339
2021-01-14,5.2519
2021-01-15,4.764
2021-01-18,4.4448
2021-01-19,4.5854
2021-01-20,4.6071
2021-01-21,4.6729
2021-01-22,4.0868
2021-01-25,4.0503
2021-01-26,3.918
2021-01-27,4.0035
2021-01-28,4.165
2021-01-29,4.0135
2021-02-01,4.7789
2021-02-02,5.2765
2021-02-03,5.3799
2021-02-04,5.2826
2021-02-05,5.4677
2021-02-08,6.278
2021-02-09,6.1977
2021-02-10,6.3716
2021-02-11,5.9173
2021-02-12,5.6238
2021-02-17,5.8358
2021-02-18,5.6478
2021-02-19,5.405
2021-02-22,5.0486
2021-02-23,5.2066
2021-02-24,5.3937
2021-02-25,4.5078
2021-02-26,6.1934
2021-03-01,6.566
2021-03-02,5.5992
2021-03-03,5.3685
2021-03-04,4.6151
2021-03-05,6.6646
2021-03-08,6.9209
2021-03-09,10.1473
2021-03-10,8.7181
2021-03-11,11.7246
2021-03-12,15.4491
2021-03-15,12.4751
2021-03-16,14.3595
2021-03-17,14.2995
2021-03-18,16.2428
2021-03-19,16.0794
2021-03-22,16.1539
2021-03-23,16.3575
2021-03-24,14.3878
2021-03-25,13.6358
2021-03-26,12.9883
2021-03-29,13.5312
2021-03-30,13.3552
2021-03-31,13.7982
2021-04-01,14.4851
2021-04-05,15.0718
2021-04-06,14.0567
2021-04-07,13.6987
2021-04-08,13.4451
2021-04-09,13.3402
2021-04-12,13.4688
2021-04-13,13.2055
2021-04-14,12.5618
2021-04-15,12.7242
2021-04-16,12.8598
2021-04-19,12.5176
2021-04-20,11.8523
2021-04-22,10.8865
2021-04-23,11.5905
2021-04-26,12.9686
2021-04-27,12.5429
2021-04-28,12.218
2021-04-29,11.9932
2021-04-30,12.0123
2021-05-03,12.0065
2021-05-04,11.8791
2021-05-05,12.022
2021-05-06,11.9015
2021-05-07,12.3265
2021-05-10,11.7725
2021-05-11,11.9837
2021-05-12,11.5595
2021-05-13,11.7012
2021-05-14,12.0123
2021-05-17,12.4276
2021-05-18,11.8389
2021-05-19,11.5045
2021-05-20,11.5498
2021-05-21,11.482
2021-05-24,11.9812
2021-05-25,11.0207
2021-05-26,11.2276
2021-05-27,11.0473
2021-05-28,11.3359
2021-05-31,11.2871
2021-06-01,11.3706
2021-06-02,11.1825
2021-06-04,10.6812
2021-06-07,10.5378
2021-06-08,9.8398
2021-06-09,9.8806
2021-06-10,10.1931
2021-06-11,10.015
2021-06-14,10.7513
2021-06-15,10.6841
2021-06-16,10.407
2021-06-17,9.6116
2021-06-18,9.4763
2021-06-21,9.7654
2021-06-22,9.9033
2021-06-23,9.8418
2021-06-24,10.533
2021-06-25,9.9865
2021-06-28,10.6611
2021-06-29,10.2837
2021-06-30,10.0697
2021-07-01,9.584
2021-07-02,9.8622
2021-07-05,9.6033
2021-07-06,8.3113
2021-07-07,8.6914
2021-07-08,7.7522
2021-07-09,7.9525
2021-07-12,7.9722
2021-07-13,8.6132
2021-07-14,8.3664
2021-07-15,7.7678
2021-07-16,7.9514
2021-07-19,6.3301
2021-07-20,6.1859
2021-07-21,6.5704
2021-07-22,6.6914
2021-07-23,7.1022
2021-07-26,7.0816
2021-07-27,6.0669
2021-07-28,6.3775
2021-07-29,6.2458
2021-07-30,5.5404
2021-08-02,5.5926
2021-08-03,5.5986
2021-08-04,5.6465
2021-08-05,5.3734
2021-08-06,5.1755
2021-08-09,5.5471
2021-08-10,5.6784
2021-08-11,6.012
2021-08-12,5.8433
2021-08-13,5.8805
2021-08-16,5.0895
2021-08-17,4.9324
2021-08-18,4.1659
2021-08-19,4.6896
2021-08-20,4.8749
2021-08-23,4.8456
2021-08-24,5.0531
2021-08-25,5.2836
2021-08-26,5.101
2021-08-27,5.5257
2021-08-30,4.9796
2021-08-31,5.4017
2021-09-01,4.9795
2021-09-02,4.8211
2021-09-03,5.4971
2021-09-06,5.4946
2021-09-08,5.5081
2021-09-09,5.2635
2021-09-10,5.8314
2021-09-13,6.1436
2021-09-14,5.6862
2021-09-15,5.8814
2021-09-16,6.0683
2021-09-17,5.9096
2021-09-20,5.7431
2021-09-21,6.5553
2021-09-22,6.5985
2021-09-23,7.7231
2021-09-24,7.6599
2021-09-27,7.6404
2021-09-28,7.5064
2021-09-29,7.8262
2021-09-30,7.6102
2021-10-01,7.5853
2021-10-04,7.6664
2021-10-05,7.418
2021-10-06,7.6498
2021-10-07,7.8346
2021-10-08,7.8104
2021-10-11,7.4627
2021-10-13,7.1991
2021-10-14,7.1793
2021-10-15,7.5847
2021-10-18,7.6804
2021-10-19,7.372
2021-10-20,6.895
2021-10-21,6.4576
2021-10-22,5.9835
2021-10-25,6.2892
2021-10-26,6.1805
2021-10-27,5.9162
2021-10-28,6.9075
2021-10-29,7.1217
2021-11-01,7.4861
2021-11-03,7.4453
2021-11-04,6.5774
2021-11-05,5.8873
2021-11-08,5.7331
2021-11-09,5.6287
2021-11-10,6.0997
2021-11-11,6.5071
2021-11-12,6.9773
2021-11-16,6.0052
2021-11-17,5.5815
2021-11-18,5.8326
2021-11-19,5.6746
2021-11-22,5.5965
2021-11-23,5.6737
2021-11-24,5.2685
2021-11-25,5.3326
2021-11-26,3.9218
2021-11-29,3.9174
2021-11-30,3.5024
2021-12-01,2.7832
2021-12-02,3.1852
2021-12-03,3.0094
2021-12-06,3.1268
2021-12-07,3.5871
2021-12-08,3.7098
2021-12-09,3.6417
2021-12-10,3.6818
2021-12-13,3.3664
2021-12-14,3.1578
2021-12-15,2.9505
2021-12-16,2.3957
2021-12-17,2.089
2021-12-20,1.5778
2021-12-21,2.4345
2021-12-22,2.4684
2021-12-23,2.2223
2021-12-24,2.1817
2021-12-27,2.456
2021-12-28,2.2777
2021-12-29,2.0323
2021-12-30,2.086
2021-12-31,2.0359
2022-01-03,2.0548
2022-01-04,2.0916
2022-01-05,1.3378
2022-01-06,1.8841
2022-01-07,1.5829
2022-01-10,0.9351
2022-01-11,1.6244
2022-01-12,1.5715
2022-01-13,1.535
2022-01-14,1.4802
2022-01-17,1.9749
2022-01-18,1.9209
2022-01-19,1.9468
2022-01-20,2.1566
2022-01-21,2.0
2022-01-24,2.0512
2022-01-25,2.4513
2022-01-26,2.9699
2022-01-27,3.88
2022-01-28,3.2811
2022-01-31,4.2309
2022-02-01,3.6107
2022-02-02,3.0303
2022-02-03,2.7027
2022-02-04,3.0445
2022-02-07,2.5343
2022-02-08,2.4178
2022-02-09,2.599
2022-02-10,3.2122
2022-02-11,2.8074
2022-02-14,2.9411
2022-02-15,3.2111
2022-02-16,3.2403
2022-02-17,2.6632
2022-02-18,2.6725
2022-02-21,2.3974
2022-02-22,3.5336
2022-02-23,3.4759
2022-02-24,3.26
2022-02-25,4.9654
2022-03-02,4.6073
2022-03-03,4.9432
2022-03-04,4.6978
2022-03-07,3.9485
2022-03-08,5.3922
2022-03-09,5.8157
2022-03-10,6.1874
2022-03-11,5.0922
2022-03-14,5.0927
2022-03-15,5.0258
2022-03-16,5.5442
2022-03-17,5.5722
2022-03-18,6.7518
2022-03-21,7.1073
2022-03-22,7.848
2022-03-23,8.4662
2022-03-24,9.4436
2022-03-25,9.5158
2022-03-28,9.0207
2022-03-29,9.1169
2022-03-30,8.5992
2022-03-31,8.1771
2022-04-01,8.8037
2022-04-04,8.9429
2022-04-05,8.516
2022-04-06,8.2215
2022-04-07,8.3566
2022-04-08,8.4559
2022-04-11,8.1738
2022-04-12,7.9697
2022-04-13,8.1198
2022-04-14,8.3715
2022-04-18,8.0797
2022-04-19,8.3218
2022-04-20,8.8041
2022-04-22,8.7133
2022-04-25,8.1155
2022-04-26,7.7021
2022-04-27,7.984
2022-04-28,8.1082
2022-04-29,8.2616
2022-05-02,8.082
2022-05-03,8.2291
2022-05-04,9.1905
2022-05-05,8.5112
2022-05-06,8.4312
2022-05-09,7.2367
2022-05-10,7.6425
2022-05-11,7.6684
2022-05-12,8.4522
2022-05-13,8.9602
2022-05-16,8.6438
2022-05-17,8.6193
2022-05-18,8.3369
2022-05-19,8.6857
2022-05-20,8.5484
2022-05-23,8.8433
2022-05-24,8.2503
2022-05-25,8.6202
2022-05-26,8.7636
2022-05-27,8.52
2022-05-30,8.1427
2022-05-31,8.1423
2022-06-01,7.9798
2022-06-02,8.0691
2022-06-03,8.0414
2022-06-06,7.9454
2022-06-07,7.9481
2022-06-08,8.2166
2022-06-09,8.2831
2022-06-10,8.2355
2022-06-13,8.3852
2022-06-14,7.9531
2022-06-15,8.1066
2022-06-17,8.0495
2022-06-20,8.0872
2022-06-21,7.6403
2022-06-22,7.3324
2022-06-23,7.0927
2022-06-24,6.8519
2022-06-27,7.1497
2022-06-28,7.0631
2022-06-29,6.9739
2022-06-30,6.9701
2022-07-01,6.9732
2022-07-04,6.6237
2022-07-05,6.4272
2022-07-06,7.251
2022-07-07,7.5275
2022-07-08,8.099
2022-07-11,7.5801
2022-07-12,7.1085
2022-07-13,6.8546
2022-07-14,6.8707
2022-07-15,7.1856
2022-07-18,7.3551
2022-07-19,8.4177
2022-07-20,8.3958
2022-07-21,7.9467
2022-07-22,7.5668
2022-07-25,7.7063
2022-07-26,7.8024
2022-07-27,8.6277
2022-07-28,8.5329
2022-07-29,9.4257
2022-08-01,9.3867
2022-08-02,9.5101
2022-08-03,9.6972
2022-08-04,10.2686
2022-08-05,10.3388
2022-08-08,10.2274
2022-08-09,10.1028
2022-08-10,10.0857
2022-08-11,9.9217
2022-08-12,10.4536
2022-08-15,10.833
2022-08-16,11.3618
2022-08-17,11.9247
2022-08-18,12.246
2022-08-19,11.8697
2022-08-22,11.7222
2022-08-23,12.0314
2022-08-24,11.8251
2022-08-25,11.4637
2022-08-26,11.9575
2022-08-29,11.8247
2022-08-30,11.8268
2022-08-31,11.9531
2022-09-01,12.157
2022-09-02,12.4263
2022-09-05,12.5797
2022-09-06,12.0557
2022-09-08,12.4622
2022-09-09,12.6452
2022-09-12,12.8111
2022-09-13,12.5465
2022-09-14,12.8109
2022-09-15,12.5695
2022-09-16,12.4499
2022-09-19,12.9006
2022-09-20,13.8958
2022-09-21,13.8473
2022-09-22,14.1438
2022-09-23,13.5586
2022-09-26,13.0595
2022-09-27,12.9155
2022-09-28,13.3755
2022-09-29,13.1908
2022-09-30,13.4506
2022-10-03,13.7917
2022-10-04,14.0607
2022-10-05,14.0965
2022-10-06,14.536
2022-10-07,14.3968
2022-10-10,14.1542
2022-10-11,13.9214
2022-10-13,13.8219
2022-10-14,13.6997
2022-10-17,13.3004
2022-10-18,13.4054
2022-10-19,14.1076
2022-10-20,14.3144
2022-10-21,14.8158
2022-10-24,14.7941
2022-10-25,14.1247
2022-10-26,14.1177
2022-10-27,14.9023
2022-10-28,15.0593
2022-10-31,15.8216
2022-11-01,15.5246
2022-11-03,15.3756
2022-11-04,15.7052
2022-11-07,14.9459
2022-11-08,14.7494
2022-11-09,14.7
2022-11-10,13.4281
2022-11-11,12.8975
2022-11-14,13.0884
2022-11-16,12.9102
2022-11-17,13.1686
2022-11-18,13.0123
2022-11-21,13.1264
2022-11-22,13.1099
2022-11-23,12.5452
2022-11-24,12.7625
2022-11-25,12.2901
2022-11-28,13.6794
2022-11-29,13.5955
2022-11-30,14.6276
2022-12-01,14.8317
2022-12-02,14.3672
2022-12-05,13.9708
2022-12-06,13.3487
2022-12-07,13.0545
2022-12-08,12.6445
2022-12-09,12.9829
2022-12-12,12.5498
2022-12-13,12.7701
2022-12-14,13.2071
2022-12-15,12.8455
2022-12-16,13.0644
2022-12-19,13.3049
2022-12-20,14.188
2022-12-21,13.7519
2022-12-22,13.7338
2022-12-23,13.9194
2022-12-26,13.8502
2022-12-27,13.5186
2022-12-28,13.734
2022-12-29,13.8349
2022-12-30,13.6643
2023-01-02,13.4583
2023-01-03,13.3902
2023-01-04,13.4373
2023-01-05,14.1204
2023-01-06,14.0376
2023-01-09,14.2013
2023-01-10,14.4046
2023-01-11,14.4362
2023-01-12,14.4312
2023-01-13,14.8709
2023-01-16,14.5379
2023-01-17,14.553
2023-01-18,14.5849
2023-01-19,14.5374
2023-01-20,14.1806
2023-01-23,14.6102
2023-01-24,14.9109
2023-01-25,14.7185
2023-01-26,14.2975
2023-01-27,13.9895
2023-01-30,13.7337
2023-01-31,13.5434
2023-02-01,13.5149
2023-02-02,13.7692
2023-02-03,13.2626
2023-02-06,12.7415
2023-02-07,12.8819
2023-02-08,12.9553
2023-02-09,12.5102
2023-02-10,12.2605
2023-02-13,12.273
2023-02-14,11.9887
2023-02-15,11.7861
2023-02-16,11.9287
2023-02-17,12.1302
2023-02-22,12.1531
2023-02-23,12.0472
