VariaÃ§Ã£o_12_Meses_(%),data
,2010-12-30
,2011-01-03
,2011-01-04
,2011-01-05
,2011-01-06
,2011-01-07
,2011-01-10
,2011-01-11
,2011-01-12
,2011-01-13
,2011-01-14
,2011-01-18
,2011-01-19
,2011-01-20
,2011-01-21
,2011-01-24
,2011-01-26
,2011-01-27
,2011-01-28
,2011-01-31
,2011-02-01
,2011-02-02
,2011-02-03
,2011-02-04
,2011-02-07
,2011-02-08
,2011-02-09
,2011-02-10
,2011-02-11
,2011-02-14
,2011-02-15
,2011-02-16
,2011-02-17
,2011-02-18
,2011-02-22
,2011-02-23
,2011-02-24
,2011-02-25
,2011-02-28
,2011-03-01
,2011-03-02
,2011-03-03
,2011-03-04
,2011-03-09
,2011-03-10
,2011-03-11
,2011-03-14
,2011-03-15
,2011-03-16
,2011-03-17
,2011-03-18
,2011-03-21
,2011-03-22
,2011-03-23
,2011-03-24
,2011-03-25
,2011-03-28
,2011-03-29
,2011-03-30
,2011-03-31
,2011-04-01
,2011-04-04
,2011-04-05
,2011-04-06
,2011-04-07
,2011-04-08
,2011-04-11
,2011-04-12
,2011-04-13
,2011-04-14
,2011-04-15
,2011-04-18
,2011-04-19
,2011-04-20
,2011-04-25
,2011-04-26
,2011-04-27
,2011-04-28
,2011-04-29
,2011-05-02
,2011-05-03
,2011-05-04
,2011-05-05
,2011-05-06
,2011-05-09
,2011-05-10
,2011-05-11
,2011-05-12
,2011-05-13
,2011-05-16
,2011-05-17
,2011-05-18
,2011-05-19
,2011-05-20
,2011-05-23
,2011-05-24
,2011-05-25
,2011-05-26
,2011-05-27
,2011-05-31
,2011-06-01
,2011-06-02
,2011-06-03
,2011-06-06
,2011-06-07
,2011-06-08
,2011-06-09
,2011-06-10
,2011-06-13
,2011-06-14
,2011-06-15
,2011-06-16
,2011-06-17
,2011-06-20
,2011-06-21
,2011-06-22
,2011-06-24
,2011-06-28
,2011-06-29
,2011-06-30
,2011-07-01
,2011-07-05
,2011-07-06
,2011-07-07
,2011-07-08
,2011-07-11
,2011-07-12
,2011-07-13
,2011-07-14
,2011-07-15
,2011-07-18
,2011-07-19
,2011-07-20
,2011-07-21
,2011-07-22
,2011-07-25
,2011-07-26
,2011-07-27
,2011-07-28
,2011-07-29
,2011-08-01
,2011-08-02
,2011-08-03
,2011-08-04
,2011-08-05
,2011-08-08
,2011-08-09
,2011-08-10
,2011-08-11
,2011-08-12
,2011-08-15
,2011-08-16
,2011-08-17
,2011-08-18
,2011-08-19
,2011-08-22
,2011-08-23
,2011-08-24
,2011-08-25
,2011-08-29
,2011-08-30
,2011-08-31
,2011-09-01
,2011-09-02
,2011-09-06
,2011-09-08
,2011-09-09
,2011-09-12
,2011-09-13
,2011-09-14
,2011-09-15
,2011-09-16
,2011-09-19
,2011-09-20
,2011-09-21
,2011-09-22
,2011-09-23
,2011-09-26
,2011-09-27
,2011-09-28
,2011-09-29
,2011-09-30
,2011-10-03
,2011-10-04
,2011-10-05
,2011-10-06
,2011-10-07
,2011-10-10
,2011-10-11
,2011-10-13
,2011-10-14
,2011-10-17
,2011-10-18
,2011-10-19
,2011-10-20
,2011-10-21
,2011-10-24
,2011-10-25
,2011-10-26
,2011-10-27
,2011-10-28
,2011-10-31
,2011-11-01
,2011-11-03
,2011-11-04
,2011-11-07
,2011-11-08
,2011-11-09
,2011-11-10
,2011-11-11
,2011-11-14
,2011-11-16
,2011-11-17
,2011-11-18
,2011-11-21
,2011-11-22
,2011-11-23
,2011-11-25
,2011-11-28
,2011-11-29
,2011-11-30
,2011-12-01
,2011-12-02
,2011-12-05
,2011-12-06
,2011-12-07
,2011-12-08
,2011-12-09
,2011-12-12
,2011-12-13
,2011-12-14
,2011-12-15
,2011-12-16
,2011-12-19
,2011-12-20
,2011-12-21
,2011-12-22
,2011-12-23
,2011-12-27
,2011-12-28
,2011-12-29
,2012-01-03
,2012-01-04
,2012-01-05
,2012-01-06
,2012-01-09
,2012-01-10
,2012-01-11
,2012-01-12
,2012-01-13
,2012-01-17
10.258,2012-01-18
10.3612,2012-01-19
10.2155,2012-01-20
10.2729,2012-01-23
10.1101,2012-01-24
10.5311,2012-01-26
10.6939,2012-01-27
10.7769,2012-01-30
10.8488,2012-01-31
11.0179,2012-02-01
11.0902,2012-02-02
11.2415,2012-02-03
11.2273,2012-02-06
11.5395,2012-02-07
11.6819,2012-02-08
11.7333,2012-02-09
11.5297,2012-02-10
12.0183,2012-02-13
12.0456,2012-02-14
12.4118,2012-02-15
12.5773,2012-02-16
12.4371,2012-02-17
12.5746,2012-02-22
12.5099,2012-02-23
12.6255,2012-02-24
12.5563,2012-02-27
12.6986,2012-02-29
13.1603,2012-03-01
13.3786,2012-03-02
12.9288,2012-03-05
12.5003,2012-03-06
12.786,2012-03-07
12.9364,2012-03-08
12.9787,2012-03-09
12.9669,2012-03-12
13.7525,2012-03-13
13.6558,2012-03-14
13.5944,2012-03-15
13.4936,2012-03-16
13.3491,2012-03-19
13.5248,2012-03-20
13.38,2012-03-21
12.9577,2012-03-22
12.979,2012-03-23
13.2225,2012-03-26
13.3169,2012-03-27
13.0935,2012-03-28
13.004,2012-03-29
13.0705,2012-03-30
13.55,2012-04-02
13.3775,2012-04-03
12.9939,2012-04-04
13.0539,2012-04-05
12.7396,2012-04-09
12.262,2012-04-10
12.2121,2012-04-11
12.5669,2012-04-12
12.3773,2012-04-13
12.2987,2012-04-16
12.3158,2012-04-17
12.255,2012-04-18
12.0196,2012-04-19
11.8942,2012-04-20
11.708,2012-04-23
11.8911,2012-04-24
11.9434,2012-04-25
12.1826,2012-04-26
12.3504,2012-04-27
12.4249,2012-04-30
12.8224,2012-05-02
12.7316,2012-05-03
12.491,2012-05-04
13.0453,2012-05-07
12.6127,2012-05-08
12.1473,2012-05-09
12.3499,2012-05-10
12.1987,2012-05-11
11.8347,2012-05-14
11.7208,2012-05-15
11.5885,2012-05-16
11.2351,2012-05-17
11.5987,2012-05-18
12.1313,2012-05-21
11.6395,2012-05-22
11.4146,2012-05-23
11.0638,2012-05-24
11.0771,2012-05-25
11.6325,2012-05-29
11.3444,2012-05-30
11.775,2012-05-31
11.5424,2012-06-01
11.2863,2012-06-04
11.2976,2012-06-05
11.9345,2012-06-06
12.1405,2012-06-08
12.1641,2012-06-11
12.2916,2012-06-12
12.3852,2012-06-13
12.241,2012-06-14
12.2513,2012-06-15
12.2274,2012-06-18
12.8313,2012-06-19
12.6575,2012-06-20
12.3683,2012-06-21
12.719,2012-06-22
12.335,2012-06-25
12.412,2012-06-26
12.1448,2012-06-27
12.2094,2012-06-28
12.8346,2012-06-29
12.9421,2012-07-02
13.402,2012-07-03
13.6133,2012-07-05
13.3998,2012-07-06
13.1424,2012-07-10
13.1928,2012-07-11
13.1307,2012-07-12
13.5071,2012-07-13
13.0649,2012-07-16
13.0404,2012-07-17
13.1672,2012-07-18
13.1025,2012-07-19
12.9994,2012-07-20
12.9532,2012-07-23
12.8407,2012-07-24
13.0494,2012-07-25
13.6309,2012-07-26
14.1694,2012-07-27
14.084,2012-07-30
14.0727,2012-07-31
14.1302,2012-08-01
14.0898,2012-08-02
14.2882,2012-08-03
14.4905,2012-08-06
14.1227,2012-08-07
14.2368,2012-08-08
14.2989,2012-08-09
14.4539,2012-08-10
14.652,2012-08-13
14.5049,2012-08-14
14.627,2012-08-15
14.6874,2012-08-16
14.965,2012-08-17
15.1687,2012-08-20
15.9459,2012-08-21
15.8819,2012-08-22
16.8794,2012-08-23
16.0239,2012-08-24
16.1394,2012-08-27
15.8116,2012-08-28
15.5224,2012-08-29
14.9034,2012-08-30
15.0361,2012-08-31
14.6917,2012-09-04
15.2558,2012-09-05
15.7849,2012-09-06
15.7394,2012-09-10
15.4675,2012-09-11
15.5241,2012-09-12
16.169,2012-09-13
15.1942,2012-09-14
15.0492,2012-09-17
14.7064,2012-09-19
14.1188,2012-09-20
14.6196,2012-09-21
14.6244,2012-09-24
14.2265,2012-09-25
14.539,2012-09-26
14.4323,2012-09-27
14.3575,2012-09-28
14.262,2012-10-01
14.1395,2012-10-02
13.8509,2012-10-04
14.1869,2012-10-05
14.4574,2012-10-08
14.7351,2012-10-09
15.2878,2012-10-10
15.2516,2012-10-11
14.9469,2012-10-15
14.9565,2012-10-16
15.2023,2012-10-17
15.1157,2012-10-18
15.139,2012-10-19
15.3618,2012-10-22
15.1519,2012-10-23
14.83,2012-10-24
14.6062,2012-10-25
14.7727,2012-10-26
14.312,2012-10-31
14.4064,2012-11-01
14.1266,2012-11-05
14.2263,2012-11-06
14.2545,2012-11-07
13.5802,2012-11-08
13.5085,2012-11-09
13.7046,2012-11-12
13.2981,2012-11-13
12.5997,2012-11-14
12.7025,2012-11-16
12.7684,2012-11-19
12.199,2012-11-21
12.5161,2012-11-23
12.5934,2012-11-26
12.8823,2012-11-27
12.7131,2012-11-28
12.9133,2012-11-29
12.7246,2012-11-30
12.9458,2012-12-03
13.2634,2012-12-04
13.322,2012-12-05
13.2127,2012-12-06
13.4356,2012-12-07
13.482,2012-12-10
13.8855,2012-12-11
13.9017,2012-12-12
14.1909,2012-12-13
14.3601,2012-12-14
14.5812,2012-12-17
14.6991,2012-12-18
14.458,2012-12-19
14.5378,2012-12-20
13.9817,2012-12-26
13.8321,2012-12-27
13.9293,2012-12-28
14.2957,2013-01-02
14.2719,2013-01-03
14.1425,2013-01-04
14.316,2013-01-07
13.9261,2013-01-08
14.2697,2013-01-09
14.3458,2013-01-10
14.5141,2013-01-11
14.6737,2013-01-14
14.6057,2013-01-15
14.8131,2013-01-16
14.397,2013-01-17
14.3456,2013-01-18
14.3379,2013-01-22
14.2764,2013-01-23
13.874,2013-01-24
14.0985,2013-01-28
14.0556,2013-01-29
13.2513,2013-01-30
13.3188,2013-01-31
13.6508,2013-02-01
13.3891,2013-02-04
13.171,2013-02-05
12.8167,2013-02-06
12.5784,2013-02-07
12.6587,2013-02-08
12.804,2013-02-13
12.3395,2013-02-14
11.9866,2013-02-15
11.7934,2013-02-19
11.4221,2013-02-20
11.3581,2013-02-21
11.4022,2013-02-22
11.002,2013-02-25
11.0507,2013-02-26
11.1665,2013-02-27
11.1137,2013-02-28
10.8017,2013-03-01
10.6335,2013-03-04
10.4538,2013-03-05
10.8383,2013-03-06
10.7547,2013-03-07
10.5303,2013-03-08
10.5971,2013-03-11
10.6678,2013-03-12
10.0226,2013-03-13
10.1465,2013-03-14
9.9774,2013-03-15
9.7213,2013-03-18
9.4247,2013-03-19
9.3346,2013-03-20
9.2008,2013-03-21
9.2497,2013-03-22
9.2457,2013-03-25
9.1658,2013-03-26
9.0574,2013-03-27
8.892,2013-03-28
8.8604,2013-04-01
9.0965,2013-04-02
8.7987,2013-04-03
8.2841,2013-04-04
8.3454,2013-04-05
8.3651,2013-04-08
8.0406,2013-04-09
8.2914,2013-04-10
8.1771,2013-04-11
7.9702,2013-04-12
7.3806,2013-04-15
7.6945,2013-04-16
7.3932,2013-04-17
7.9064,2013-04-18
8.0362,2013-04-19
8.0035,2013-04-22
8.277,2013-04-23
8.3999,2013-04-24
8.3382,2013-04-25
8.3305,2013-04-26
8.2192,2013-04-29
8.5785,2013-04-30
8.659,2013-05-02
8.6242,2013-05-03
8.7638,2013-05-06
9.2624,2013-05-07
9.2677,2013-05-08
8.6666,2013-05-09
8.7998,2013-05-10
8.7346,2013-05-13
8.5281,2013-05-14
8.5678,2013-05-15
8.4738,2013-05-16
8.602,2013-05-17
8.8154,2013-05-20
8.8291,2013-05-21
8.6394,2013-05-22
8.4693,2013-05-23
8.3514,2013-05-24
8.2521,2013-05-28
7.759,2013-05-29
7.1426,2013-05-31
7.2691,2013-06-03
7.0877,2013-06-04
6.9101,2013-06-05
7.015,2013-06-06
6.6799,2013-06-07
6.3736,2013-06-10
6.0063,2013-06-11
5.8775,2013-06-12
6.5773,2013-06-13
6.5758,2013-06-14
6.3446,2013-06-17
5.7239,2013-06-18
5.6123,2013-06-19
5.3099,2013-06-20
5.3788,2013-06-21
5.0726,2013-06-24
5.3088,2013-06-25
5.7236,2013-06-26
5.7242,2013-06-27
5.8569,2013-06-28
5.9608,2013-07-01
5.7318,2013-07-02
5.2509,2013-07-03
4.9202,2013-07-05
5.1519,2013-07-08
4.9583,2013-07-10
5.0849,2013-07-11
4.8221,2013-07-12
5.0104,2013-07-15
4.9772,2013-07-16
4.8966,2013-07-17
5.053,2013-07-18
5.4638,2013-07-19
5.7117,2013-07-22
6.2194,2013-07-23
5.9863,2013-07-24
6.2026,2013-07-25
6.3452,2013-07-26
5.6475,2013-07-29
5.2711,2013-07-30
4.8975,2013-07-31
4.893,2013-08-01
5.0708,2013-08-05
4.8658,2013-08-06
4.7132,2013-08-07
5.1387,2013-08-08
5.0736,2013-08-09
5.0666,2013-08-13
4.915,2013-08-14
4.5697,2013-08-15
4.277,2013-08-16
4.1708,2013-08-19
4.3025,2013-08-20
4.2046,2013-08-21
4.3575,2013-08-22
4.4554,2013-08-23
3.8161,2013-08-26
3.242,2013-08-27
3.3775,2013-08-28
3.2048,2013-08-29
3.3676,2013-08-30
3.4639,2013-09-03
3.3339,2013-09-04
3.4803,2013-09-05
3.7303,2013-09-06
3.8385,2013-09-09
3.8394,2013-09-10
3.778,2013-09-11
3.7512,2013-09-12
3.7465,2013-09-13
3.685,2013-09-16
3.8046,2013-09-17
4.4887,2013-09-18
4.4436,2013-09-19
4.2397,2013-09-20
4.516,2013-09-23
4.4738,2013-09-24
4.4949,2013-09-25
4.1074,2013-09-26
4.2002,2013-09-27
4.1443,2013-09-30
4.2774,2013-10-01
4.3078,2013-10-02
4.0942,2013-10-03
3.922,2013-10-04
3.8073,2013-10-07
3.5249,2013-10-08
3.5422,2013-10-09
3.168,2013-10-10
3.2181,2013-10-11
3.4779,2013-10-14
3.5991,2013-10-15
3.7669,2013-10-16
3.7065,2013-10-17
3.588,2013-10-18
3.9382,2013-10-21
4.1669,2013-10-22
4.0554,2013-10-23
4.1064,2013-10-24
3.9971,2013-10-25
4.1271,2013-10-28
4.0835,2013-10-29
3.8018,2013-10-30
3.6681,2013-10-31
3.6516,2013-11-01
3.8866,2013-11-04
3.4103,2013-11-05
3.2811,2013-11-06
2.8407,2013-11-07
2.7393,2013-11-08
2.7983,2013-11-11
2.9375,2013-11-12
3.1683,2013-11-13
3.8301,2013-11-14
4.1398,2013-11-18
3.6899,2013-11-19
3.6924,2013-11-21
3.7336,2013-11-22
3.251,2013-11-25
3.3065,2013-11-26
3.1769,2013-11-27
3.61,2013-11-29
3.547,2013-12-02
3.3666,2013-12-03
3.4404,2013-12-04
3.5126,2013-12-05
3.9836,2013-12-06
4.1074,2013-12-09
3.7806,2013-12-10
3.5875,2013-12-11
3.2222,2013-12-12
3.3912,2013-12-13
3.4534,2013-12-16
3.2244,2013-12-17
3.1013,2013-12-18
3.2678,2013-12-19
2.9856,2013-12-20
2.9134,2013-12-23
2.9221,2013-12-26
2.7763,2013-12-27
2.7479,2013-12-30
2.4586,2014-01-02
2.5514,2014-01-03
2.5234,2014-01-06
2.4542,2014-01-07
2.4631,2014-01-08
2.115,2014-01-09
1.926,2014-01-10
1.6184,2014-01-13
1.7006,2014-01-14
1.8134,2014-01-15
1.6189,2014-01-16
1.4526,2014-01-17
0.5183,2014-01-21
0.5234,2014-01-22
0.2522,2014-01-23
0.0633,2014-01-24
0.1056,2014-01-27
-0.023,2014-01-28
-0.3938,2014-01-29
-0.468,2014-01-30
-0.4515,2014-01-31
-1.0116,2014-02-03
-0.7553,2014-02-04
-0.8249,2014-02-05
-0.5053,2014-02-06
-0.3115,2014-02-07
-0.4954,2014-02-10
-0.0468,2014-02-11
0.0455,2014-02-12
-0.0956,2014-02-13
0.3026,2014-02-14
0.1216,2014-02-18
0.0301,2014-02-19
0.4242,2014-02-20
0.7012,2014-02-21
0.9393,2014-02-24
1.067,2014-02-25
1.074,2014-02-26
1.4223,2014-02-27
1.4648,2014-02-28
1.5363,2014-03-05
1.7329,2014-03-06
1.8016,2014-03-07
1.5808,2014-03-10
1.5589,2014-03-11
1.7101,2014-03-12
1.4264,2014-03-13
1.1266,2014-03-14
1.1698,2014-03-17
1.4181,2014-03-18
1.4811,2014-03-19
1.6325,2014-03-20
1.3507,2014-03-21
1.4397,2014-03-24
1.6674,2014-03-25
1.6087,2014-03-26
2.1013,2014-03-27
2.36,2014-03-28
2.5327,2014-03-31
2.6209,2014-04-01
2.9998,2014-04-02
3.1632,2014-04-03
3.0816,2014-04-04
3.4108,2014-04-07
3.3207,2014-04-08
3.3608,2014-04-09
2.9954,2014-04-10
2.9878,2014-04-11
2.9273,2014-04-14
2.9691,2014-04-15
3.3224,2014-04-16
3.5753,2014-04-17
3.6866,2014-04-22
3.4687,2014-04-23
3.5327,2014-04-24
3.3083,2014-04-25
3.1402,2014-04-28
3.3998,2014-04-29
3.6736,2014-04-30
4.6374,2014-05-02
4.3974,2014-05-05
4.7397,2014-05-06
4.5355,2014-05-07
4.1821,2014-05-08
4.0603,2014-05-09
4.0745,2014-05-12
4.1126,2014-05-13
4.3209,2014-05-14
4.2893,2014-05-15
4.1835,2014-05-16
3.8818,2014-05-19
3.7158,2014-05-20
3.7468,2014-05-21
3.9087,2014-05-22
3.7102,2014-05-23
3.7241,2014-05-27
4.0533,2014-05-28
4.1896,2014-05-29
4.2156,2014-05-30
4.2048,2014-06-02
4.1262,2014-06-03
4.1902,2014-06-04
4.1442,2014-06-05
4.5906,2014-06-06
4.6432,2014-06-09
4.747,2014-06-10
4.9242,2014-06-11
5.0605,2014-06-13
5.0687,2014-06-16
5.2199,2014-06-17
6.1154,2014-06-18
5.9515,2014-06-20
5.8813,2014-06-23
6.384,2014-06-24
6.4154,2014-06-25
6.6379,2014-06-26
6.8817,2014-06-27
7.6348,2014-06-30
8.037,2014-07-01
7.3785,2014-07-02
8.0214,2014-07-03
8.1543,2014-07-07
8.334,2014-07-08
9.1462,2014-07-10
9.4674,2014-07-11
9.9462,2014-07-14
10.1549,2014-07-15
9.5922,2014-07-16
9.4041,2014-07-17
9.556,2014-07-18
9.8482,2014-07-21
10.0509,2014-07-22
10.2566,2014-07-23
10.3032,2014-07-24
10.3996,2014-07-25
10.2066,2014-07-28
9.9661,2014-07-29
9.6279,2014-07-30
9.5329,2014-07-31
9.0979,2014-08-01
9.1547,2014-08-04
8.6785,2014-08-05
8.6623,2014-08-06
8.4811,2014-08-07
8.1732,2014-08-08
8.2845,2014-08-11
8.3989,2014-08-12
8.1396,2014-08-13
8.1884,2014-08-14
8.7291,2014-08-15
9.1196,2014-08-18
9.3829,2014-08-19
9.3494,2014-08-20
9.3535,2014-08-21
9.708,2014-08-22
10.0397,2014-08-25
9.7548,2014-08-26
9.7911,2014-08-27
9.8457,2014-08-28
10.2619,2014-08-29
10.6722,2014-09-02
10.6065,2014-09-03
10.6831,2014-09-04
10.6155,2014-09-05
10.4993,2014-09-08
10.0331,2014-09-09
9.5972,2014-09-10
9.9548,2014-09-11
9.8846,2014-09-12
10.1833,2014-09-15
10.6069,2014-09-16
10.6355,2014-09-17
10.0649,2014-09-18
9.8751,2014-09-19
9.4185,2014-09-22
9.0111,2014-09-23
9.0775,2014-09-24
8.792,2014-09-25
9.2339,2014-09-26
8.5899,2014-09-29
8.4678,2014-09-30
8.0703,2014-10-01
8.0767,2014-10-02
7.8267,2014-10-03
8.5027,2014-10-06
8.7514,2014-10-07
8.7377,2014-10-08
8.6698,2014-10-09
8.2092,2014-10-10
8.8504,2014-10-13
8.87,2014-10-14
8.6625,2014-10-15
8.0459,2014-10-16
8.4676,2014-10-17
8.2585,2014-10-20
7.7208,2014-10-21
7.8176,2014-10-22
7.5409,2014-10-23
7.7919,2014-10-24
7.4022,2014-10-27
7.8565,2014-10-28
7.2794,2014-10-29
7.3297,2014-10-30
7.7257,2014-10-31
7.6925,2014-11-03
7.6795,2014-11-04
7.5296,2014-11-05
7.042,2014-11-06
7.2405,2014-11-07
7.2279,2014-11-10
7.1276,2014-11-11
7.0129,2014-11-12
6.7998,2014-11-13
6.9033,2014-11-14
6.7953,2014-11-17
7.106,2014-11-18
7.2968,2014-11-19
8.2923,2014-11-21
8.4751,2014-11-25
8.7928,2014-11-26
8.906,2014-11-28
8.2595,2014-12-01
8.1953,2014-12-02
8.0547,2014-12-03
7.566,2014-12-04
7.5263,2014-12-05
7.4338,2014-12-08
7.4316,2014-12-09
7.1396,2014-12-10
7.3707,2014-12-11
6.9261,2014-12-12
6.5138,2014-12-15
5.9915,2014-12-16
6.9002,2014-12-17
7.3224,2014-12-18
7.6746,2014-12-19
7.7663,2014-12-22
7.9147,2014-12-23
7.7967,2014-12-26
7.8875,2014-12-29
8.0527,2014-12-30
7.8373,2015-01-02
7.6808,2015-01-05
7.6736,2015-01-06
8.1309,2015-01-07
8.1636,2015-01-08
7.801,2015-01-09
7.6287,2015-01-12
7.6888,2015-01-13
7.5576,2015-01-14
7.616,2015-01-15
7.9079,2015-01-16
7.9653,2015-01-20
8.1884,2015-01-21
8.3144,2015-01-22
8.2992,2015-01-23
8.2569,2015-01-26
8.4502,2015-01-27
8.122,2015-01-28
8.4531,2015-01-29
8.1433,2015-01-30
8.1581,2015-02-02
8.822,2015-02-03
8.965,2015-02-04
9.2914,2015-02-05
9.0581,2015-02-06
9.4259,2015-02-09
9.5418,2015-02-10
9.5248,2015-02-11
9.9745,2015-02-12
10.5166,2015-02-13
10.7409,2015-02-18
10.6675,2015-02-19
11.2595,2015-02-20
11.1126,2015-02-23
11.3685,2015-02-24
11.0943,2015-02-25
10.9694,2015-02-26
11.2107,2015-02-27
10.8585,2015-03-02
10.9503,2015-03-03
10.7337,2015-03-04
10.4664,2015-03-05
10.3811,2015-03-06
9.9792,2015-03-09
9.5305,2015-03-10
9.5542,2015-03-11
9.4226,2015-03-12
9.4518,2015-03-13
9.4636,2015-03-16
9.5428,2015-03-17
10.0094,2015-03-18
9.7804,2015-03-19
9.9605,2015-03-20
10.1612,2015-03-23
10.2996,2015-03-24
10.2916,2015-03-25
9.9265,2015-03-26
10.068,2015-03-27
10.6025,2015-03-30
10.5604,2015-03-31
10.6927,2015-04-01
10.8244,2015-04-02
10.8824,2015-04-06
10.8224,2015-04-07
10.7756,2015-04-08
10.6485,2015-04-09
10.9018,2015-04-10
10.5027,2015-04-13
10.471,2015-04-14
10.5308,2015-04-15
10.4206,2015-04-16
9.8181,2015-04-17
9.6971,2015-04-20
10.0478,2015-04-22
10.1028,2015-04-23
10.3238,2015-04-24
10.2581,2015-04-27
10.4691,2015-04-28
10.3753,2015-04-29
10.3966,2015-04-30
10.8138,2015-05-04
10.6671,2015-05-05
10.2548,2015-05-06
10.1706,2015-05-07
10.4683,2015-05-08
10.3952,2015-05-11
10.3633,2015-05-12
10.3359,2015-05-13
10.4871,2015-05-14
10.7143,2015-05-15
10.123,2015-05-18
9.925,2015-05-19
9.8607,2015-05-20
9.9045,2015-05-21
10.073,2015-05-22
9.9617,2015-05-26
9.9096,2015-05-27
9.9525,2015-05-28
9.5317,2015-05-29
9.7361,2015-06-01
9.8147,2015-06-02
9.7604,2015-06-03
9.8566,2015-06-05
9.7474,2015-06-08
9.5628,2015-06-09
9.7534,2015-06-10
9.7143,2015-06-11
9.4979,2015-06-12
9.3151,2015-06-15
9.5965,2015-06-16
9.52,2015-06-17
9.811,2015-06-18
9.6827,2015-06-19
9.8306,2015-06-22
9.4006,2015-06-23
9.1776,2015-06-24
8.9118,2015-06-25
9.0263,2015-06-26
8.6103,2015-06-29
8.7911,2015-06-30
8.8794,2015-07-01
8.8166,2015-07-02
8.8328,2015-07-06
9.0489,2015-07-07
8.8408,2015-07-08
9.2833,2015-07-10
9.4578,2015-07-13
9.6473,2015-07-14
9.6291,2015-07-15
9.6416,2015-07-16
9.607,2015-07-17
9.3526,2015-07-20
9.3699,2015-07-21
9.2845,2015-07-22
8.5434,2015-07-23
8.2568,2015-07-24
7.8616,2015-07-27
8.052,2015-07-28
8.2152,2015-07-29
8.4359,2015-07-30
8.3558,2015-07-31
7.9345,2015-08-03
7.6507,2015-08-04
7.7512,2015-08-05
7.2451,2015-08-06
6.783,2015-08-07
7.2103,2015-08-10
7.2915,2015-08-11
7.3185,2015-08-12
7.5677,2015-08-13
7.6133,2015-08-14
7.4228,2015-08-17
7.7912,2015-08-18
7.4376,2015-08-19
7.4679,2015-08-20
6.9669,2015-08-21
5.9639,2015-08-24
6.0066,2015-08-25
6.9128,2015-08-26
7.3526,2015-08-27
6.8939,2015-08-28
6.2997,2015-08-31
5.4898,2015-09-01
5.5705,2015-09-02
5.845,2015-09-03
5.3902,2015-09-04
5.4278,2015-09-08
5.3063,2015-09-09
4.704,2015-09-10
4.849,2015-09-11
4.8649,2015-09-14
4.7162,2015-09-15
5.0807,2015-09-16
5.244,2015-09-17
4.5665,2015-09-18
4.7306,2015-09-21
4.6944,2015-09-22
4.1564,2015-09-23
4.4646,2015-09-24
4.8815,2015-09-25
3.8038,2015-09-28
3.7973,2015-09-29
4.3757,2015-09-30
4.6297,2015-10-01
5.5395,2015-10-02
6.0929,2015-10-05
6.1863,2015-10-06
6.1304,2015-10-07
6.6166,2015-10-08
6.0878,2015-10-09
6.3325,2015-10-13
6.2163,2015-10-14
6.9047,2015-10-15
6.8314,2015-10-16
6.5537,2015-10-19
5.9748,2015-10-20
5.8495,2015-10-21
6.2389,2015-10-22
6.2823,2015-10-23
6.7633,2015-10-26
6.3536,2015-10-27
6.2709,2015-10-28
6.5303,2015-10-29
6.971,2015-10-30
7.1832,2015-11-03
7.5788,2015-11-04
7.9767,2015-11-05
7.8333,2015-11-06
7.9339,2015-11-09
7.6491,2015-11-10
8.2197,2015-11-11
7.6062,2015-11-12
7.8273,2015-11-13
7.9498,2015-11-16
7.4209,2015-11-17
7.7612,2015-11-18
8.1143,2015-11-19
8.2764,2015-11-23
8.501,2015-11-24
7.9826,2015-11-25
7.5721,2015-11-27
7.624,2015-11-30
7.6726,2015-12-01
8.0223,2015-12-02
8.0236,2015-12-03
8.0881,2015-12-04
7.8695,2015-12-07
7.4248,2015-12-08
7.024,2015-12-09
6.705,2015-12-10
6.511,2015-12-11
6.3419,2015-12-14
7.0974,2015-12-15
6.8192,2015-12-16
7.0101,2015-12-17
6.7533,2015-12-18
6.4141,2015-12-21
7.0358,2015-12-22
7.3951,2015-12-23
7.6475,2015-12-28
7.6896,2015-12-29
8.1241,2015-12-30
8.0895,2016-01-04
8.6372,2016-01-05
8.0492,2016-01-06
7.3666,2016-01-07
6.9038,2016-01-08
6.5159,2016-01-11
6.289,2016-01-12
6.0406,2016-01-13
5.9801,2016-01-14
5.6723,2016-01-15
5.7539,2016-01-19
5.7261,2016-01-20
5.9414,2016-01-21
5.794,2016-01-22
5.5025,2016-01-26
5.7452,2016-01-27
6.2393,2016-01-28
6.9645,2016-01-29
7.3005,2016-02-01
6.3642,2016-02-02
6.3251,2016-02-03
6.6007,2016-02-04
6.1915,2016-02-05
6.0475,2016-02-10
5.6879,2016-02-11
6.0519,2016-02-12
6.803,2016-02-16
7.4251,2016-02-17
7.1794,2016-02-18
7.5607,2016-02-19
7.897,2016-02-22
7.1617,2016-02-23
7.204,2016-02-24
7.198,2016-02-25
7.2481,2016-02-26
7.6092,2016-02-29
8.3532,2016-03-01
8.8285,2016-03-02
8.9703,2016-03-03
9.3555,2016-03-04
9.139,2016-03-07
9.1702,2016-03-08
9.3473,2016-03-09
9.5571,2016-03-10
9.599,2016-03-11
9.481,2016-03-14
8.8506,2016-03-15
8.8792,2016-03-16
10.0463,2016-03-17
10.1664,2016-03-18
10.4968,2016-03-21
10.7936,2016-03-22
10.5619,2016-03-23
10.6697,2016-03-24
11.486,2016-03-28
11.5683,2016-03-29
11.4804,2016-03-30
11.0542,2016-03-31
11.2803,2016-04-01
10.2369,2016-04-04
9.8762,2016-04-05
9.9047,2016-04-06
9.5962,2016-04-07
10.3024,2016-04-08
10.493,2016-04-11
10.9835,2016-04-12
11.8991,2016-04-13
11.8737,2016-04-14
11.8269,2016-04-15
11.9193,2016-04-18
11.6981,2016-04-19
11.5784,2016-04-20
11.2042,2016-04-22
11.0775,2016-04-25
11.2898,2016-04-26
11.7821,2016-04-27
11.3925,2016-04-28
11.588,2016-04-29
11.5927,2016-05-02
10.9476,2016-05-03
10.9937,2016-05-04
11.1793,2016-05-05
11.3711,2016-05-06
10.9225,2016-05-09
11.4949,2016-05-10
11.4381,2016-05-11
11.8554,2016-05-12
11.4938,2016-05-13
11.5734,2016-05-16
11.2561,2016-05-17
10.7483,2016-05-18
10.5994,2016-05-19
10.8433,2016-05-20
10.5882,2016-05-23
10.4336,2016-05-24
10.4262,2016-05-25
10.3989,2016-05-27
10.4672,2016-05-31
10.4494,2016-06-01
10.5502,2016-06-02
11.0633,2016-06-03
11.3247,2016-06-06
11.2709,2016-06-07
11.5773,2016-06-08
11.4505,2016-06-09
11.1023,2016-06-10
10.9274,2016-06-13
10.6081,2016-06-14
10.9131,2016-06-15
10.9411,2016-06-16
10.8729,2016-06-17
11.235,2016-06-20
11.5901,2016-06-21
11.4695,2016-06-22
11.8918,2016-06-23
11.1963,2016-06-24
11.1739,2016-06-27
11.4853,2016-06-28
11.7899,2016-06-29
11.8252,2016-06-30
12.1246,2016-07-01
11.679,2016-07-05
11.7626,2016-07-06
11.6371,2016-07-07
12.1314,2016-07-08
12.3988,2016-07-11
12.664,2016-07-12
12.5818,2016-07-13
13.2117,2016-07-14
13.2637,2016-07-15
13.5091,2016-07-18
13.4096,2016-07-19
13.6448,2016-07-20
13.4206,2016-07-21
13.7008,2016-07-22
13.3496,2016-07-25
13.1638,2016-07-26
13.1565,2016-07-27
13.1259,2016-07-28
13.1932,2016-07-29
13.2061,2016-08-01
13.0451,2016-08-02
13.2435,2016-08-03
13.6238,2016-08-04
14.4139,2016-08-05
14.6336,2016-08-08
14.8715,2016-08-09
14.5155,2016-08-10
14.613,2016-08-11
14.4167,2016-08-12
14.2975,2016-08-15
14.4467,2016-08-16
14.5292,2016-08-17
14.5136,2016-08-18
15.1205,2016-08-19
15.3078,2016-08-22
14.9895,2016-08-23
14.9347,2016-08-24
14.9896,2016-08-25
14.9445,2016-08-26
15.3238,2016-08-29
15.3131,2016-08-30
15.2434,2016-08-31
15.6091,2016-09-01
16.1437,2016-09-02
16.7762,2016-09-06
17.5495,2016-09-08
16.8256,2016-09-09
16.3491,2016-09-12
15.1872,2016-09-13
15.3795,2016-09-14
16.0604,2016-09-15
16.5421,2016-09-16
16.5197,2016-09-19
16.3514,2016-09-20
17.14,2016-09-21
17.1276,2016-09-22
17.1966,2016-09-23
17.3218,2016-09-26
17.5122,2016-09-27
17.4581,2016-09-28
17.0575,2016-09-29
16.8867,2016-09-30
17.3005,2016-10-03
17.8225,2016-10-04
18.4152,2016-10-05
18.7788,2016-10-06
19.4988,2016-10-07
19.2274,2016-10-10
19.0738,2016-10-11
19.9347,2016-10-13
19.7806,2016-10-14
19.335,2016-10-17
19.5239,2016-10-18
18.8392,2016-10-19
18.7031,2016-10-20
18.605,2016-10-21
18.6043,2016-10-24
18.2847,2016-10-25
18.3895,2016-10-26
18.9978,2016-10-27
19.1748,2016-10-28
19.0191,2016-10-31
18.5857,2016-11-01
18.1333,2016-11-03
18.2304,2016-11-04
18.8812,2016-11-07
18.5636,2016-11-08
18.2814,2016-11-09
17.4715,2016-11-10
16.8884,2016-11-11
16.6084,2016-11-14
17.3716,2016-11-16
17.2061,2016-11-17
16.6173,2016-11-18
17.0099,2016-11-21
17.2259,2016-11-22
17.4184,2016-11-23
17.4604,2016-11-25
17.6735,2016-11-28
17.1957,2016-11-29
17.5543,2016-11-30
16.8515,2016-12-01
16.6905,2016-12-02
16.7947,2016-12-05
16.8403,2016-12-06
16.7088,2016-12-07
16.6895,2016-12-08
16.8024,2016-12-09
17.0393,2016-12-12
17.5179,2016-12-13
17.4549,2016-12-14
17.4624,2016-12-15
17.4937,2016-12-16
17.2972,2016-12-19
17.525,2016-12-20
17.7488,2016-12-21
17.9215,2016-12-22
17.6727,2016-12-23
18.1553,2016-12-27
18.4954,2016-12-28
18.7705,2016-12-29
19.207,2017-01-03
19.5225,2017-01-04
19.4314,2017-01-05
19.7655,2017-01-06
19.9259,2017-01-09
19.9617,2017-01-10
19.7321,2017-01-11
20.4048,2017-01-12
20.3342,2017-01-13
20.6617,2017-01-17
20.9997,2017-01-18
20.8019,2017-01-19
21.061,2017-01-20
21.7792,2017-01-23
21.9822,2017-01-24
22.2551,2017-01-26
22.3043,2017-01-27
22.265,2017-01-30
22.3114,2017-01-31
22.7688,2017-02-01
22.9297,2017-02-02
23.4263,2017-02-03
22.9807,2017-02-06
22.859,2017-02-07
23.1479,2017-02-08
23.1904,2017-02-09
23.205,2017-02-10
22.6645,2017-02-13
22.4633,2017-02-14
23.4814,2017-02-15
22.9506,2017-02-16
22.9335,2017-02-17
23.4302,2017-02-21
23.4841,2017-02-22
23.89,2017-02-23
23.481,2017-02-24
23.0934,2017-03-01
22.4795,2017-03-02
22.9131,2017-03-03
22.7139,2017-03-06
22.1012,2017-03-07
22.1163,2017-03-08
21.9584,2017-03-09
22.2158,2017-03-10
22.4313,2017-03-13
21.8045,2017-03-14
21.6442,2017-03-15
21.2843,2017-03-16
20.4293,2017-03-17
19.8436,2017-03-20
19.5902,2017-03-21
19.6023,2017-03-22
19.4327,2017-03-23
19.3128,2017-03-24
19.0948,2017-03-27
19.2468,2017-03-28
19.9426,2017-03-29
19.766,2017-03-30
18.7274,2017-03-31
18.5613,2017-04-03
18.6125,2017-04-04
18.1868,2017-04-05
18.3912,2017-04-06
18.7315,2017-04-07
18.3359,2017-04-10
17.993,2017-04-11
17.9339,2017-04-12
18.084,2017-04-13
18.1077,2017-04-17
18.7332,2017-04-18
18.5251,2017-04-19
18.822,2017-04-20
19.0558,2017-04-24
18.376,2017-04-25
18.2798,2017-04-26
17.6944,2017-04-27
17.3093,2017-04-28
17.702,2017-05-02
17.3166,2017-05-03
16.8987,2017-05-04
17.0238,2017-05-05
16.9562,2017-05-08
17.3153,2017-05-09
17.6596,2017-05-10
17.4601,2017-05-11
17.1718,2017-05-12
17.5229,2017-05-15
17.5187,2017-05-16
17.1809,2017-05-17
14.3948,2017-05-18
15.1724,2017-05-19
14.7884,2017-05-22
15.2829,2017-05-23
15.9751,2017-05-24
15.2105,2017-05-25
15.496,2017-05-26
15.2453,2017-05-30
15.4373,2017-05-31
15.2219,2017-06-01
15.5619,2017-06-02
15.6505,2017-06-05
15.9375,2017-06-06
15.9062,2017-06-07
16.1132,2017-06-08
16.0842,2017-06-09
15.9899,2017-06-12
16.119,2017-06-13
16.1718,2017-06-14
16.0407,2017-06-16
15.9334,2017-06-19
15.2626,2017-06-20
15.1765,2017-06-21
15.3246,2017-06-22
14.845,2017-06-23
15.1755,2017-06-26
15.4989,2017-06-27
15.6808,2017-06-28
15.9289,2017-06-29
16.1496,2017-06-30
16.2354,2017-07-03
16.1012,2017-07-05
15.7256,2017-07-06
15.4577,2017-07-07
15.7808,2017-07-10
15.5073,2017-07-11
16.4168,2017-07-12
16.5251,2017-07-13
16.4445,2017-07-14
16.293,2017-07-17
16.1547,2017-07-18
16.0021,2017-07-19
16.1599,2017-07-20
16.1706,2017-07-21
16.1299,2017-07-24
15.6368,2017-07-25
15.3028,2017-07-26
15.5725,2017-07-27
15.5153,2017-07-28
15.336,2017-07-31
15.3279,2017-08-01
15.2207,2017-08-02
15.1624,2017-08-03
15.0581,2017-08-04
15.2573,2017-08-07
15.0908,2017-08-08
14.9738,2017-08-09
14.7151,2017-08-10
14.7754,2017-08-11
14.9791,2017-08-14
14.7884,2017-08-15
14.9278,2017-08-16
14.7609,2017-08-17
14.7486,2017-08-18
14.4519,2017-08-21
14.5562,2017-08-22
14.7508,2017-08-23
14.833,2017-08-24
14.973,2017-08-25
14.7511,2017-08-28
14.7744,2017-08-29
14.5743,2017-08-30
14.7801,2017-08-31
14.9953,2017-09-01
15.2189,2017-09-05
15.4944,2017-09-06
15.8702,2017-09-08
16.0713,2017-09-11
16.1088,2017-09-12
16.1779,2017-09-13
16.3765,2017-09-14
16.3102,2017-09-15
16.4979,2017-09-18
16.5683,2017-09-19
16.5383,2017-09-20
16.1307,2017-09-21
16.0125,2017-09-22
15.7106,2017-09-25
16.5075,2017-09-26
16.1518,2017-09-27
16.7586,2017-09-28
16.8602,2017-09-29
16.6248,2017-10-02
17.0876,2017-10-03
16.9747,2017-10-04
16.7966,2017-10-05
16.4681,2017-10-06
16.0241,2017-10-09
16.2736,2017-10-10
16.4598,2017-10-11
16.2349,2017-10-13
15.8959,2017-10-16
16.0908,2017-10-17
16.0428,2017-10-18
15.6898,2017-10-19
15.7504,2017-10-20
15.1941,2017-10-23
15.2493,2017-10-24
15.2239,2017-10-25
14.7443,2017-10-26
15.043,2017-10-27
14.7723,2017-10-30
14.5731,2017-10-31
14.2134,2017-11-01
13.7499,2017-11-03
13.8176,2017-11-06
13.3972,2017-11-07
13.8188,2017-11-08
13.4105,2017-11-09
13.2434,2017-11-10
13.3379,2017-11-13
12.9421,2017-11-14
13.2787,2017-11-16
13.3377,2017-11-17
14.0669,2017-11-21
14.429,2017-11-22
14.3765,2017-11-24
13.6844,2017-11-27
13.6955,2017-11-28
13.6116,2017-11-29
14.3151,2017-11-30
14.8034,2017-12-01
15.3383,2017-12-04
14.7611,2017-12-05
15.0299,2017-12-06
14.7507,2017-12-07
14.4066,2017-12-08
14.1198,2017-12-11
14.212,2017-12-12
14.2994,2017-12-13
13.8396,2017-12-14
14.1822,2017-12-15
14.0328,2017-12-18
14.7565,2017-12-19
14.8161,2017-12-20
14.9032,2017-12-21
14.6628,2017-12-22
14.6853,2017-12-26
14.7133,2017-12-27
14.8308,2017-12-28
15.518,2018-01-02
15.6832,2018-01-03
16.0097,2018-01-04
15.9674,2018-01-05
15.9255,2018-01-08
15.9852,2018-01-09
15.7613,2018-01-10
15.7933,2018-01-11
15.8767,2018-01-12
15.8763,2018-01-16
15.8562,2018-01-17
15.6661,2018-01-18
15.6256,2018-01-19
15.1452,2018-01-22
15.0641,2018-01-23
15.5095,2018-01-24
16.0325,2018-01-26
15.8355,2018-01-29
15.5415,2018-01-30
15.606,2018-01-31
15.0032,2018-02-01
14.5856,2018-02-02
13.7501,2018-02-05
14.1631,2018-02-06
13.9265,2018-02-07
13.3146,2018-02-08
13.0085,2018-02-09
13.6268,2018-02-14
13.785,2018-02-15
13.8687,2018-02-16
14.4359,2018-02-20
14.3961,2018-02-21
14.4078,2018-02-22
14.5754,2018-02-23
14.5005,2018-02-26
14.4677,2018-02-27
14.193,2018-02-28
13.8395,2018-03-01
13.8709,2018-03-02
13.7476,2018-03-05
13.4972,2018-03-06
13.4285,2018-03-07
13.1361,2018-03-08
13.597,2018-03-09
13.5869,2018-03-12
13.1249,2018-03-13
13.0227,2018-03-14
12.8672,2018-03-15
13.0159,2018-03-16
12.5492,2018-03-19
12.8403,2018-03-20
12.6412,2018-03-21
12.7248,2018-03-22
12.659,2018-03-23
13.2798,2018-03-26
13.0572,2018-03-27
12.7638,2018-03-28
12.9194,2018-03-29
12.9121,2018-04-02
12.5408,2018-04-03
12.5744,2018-04-04
13.0413,2018-04-05
12.7815,2018-04-06
12.8807,2018-04-09
13.0359,2018-04-10
13.1692,2018-04-11
13.0956,2018-04-12
12.8361,2018-04-13
12.6549,2018-04-16
12.7531,2018-04-17
13.0357,2018-04-18
12.9998,2018-04-19
12.9281,2018-04-20
12.6985,2018-04-23
12.7551,2018-04-24
12.8589,2018-04-25
12.991,2018-04-26
12.9265,2018-04-27
12.9031,2018-04-30
12.7381,2018-05-02
12.8071,2018-05-03
12.5216,2018-05-04
12.3194,2018-05-07
12.3788,2018-05-08
12.4039,2018-05-09
12.604,2018-05-10
12.4374,2018-05-11
12.3576,2018-05-14
12.2986,2018-05-15
12.2123,2018-05-16
11.232,2018-05-17
10.9141,2018-05-18
11.0673,2018-05-21
10.9066,2018-05-22
10.6498,2018-05-23
10.1566,2018-05-24
9.5714,2018-05-25
8.7529,2018-05-29
8.8233,2018-05-30
8.8249,2018-06-01
8.9159,2018-06-04
8.6899,2018-06-05
11.6409,2018-06-06
10.0405,2018-06-07
10.4482,2018-06-08
9.8024,2018-06-11
9.421,2018-06-12
9.1345,2018-06-13
8.3058,2018-06-14
8.3325,2018-06-15
8.2771,2018-06-18
8.8058,2018-06-19
8.8565,2018-06-20
8.586,2018-06-21
8.477,2018-06-22
8.4994,2018-06-25
8.8544,2018-06-26
8.563,2018-06-27
9.0176,2018-06-28
9.3152,2018-06-29
9.3602,2018-07-02
9.3703,2018-07-03
9.3304,2018-07-05
9.9347,2018-07-06
10.0256,2018-07-10
9.7927,2018-07-11
9.9301,2018-07-12
9.9088,2018-07-13
10.0603,2018-07-16
10.2201,2018-07-17
10.1294,2018-07-18
9.907,2018-07-19
10.0357,2018-07-20
10.0044,2018-07-23
10.356,2018-07-24
10.6914,2018-07-25
10.3148,2018-07-26
10.1883,2018-07-27
9.8013,2018-07-30
9.6845,2018-07-31
9.4817,2018-08-01
9.5228,2018-08-02
9.7851,2018-08-03
9.6479,2018-08-06
9.4083,2018-08-07
9.2323,2018-08-08
9.0341,2018-08-09
8.3126,2018-08-10
8.5136,2018-08-13
8.6519,2018-08-14
8.2938,2018-08-15
8.2057,2018-08-16
7.948,2018-08-17
7.7162,2018-08-20
7.2815,2018-08-21
7.6218,2018-08-22
7.1427,2018-08-23
7.3736,2018-08-24
7.8571,2018-08-27
8.0067,2018-08-28
8.0549,2018-08-29
7.3483,2018-08-30
7.4774,2018-08-31
6.8861,2018-09-04
7.2635,2018-09-05
7.3285,2018-09-06
7.4151,2018-09-10
6.8422,2018-09-11
6.8549,2018-09-12
6.5318,2018-09-13
6.6633,2018-09-14
6.8957,2018-09-17
7.1401,2018-09-18
7.1404,2018-09-19
7.0935,2018-09-20
7.1526,2018-09-21
6.758,2018-09-24
6.4255,2018-09-25
6.324,2018-09-26
6.3385,2018-09-27
6.2432,2018-09-28
6.0804,2018-10-01
6.5179,2018-10-02
6.6662,2018-10-03
6.4993,2018-10-04
6.3273,2018-10-05
7.1576,2018-10-08
7.3699,2018-10-09
6.7801,2018-10-10
6.798,2018-10-11
7.0276,2018-10-15
7.6815,2018-10-16
7.79,2018-10-17
7.1471,2018-10-18
7.1428,2018-10-19
7.1465,2018-10-22
7.1146,2018-10-23
6.6214,2018-10-24
6.8753,2018-10-25
7.2908,2018-10-26
6.7485,2018-10-29
7.3635,2018-10-30
7.4825,2018-10-31
7.794,2018-11-01
8.0109,2018-11-05
7.7765,2018-11-06
7.7052,2018-11-07
7.4438,2018-11-08
7.621,2018-11-09
7.3567,2018-11-12
7.1176,2018-11-13
7.6685,2018-11-14
8.1621,2018-11-16
8.2101,2018-11-19
8.1364,2018-11-21
8.21,2018-11-23
8.204,2018-11-26
8.3529,2018-11-27
9.0688,2018-11-28
8.7674,2018-11-29
9.0658,2018-11-30
9.4428,2018-12-03
8.9467,2018-12-04
9.3879,2018-12-06
8.8007,2018-12-07
8.204,2018-12-10
7.9519,2018-12-11
8.1503,2018-12-12
8.4052,2018-12-13
8.437,2018-12-14
8.0701,2018-12-17
8.4728,2018-12-18
8.458,2018-12-19
8.3746,2018-12-20
8.2288,2018-12-21
8.3248,2018-12-26
8.3989,2018-12-27
9.0024,2018-12-28
9.5701,2019-01-02
9.6434,2019-01-03
9.7672,2019-01-04
9.8253,2019-01-07
10.1146,2019-01-08
10.263,2019-01-09
10.1141,2019-01-10
10.1997,2019-01-11
10.1558,2019-01-14
9.7863,2019-01-15
9.8654,2019-01-16
9.8257,2019-01-17
9.9024,2019-01-18
9.6148,2019-01-22
9.3598,2019-01-23
9.3101,2019-01-24
8.8554,2019-01-28
8.9729,2019-01-29
9.1387,2019-01-30
9.5516,2019-01-31
9.7018,2019-02-01
9.5348,2019-02-04
9.41,2019-02-05
8.7558,2019-02-06
8.3359,2019-02-07
8.3957,2019-02-08
8.1942,2019-02-11
8.4835,2019-02-12
8.7043,2019-02-13
8.4206,2019-02-14
7.992,2019-02-15
8.2223,2019-02-19
8.1097,2019-02-20
7.9928,2019-02-21
8.1173,2019-02-22
8.3913,2019-02-25
9.0526,2019-02-26
8.7075,2019-02-27
8.6826,2019-02-28
9.0317,2019-03-01
9.0159,2019-03-06
8.3181,2019-03-07
8.2825,2019-03-08
8.638,2019-03-11
8.469,2019-03-12
8.6691,2019-03-13
8.5117,2019-03-14
8.4351,2019-03-15
8.4304,2019-03-18
8.5639,2019-03-19
8.5893,2019-03-20
8.5521,2019-03-21
7.6582,2019-03-22
7.5631,2019-03-25
7.7874,2019-03-26
7.1722,2019-03-27
7.6831,2019-03-28
7.5479,2019-03-29
7.6213,2019-04-02
7.5233,2019-04-03
7.8567,2019-04-04
8.1328,2019-04-05
8.0543,2019-04-08
8.0758,2019-04-09
8.1297,2019-04-10
7.805,2019-04-11
7.5262,2019-04-12
7.7708,2019-04-15
7.5351,2019-04-16
7.6833,2019-04-17
7.9816,2019-04-18
7.6645,2019-04-22
8.2459,2019-04-23
8.0322,2019-04-24
8.2307,2019-04-25
8.0144,2019-04-26
8.1803,2019-04-29
8.5132,2019-04-30
8.1134,2019-05-02
8.2079,2019-05-03
7.9237,2019-05-06
7.9616,2019-05-07
8.2942,2019-05-08
7.9625,2019-05-09
7.6552,2019-05-10
7.1907,2019-05-13
7.4263,2019-05-14
7.4618,2019-05-15
7.3693,2019-05-16
7.3135,2019-05-17
7.3073,2019-05-20
7.6916,2019-05-21
7.7876,2019-05-22
8.0171,2019-05-23
8.2306,2019-05-24
8.6787,2019-05-28
8.9286,2019-05-29
9.2342,2019-05-30
9.0939,2019-05-31
8.7698,2019-06-03
9.1404,2019-06-04
9.0365,2019-06-05
9.4212,2019-06-06
9.5165,2019-06-07
10.1723,2019-06-10
10.7958,2019-06-11
10.7818,2019-06-12
10.8333,2019-06-13
11.0748,2019-06-14
11.2864,2019-06-17
11.9355,2019-06-18
12.8302,2019-06-19
13.0641,2019-06-21
12.8767,2019-06-24
12.2582,2019-06-25
12.9252,2019-06-26
13.1985,2019-06-27
14.317,2019-06-28
14.4658,2019-07-01
14.4316,2019-07-02
14.6663,2019-07-03
15.2646,2019-07-05
15.8337,2019-07-08
16.0064,2019-07-10
16.0916,2019-07-11
15.5502,2019-07-12
15.4166,2019-07-15
15.7571,2019-07-16
15.6633,2019-07-17
15.7353,2019-07-18
15.2938,2019-07-19
15.5803,2019-07-22
15.2719,2019-07-23
15.076,2019-07-24
14.6508,2019-07-25
14.6431,2019-07-26
14.5676,2019-07-29
14.2875,2019-07-30
13.9318,2019-07-31
14.1203,2019-08-01
14.0837,2019-08-02
13.2525,2019-08-05
13.6812,2019-08-06
13.4845,2019-08-07
13.8861,2019-08-08
13.7749,2019-08-09
13.0851,2019-08-12
13.4363,2019-08-13
12.6337,2019-08-14
12.2005,2019-08-15
12.656,2019-08-16
12.5682,2019-08-19
12.4358,2019-08-20
12.8992,2019-08-21
12.7396,2019-08-22
12.2297,2019-08-23
11.6304,2019-08-26
11.6882,2019-08-27
11.9808,2019-08-28
12.5398,2019-08-29
12.9591,2019-08-30
13.4677,2019-09-03
13.6708,2019-09-04
13.3661,2019-09-05
13.6953,2019-09-06
13.6816,2019-09-09
13.7522,2019-09-10
13.8969,2019-09-11
14.4553,2019-09-12
13.9106,2019-09-13
14.3314,2019-09-16
14.3569,2019-09-17
14.0144,2019-09-18
14.2398,2019-09-19
14.18,2019-09-20
14.6337,2019-09-23
14.3355,2019-09-24
14.9636,2019-09-25
15.0438,2019-09-26
14.7663,2019-09-27
14.7355,2019-09-30
14.8524,2019-10-01
14.234,2019-10-02
14.52,2019-10-03
14.5845,2019-10-04
13.9842,2019-10-07
13.5713,2019-10-08
13.8629,2019-10-09
13.952,2019-10-10
14.1204,2019-10-11
14.4522,2019-10-14
14.4098,2019-10-15
14.646,2019-10-16
14.4463,2019-10-17
14.5731,2019-10-18
14.8986,2019-10-21
14.4289,2019-10-22
14.1658,2019-10-23
14.1258,2019-10-24
14.3936,2019-10-25
13.6064,2019-10-28
13.3232,2019-10-29
14.0715,2019-10-30
14.1462,2019-10-31
14.0494,2019-11-01
13.5669,2019-11-04
13.3893,2019-11-05
13.7698,2019-11-06
13.8528,2019-11-07
13.2722,2019-11-08
13.412,2019-11-11
13.6782,2019-11-12
13.2965,2019-11-13
13.0765,2019-11-14
13.3757,2019-11-18
12.7231,2019-11-19
12.6603,2019-11-21
12.6625,2019-11-22
12.4588,2019-11-25
12.4112,2019-11-26
12.5437,2019-11-27
13.0752,2019-11-29
13.0712,2019-12-02
13.2741,2019-12-03
13.6895,2019-12-04
13.4778,2019-12-05
13.1368,2019-12-06
13.2973,2019-12-09
13.4038,2019-12-10
13.5948,2019-12-11
14.0144,2019-12-12
13.7903,2019-12-13
13.376,2019-12-16
13.2423,2019-12-17
13.464,2019-12-18
13.3988,2019-12-19
14.0432,2019-12-20
14.2023,2019-12-23
14.8096,2019-12-26
15.2245,2019-12-27
15.1637,2019-12-30
15.4884,2020-01-02
15.1687,2020-01-03
15.0962,2020-01-06
15.308,2020-01-07
15.1333,2020-01-08
15.2387,2020-01-09
15.2648,2020-01-10
15.4291,2020-01-13
15.4797,2020-01-14
15.2293,2020-01-15
14.7923,2020-01-16
14.3111,2020-01-17
14.0531,2020-01-21
14.0044,2020-01-22
14.1682,2020-01-23
13.8629,2020-01-24
12.9891,2020-01-27
13.3486,2020-01-28
13.2115,2020-01-29
13.0317,2020-01-30
12.7919,2020-01-31
12.8329,2020-02-03
12.8403,2020-02-04
12.7588,2020-02-05
12.6789,2020-02-06
12.1584,2020-02-07
11.8882,2020-02-10
12.6456,2020-02-11
12.7685,2020-02-12
12.4275,2020-02-13
12.1072,2020-02-14
11.981,2020-02-18
12.0903,2020-02-19
11.8603,2020-02-20
12.2167,2020-02-21
10.8033,2020-02-26
10.251,2020-02-27
10.4257,2020-02-28
10.8927,2020-03-02
10.7055,2020-03-03
10.9026,2020-03-04
9.7762,2020-03-05
8.9541,2020-03-06
6.4344,2020-03-09
7.7827,2020-03-10
5.6025,2020-03-11
1.5461,2020-03-12
4.4975,2020-03-13
1.7174,2020-03-16
2.8014,2020-03-17
-1.268,2020-03-18
-0.8297,2020-03-19
-1.0571,2020-03-20
-2.7749,2020-03-23
-1.14,2020-03-24
0.83,2020-03-25
1.9434,2020-03-26
1.3462,2020-03-27
1.7547,2020-03-30
1.3785,2020-03-31
0.6015,2020-04-01
1.0168,2020-04-02
0.4443,2020-04-03
2.4215,2020-04-06
2.9687,2020-04-07
3.4474,2020-04-08
4.24,2020-04-09
3.9728,2020-04-13
4.3508,2020-04-14
3.962,2020-04-15
4.1147,2020-04-16
4.251,2020-04-17
4.1852,2020-04-20
4.6346,2020-04-22
4.5012,2020-04-23
2.7394,2020-04-24
3.4529,2020-04-27
4.7184,2020-04-28
5.1937,2020-04-29
4.6948,2020-04-30
4.3542,2020-05-04
4.3127,2020-05-05
4.257,2020-05-06
3.884,2020-05-07
4.553,2020-05-08
4.2182,2020-05-11
3.6872,2020-05-12
3.3987,2020-05-13
3.5595,2020-05-14
3.6751,2020-05-15
4.2482,2020-05-18
4.3571,2020-05-19
4.7139,2020-05-20
4.8018,2020-05-21
4.7838,2020-05-22
5.6904,2020-05-26
6.681,2020-05-27
6.4466,2020-05-28
6.6792,2020-05-29
7.1503,2020-06-01
7.8614,2020-06-02
8.0664,2020-06-03
7.6935,2020-06-04
7.9797,2020-06-05
8.5661,2020-06-08
8.3799,2020-06-09
7.6883,2020-06-10
7.03,2020-06-12
6.8056,2020-06-15
7.0504,2020-06-16
7.3118,2020-06-17
7.099,2020-06-18
7.418,2020-06-19
6.9334,2020-06-22
6.8328,2020-06-23
6.369,2020-06-24
6.5499,2020-06-25
6.2066,2020-06-26
6.4038,2020-06-29
6.5673,2020-06-30
6.917,2020-07-01
6.5946,2020-07-02
6.9105,2020-07-06
6.1071,2020-07-07
6.2665,2020-07-08
6.5038,2020-07-09
6.6588,2020-07-10
6.274,2020-07-13
6.2744,2020-07-14
6.3504,2020-07-15
6.2409,2020-07-16
6.3372,2020-07-17
6.193,2020-07-20
6.0747,2020-07-21
5.8663,2020-07-22
5.5618,2020-07-23
5.7382,2020-07-24
6.0916,2020-07-27
6.0463,2020-07-28
6.2713,2020-07-29
6.1926,2020-07-30
6.2078,2020-07-31
6.1053,2020-08-03
5.8027,2020-08-04
5.9331,2020-08-05
6.5068,2020-08-06
6.219,2020-08-07
6.1766,2020-08-10
5.9628,2020-08-11
6.1075,2020-08-12
5.8156,2020-08-13
5.8958,2020-08-14
6.2354,2020-08-17
6.3433,2020-08-18
5.9258,2020-08-19
5.764,2020-08-20
5.8926,2020-08-21
6.5008,2020-08-24
6.2264,2020-08-25
6.5601,2020-08-26
6.6908,2020-08-27
6.7821,2020-08-28
6.4452,2020-08-31
6.9684,2020-09-01
6.6503,2020-09-02
6.4582,2020-09-03
7.0119,2020-09-04
6.8179,2020-09-08
7.0853,2020-09-09
6.4917,2020-09-10
6.0467,2020-09-11
6.1447,2020-09-14
6.3094,2020-09-15
5.8155,2020-09-16
5.7045,2020-09-17
5.1301,2020-09-18
4.7559,2020-09-21
4.9982,2020-09-22
4.4681,2020-09-23
4.6031,2020-09-24
4.8514,2020-09-25
4.2895,2020-09-28
3.8642,2020-09-29
4.1575,2020-09-30
4.1368,2020-10-01
3.6053,2020-10-02
4.1164,2020-10-05
4.0311,2020-10-06
3.9875,2020-10-07
4.2782,2020-10-08
4.358,2020-10-09
4.5591,2020-10-13
4.8072,2020-10-14
5.1113,2020-10-15
4.8586,2020-10-16
4.6573,2020-10-19
5.3351,2020-10-20
5.4652,2020-10-21
5.2874,2020-10-22
4.9429,2020-10-23
4.3107,2020-10-26
3.9736,2020-10-27
3.0429,2020-10-28
3.0418,2020-10-29
2.48,2020-10-30
2.8411,2020-11-03
3.0786,2020-11-04
3.6267,2020-11-05
3.6546,2020-11-06
4.1293,2020-11-09
4.0659,2020-11-10
3.8097,2020-11-11
3.4578,2020-11-12
3.6561,2020-11-13
4.0939,2020-11-16
3.9582,2020-11-17
3.5947,2020-11-18
3.7344,2020-11-19
3.6063,2020-11-20
3.5807,2020-11-23
4.2033,2020-11-24
4.196,2020-11-25
4.7556,2020-11-27
4.6038,2020-11-30
4.9608,2020-12-01
5.0894,2020-12-02
5.3225,2020-12-03
5.4044,2020-12-04
5.0833,2020-12-07
5.164,2020-12-08
5.1529,2020-12-09
5.2814,2020-12-10
5.1873,2020-12-11
5.0691,2020-12-14
5.334,2020-12-15
5.2193,2020-12-16
5.2921,2020-12-17
5.0511,2020-12-18
4.8051,2020-12-21
4.9473,2020-12-22
5.1168,2020-12-23
5.0572,2020-12-28
5.1335,2020-12-29
5.2604,2020-12-30
5.2439,2021-01-04
5.0168,2021-01-05
4.8412,2021-01-06
4.8951,2021-01-07
4.9382,2021-01-08
4.1337,2021-01-11
4.2287,2021-01-12
4.1195,2021-01-14
3.2492,2021-01-15
3.4263,2021-01-19
3.5587,2021-01-20
3.3545,2021-01-21
3.2612,2021-01-22
3.2414,2021-01-26
3.0063,2021-01-27
3.2995,2021-01-28
2.7738,2021-01-29
3.2054,2021-02-01
3.5237,2021-02-02
3.4947,2021-02-03
3.6845,2021-02-04
3.6784,2021-02-05
3.543,2021-02-08
3.6261,2021-02-09
4.1331,2021-02-10
3.915,2021-02-11
4.0856,2021-02-12
4.0266,2021-02-18
4.2187,2021-02-19
3.2363,2021-02-22
3.389,2021-02-23
3.2821,2021-02-24
2.8162,2021-02-25
2.6939,2021-02-26
2.9465,2021-03-01
2.4155,2021-03-02
1.8591,2021-03-03
2.2889,2021-03-04
2.8488,2021-03-05
2.0931,2021-03-08
1.9699,2021-03-09
2.3323,2021-03-10
2.9127,2021-03-11
4.3425,2021-03-12
4.9309,2021-03-15
4.7708,2021-03-16
4.2085,2021-03-17
3.9458,2021-03-18
3.5118,2021-03-19
4.3627,2021-03-22
4.7975,2021-03-23
7.2166,2021-03-24
6.1459,2021-03-25
8.3583,2021-03-26
12.5316,2021-03-29
9.8339,2021-03-30
12.6622,2021-03-31
12.0268,2021-04-05
16.0873,2021-04-06
15.68,2021-04-07
16.1817,2021-04-08
17.6127,2021-04-09
15.5629,2021-04-12
13.5057,2021-04-13
12.2482,2021-04-14
13.1107,2021-04-15
12.7735,2021-04-16
12.9559,2021-04-19
13.519,2021-04-20
13.2645,2021-04-22
14.276,2021-04-23
13.0965,2021-04-26
12.3406,2021-04-27
11.836,2021-04-28
11.6732,2021-04-29
11.2684,2021-04-30
10.6759,2021-05-03
10.5577,2021-05-04
10.7804,2021-05-05
10.4546,2021-05-06
10.6998,2021-05-07
10.0956,2021-05-10
10.5302,2021-05-11
11.5915,2021-05-12
11.2056,2021-05-13
10.3808,2021-05-14
9.9236,2021-05-17
10.1838,2021-05-18
10.5339,2021-05-19
10.4722,2021-05-20
10.5033,2021-05-21
10.7569,2021-05-24
10.1521,2021-05-25
10.4226,2021-05-26
11.1117,2021-05-27
11.6665,2021-05-28
11.6394,2021-06-01
11.905,2021-06-02
11.2795,2021-06-04
11.3183,2021-06-07
11.0331,2021-06-08
10.7219,2021-06-09
10.7867,2021-06-10
9.7793,2021-06-11
9.3823,2021-06-14
9.4408,2021-06-15
9.1074,2021-06-16
8.5818,2021-06-17
7.8751,2021-06-18
7.6786,2021-06-21
7.4549,2021-06-22
7.072,2021-06-23
6.7803,2021-06-24
6.5842,2021-06-25
6.845,2021-06-28
7.5864,2021-06-29
7.5461,2021-06-30
7.1924,2021-07-01
7.1417,2021-07-02
6.7238,2021-07-06
6.8598,2021-07-07
6.7861,2021-07-08
7.0576,2021-07-12
7.624,2021-07-13
7.3573,2021-07-14
7.7137,2021-07-15
7.2264,2021-07-16
6.7682,2021-07-19
6.7513,2021-07-20
6.8736,2021-07-21
6.4077,2021-07-22
6.5069,2021-07-23
6.3722,2021-07-26
6.2093,2021-07-27
6.1045,2021-07-28
6.4751,2021-07-29
5.6047,2021-07-30
5.3905,2021-08-02
5.6896,2021-08-03
5.0667,2021-08-04
4.7062,2021-08-05
4.8733,2021-08-06
4.7829,2021-08-09
5.0958,2021-08-10
4.9692,2021-08-11
4.3813,2021-08-12
4.4734,2021-08-13
3.867,2021-08-16
3.5382,2021-08-17
3.3867,2021-08-18
3.4908,2021-08-19
4.0396,2021-08-20
3.7716,2021-08-23
3.8573,2021-08-24
4.2226,2021-08-25
3.9088,2021-08-26
4.5077,2021-08-27
4.5514,2021-08-30
4.6348,2021-08-31
4.5618,2021-09-01
4.4896,2021-09-02
3.9332,2021-09-03
3.6835,2021-09-08
3.6456,2021-09-09
3.52,2021-09-10
3.5675,2021-09-13
3.6375,2021-09-14
3.8424,2021-09-15
3.7158,2021-09-16
3.0627,2021-09-17
2.9605,2021-09-20
2.8287,2021-09-21
3.0828,2021-09-22
3.6699,2021-09-23
3.5101,2021-09-24
3.9351,2021-09-27
3.0453,2021-09-28
3.7014,2021-09-29
3.7117,2021-09-30
3.6855,2021-10-01
3.2692,2021-10-04
3.5154,2021-10-05
3.6022,2021-10-06
4.1364,2021-10-07
4.8837,2021-10-08
4.5923,2021-10-11
5.1659,2021-10-13
4.9264,2021-10-14
5.0371,2021-10-15
5.495,2021-10-18
5.0094,2021-10-19
4.6949,2021-10-20
3.9392,2021-10-21
4.0173,2021-10-22
3.7385,2021-10-25
3.5208,2021-10-26
3.3419,2021-10-27
2.5114,2021-10-28
2.4116,2021-10-29
2.3266,2021-11-01
2.5716,2021-11-03
2.4027,2021-11-04
2.7309,2021-11-05
2.6422,2021-11-08
2.4009,2021-11-09
2.4485,2021-11-10
2.5899,2021-11-11
2.7114,2021-11-12
2.6464,2021-11-16
2.5854,2021-11-17
3.3709,2021-11-18
3.2662,2021-11-19
3.4834,2021-11-22
3.3751,2021-11-23
2.9906,2021-11-24
1.9793,2021-11-26
2.1352,2021-11-29
1.552,2021-11-30
1.2443,2021-12-01
1.9691,2021-12-02
2.693,2021-12-03
2.7015,2021-12-06
2.7089,2021-12-07
2.8754,2021-12-08
2.8527,2021-12-09
3.154,2021-12-10
3.157,2021-12-13
2.9278,2021-12-14
2.7163,2021-12-15
2.5797,2021-12-16
2.1169,2021-12-17
2.1637,2021-12-20
2.029,2021-12-21
1.9447,2021-12-22
1.7459,2021-12-23
1.8292,2021-12-27
1.9319,2021-12-28
1.8315,2021-12-29
2.2234,2021-12-30
1.8527,2022-01-03
1.5603,2022-01-04
1.1165,2022-01-05
0.8314,2022-01-06
0.7335,2022-01-07
0.4769,2022-01-10
0.7331,2022-01-11
1.4148,2022-01-12
1.1602,2022-01-13
1.1287,2022-01-14
0.7724,2022-01-18
0.8246,2022-01-19
0.929,2022-01-20
0.7925,2022-01-21
0.6576,2022-01-24
0.9698,2022-01-25
0.8136,2022-01-26
0.4796,2022-01-27
0.9609,2022-01-28
1.0088,2022-01-31
1.3177,2022-02-01
1.6533,2022-02-02
1.4676,2022-02-03
1.5148,2022-02-04
1.7397,2022-02-07
1.971,2022-02-08
2.0757,2022-02-09
2.3327,2022-02-10
1.6946,2022-02-11
2.1449,2022-02-14
2.0567,2022-02-15
1.8211,2022-02-16
1.2935,2022-02-17
1.245,2022-02-18
0.9942,2022-02-22
0.9054,2022-02-23
0.921,2022-02-24
1.4057,2022-02-25
1.4076,2022-03-02
1.3306,2022-03-03
1.1996,2022-03-04
0.7155,2022-03-07
1.5276,2022-03-08
1.7482,2022-03-09
1.6762,2022-03-10
2.0066,2022-03-11
2.0444,2022-03-14
2.1281,2022-03-15
2.5677,2022-03-16
3.2486,2022-03-17
3.4148,2022-03-18
2.996,2022-03-21
4.1087,2022-03-22
4.0379,2022-03-23
4.3905,2022-03-24
4.2725,2022-03-25
4.4436,2022-03-28
4.618,2022-03-29
4.6297,2022-03-30
4.3077,2022-03-31
5.1773,2022-04-01
5.2079,2022-04-04
5.0136,2022-04-05
5.1793,2022-04-06
5.547,2022-04-07
5.1772,2022-04-08
4.619,2022-04-11
4.5436,2022-04-12
4.3815,2022-04-13
4.1928,2022-04-14
3.9583,2022-04-18
4.0936,2022-04-19
4.1412,2022-04-20
3.3213,2022-04-22
3.4585,2022-04-25
2.8909,2022-04-26
3.1455,2022-04-27
3.295,2022-04-28
2.7658,2022-04-29
2.33,2022-05-02
2.3824,2022-05-03
3.0883,2022-05-04
2.389,2022-05-05
1.9802,2022-05-06
1.5291,2022-05-09
1.7287,2022-05-10
1.5616,2022-05-11
1.5562,2022-05-12
2.2168,2022-05-13
2.4501,2022-05-16
3.0185,2022-05-17
2.2952,2022-05-18
2.3554,2022-05-19
2.2813,2022-05-20
2.8024,2022-05-23
2.5481,2022-05-24
3.2485,2022-05-25
3.4491,2022-05-26
3.4167,2022-05-27
3.2663,2022-05-31
3.3482,2022-06-01
3.6927,2022-06-02
3.3766,2022-06-03
3.3024,2022-06-06
3.0614,2022-06-07
2.9741,2022-06-08
2.6732,2022-06-09
2.2159,2022-06-10
1.3407,2022-06-13
0.8926,2022-06-14
1.0358,2022-06-15
0.4777,2022-06-17
0.6537,2022-06-21
0.7162,2022-06-22
0.6646,2022-06-23
0.8193,2022-06-24
1.139,2022-06-27
0.7711,2022-06-28
0.6947,2022-06-29
0.7557,2022-06-30
1.1175,2022-07-01
1.0614,2022-07-05
0.8564,2022-07-06
1.378,2022-07-07
1.3595,2022-07-08
0.6989,2022-07-11
1.0808,2022-07-12
0.9216,2022-07-13
0.5347,2022-07-14
0.8131,2022-07-15
0.8284,2022-07-18
0.7986,2022-07-19
1.3796,2022-07-20
1.2177,2022-07-21
1.5169,2022-07-22
1.2979,2022-07-25
1.0823,2022-07-26
1.3465,2022-07-27
1.8126,2022-07-28
2.2384,2022-07-29
2.4888,2022-08-01
2.2942,2022-08-02
2.3953,2022-08-03
2.8374,2022-08-04
3.1868,2022-08-05
3.4826,2022-08-08
3.7329,2022-08-09
3.8856,2022-08-10
3.784,2022-08-11
4.9945,2022-08-12
5.26,2022-08-15
5.2174,2022-08-16
5.3987,2022-08-17
5.6031,2022-08-18
5.1069,2022-08-19
5.0158,2022-08-22
5.4037,2022-08-23
5.5112,2022-08-24
5.8215,2022-08-25
5.6356,2022-08-26
6.0067,2022-08-29
6.0487,2022-08-30
6.4052,2022-08-31
6.5473,2022-09-01
6.2989,2022-09-02
6.1304,2022-09-06
5.9486,2022-09-08
6.1943,2022-09-09
6.5536,2022-09-12
5.6858,2022-09-13
5.725,2022-09-14
5.7106,2022-09-15
5.6141,2022-09-16
6.3177,2022-09-19
6.4166,2022-09-20
6.9512,2022-09-21
7.2461,2022-09-22
6.9248,2022-09-23
6.1905,2022-09-26
6.1397,2022-09-27
6.1861,2022-09-28
6.1564,2022-09-29
6.7767,2022-09-30
8.085,2022-10-03
7.9593,2022-10-04
7.7656,2022-10-05
7.5832,2022-10-06
7.4527,2022-10-07
7.4172,2022-10-10
7.7768,2022-10-11
7.6544,2022-10-13
7.3752,2022-10-14
7.349,2022-10-17
8.0848,2022-10-18
8.056,2022-10-19
8.0031,2022-10-20
8.4179,2022-10-21
7.6294,2022-10-24
7.6424,2022-10-25
7.2102,2022-10-26
7.4234,2022-10-27
7.3995,2022-10-28
7.6961,2022-10-31
8.4675,2022-11-01
8.3081,2022-11-03
9.1944,2022-11-04
9.145,2022-11-07
9.0031,2022-11-08
9.0571,2022-11-09
8.3933,2022-11-10
8.9565,2022-11-11
9.2219,2022-11-14
8.5753,2022-11-16
7.9103,2022-11-17
8.1431,2022-11-18
8.0449,2022-11-21
7.995,2022-11-22
7.69,2022-11-23
7.7065,2022-11-25
7.4431,2022-11-28
7.9896,2022-11-29
8.7322,2022-11-30
8.8751,2022-12-01
9.2807,2022-12-02
8.6648,2022-12-05
8.8877,2022-12-06
8.5953,2022-12-07
8.2952,2022-12-08
8.6807,2022-12-09
8.0238,2022-12-12
7.8964,2022-12-13
7.951,2022-12-14
7.2619,2022-12-15
6.7073,2022-12-16
6.4281,2022-12-19
6.6241,2022-12-20
6.6447,2022-12-21
6.9772,2022-12-22
7.0316,2022-12-23
7.1227,2022-12-27
7.5467,2022-12-28
7.5068,2022-12-29
6.7357,2023-01-03
6.9649,2023-01-04
7.5106,2023-01-05
7.5512,2023-01-06
7.5931,2023-01-09
7.8928,2023-01-10
7.9789,2023-01-11
8.032,2023-01-12
8.0386,2023-01-13
7.8762,2023-01-17
8.0317,2023-01-18
8.2319,2023-01-19
8.7387,2023-01-20
8.6306,2023-01-23
8.7503,2023-01-24
9.1122,2023-01-25
8.8458,2023-01-26
8.1978,2023-01-27
8.2336,2023-01-30
8.2696,2023-01-31
8.2823,2023-02-01
7.9956,2023-02-02
7.4218,2023-02-03
7.6223,2023-02-06
7.7223,2023-02-07
7.7969,2023-02-08
7.4039,2023-02-09
7.4852,2023-02-10
7.4549,2023-02-13
7.2213,2023-02-14
7.3608,2023-02-15
7.3726,2023-02-16
7.4447,2023-02-17
7.0452,2023-02-22
7.131,2023-02-23
6.9105,2023-02-24
6.9838,2023-02-27
6.8885,2023-02-28
6.9355,2023-03-01
6.7908,2023-03-02
