Volatilidade_data,Volatilidade_port1,Volatilidade_port4,Volatilidade_port8
2011-04-08,0.0112,0.0229,0.032
2011-04-11,0.0112,0.0231,0.0322
2011-04-12,0.0111,0.0228,0.0319
2011-04-13,0.0112,0.0229,0.0315
2011-04-14,0.011,0.0226,0.0314
2011-04-15,0.011,0.0227,0.0315
2011-04-18,0.0114,0.0237,0.0333
2011-04-19,0.0114,0.0238,0.033
2011-04-20,0.0115,0.0241,0.0334
2011-04-25,0.0115,0.0241,0.0332
2011-04-26,0.0115,0.0241,0.0322
2011-04-27,0.0115,0.0241,0.0328
2011-04-28,0.0115,0.0242,0.0328
2011-04-29,0.0114,0.0239,0.0326
2011-05-02,0.0114,0.0239,0.0326
2011-05-03,0.0116,0.0245,0.0332
2011-05-04,0.0116,0.0246,0.0332
2011-05-05,0.0116,0.0246,0.0335
2011-05-06,0.0117,0.0248,0.0336
2011-05-09,0.0115,0.0241,0.0326
2011-05-10,0.0115,0.0242,0.0325
2011-05-11,0.0114,0.0241,0.0327
2011-05-12,0.0113,0.024,0.0327
2011-05-13,0.0114,0.0243,0.0331
2011-05-16,0.011,0.024,0.0326
2011-05-17,0.0111,0.0242,0.0324
2011-05-18,0.0111,0.0242,0.0324
2011-05-19,0.0108,0.024,0.033
2011-05-20,0.0108,0.024,0.0329
2011-05-23,0.0106,0.0234,0.0326
2011-05-24,0.0107,0.0237,0.0325
2011-05-25,0.0107,0.0237,0.0325
2011-05-26,0.0106,0.0234,0.0326
2011-05-27,0.0106,0.0235,0.0327
2011-05-31,0.0108,0.0236,0.0326
2011-06-01,0.0108,0.0238,0.0341
2011-06-02,0.0109,0.024,0.034
2011-06-03,0.0108,0.024,0.0347
2011-06-06,0.0112,0.0247,0.035
2011-06-07,0.0111,0.0246,0.035
2011-06-08,0.0111,0.0243,0.0348
2011-06-09,0.011,0.0242,0.035
2011-06-10,0.0109,0.0241,0.0349
2011-06-13,0.011,0.0242,0.0347
2011-06-14,0.011,0.0241,0.0348
2011-06-15,0.0109,0.024,0.0352
2011-06-16,0.011,0.0242,0.0349
2011-06-17,0.011,0.0241,0.0349
2011-06-20,0.011,0.0239,0.0336
2011-06-21,0.0108,0.0235,0.0333
2011-06-22,0.0108,0.0235,0.0333
2011-06-24,0.0106,0.0231,0.0332
2011-06-28,0.011,0.0239,0.0338
2011-06-29,0.0107,0.0237,0.0339
2011-06-30,0.0106,0.0235,0.0342
2011-07-01,0.0109,0.0245,0.0359
2011-07-05,0.0108,0.0245,0.036
2011-07-06,0.0109,0.0245,0.036
2011-07-07,0.0109,0.0245,0.036
2011-07-08,0.0106,0.0242,0.0356
2011-07-11,0.0107,0.0248,0.0363
2011-07-12,0.0103,0.0242,0.0356
2011-07-13,0.0106,0.0247,0.0359
2011-07-14,0.0107,0.0249,0.0359
2011-07-15,0.0107,0.0249,0.036
2011-07-18,0.0107,0.0248,0.0359
2011-07-19,0.0107,0.0248,0.0358
2011-07-20,0.0107,0.0247,0.0357
2011-07-21,0.0111,0.0255,0.0362
2011-07-22,0.0111,0.0254,0.0361
2011-07-25,0.0111,0.0254,0.0359
2011-07-26,0.0111,0.0254,0.0359
2011-07-27,0.0108,0.0248,0.0346
2011-07-28,0.0107,0.0246,0.0347
2011-07-29,0.0106,0.0242,0.0345
2011-08-01,0.0106,0.0242,0.0346
2011-08-02,0.0108,0.0247,0.0353
2011-08-03,0.0113,0.0254,0.0345
2011-08-04,0.0134,0.0302,0.0395
2011-08-05,0.0134,0.0303,0.0396
2011-08-08,0.0172,0.0383,0.0485
2011-08-09,0.0189,0.0422,0.0534
2011-08-10,0.0189,0.0422,0.0559
2011-08-11,0.0197,0.044,0.0582
2011-08-12,0.0197,0.0439,0.0583
2011-08-15,0.02,0.0446,0.059
2011-08-16,0.02,0.0445,0.0589
2011-08-17,0.0203,0.0448,0.0589
2011-08-18,0.0205,0.0457,0.0608
2011-08-19,0.0205,0.0457,0.0609
2011-08-22,0.0205,0.0457,0.0609
2011-08-23,0.021,0.0466,0.0628
2011-08-24,0.0209,0.0466,0.0629
2011-08-25,0.0209,0.0466,0.0628
2011-08-29,0.0237,0.0505,0.067
2011-08-30,0.0237,0.0504,0.0667
2011-08-31,0.0241,0.0507,0.0667
2011-09-01,0.0262,0.0523,0.0667
2011-09-02,0.0269,0.0534,0.0679
2011-09-06,0.0269,0.0534,0.0678
2011-09-08,0.0268,0.0534,0.0678
2011-09-09,0.0268,0.0534,0.067
2011-09-12,0.0268,0.0533,0.0672
2011-09-13,0.0268,0.0533,0.0668
2011-09-14,0.0267,0.0531,0.0667
2011-09-15,0.0267,0.0531,0.0672
2011-09-16,0.0268,0.0533,0.0673
2011-09-19,0.0268,0.0533,0.0675
2011-09-20,0.0268,0.0533,0.0674
2011-09-21,0.027,0.0538,0.0692
2011-09-22,0.0278,0.0555,0.0704
2011-09-23,0.0279,0.0557,0.0706
2011-09-26,0.028,0.0561,0.0715
2011-09-27,0.028,0.0561,0.072
2011-09-28,0.0281,0.0563,0.0725
2011-09-29,0.0281,0.0563,0.0725
2011-09-30,0.0282,0.0565,0.073
2011-10-03,0.0282,0.0567,0.0733
2011-10-04,0.0281,0.0564,0.0731
2011-10-05,0.0282,0.0565,0.0734
2011-10-06,0.0283,0.0568,0.0734
2011-10-07,0.0283,0.0566,0.0726
2011-10-10,0.0286,0.0573,0.0729
2011-10-11,0.0286,0.0574,0.0729
2011-10-13,0.0286,0.0574,0.0729
2011-10-14,0.0285,0.0574,0.0732
2011-10-17,0.0285,0.0572,0.0729
2011-10-18,0.0286,0.0576,0.0732
2011-10-19,0.0285,0.0574,0.073
2011-10-20,0.0289,0.0576,0.073
2011-10-21,0.029,0.0581,0.0738
2011-10-24,0.0291,0.0584,0.0738
2011-10-25,0.0292,0.0585,0.0739
2011-10-26,0.0293,0.0587,0.074
2011-10-27,0.0295,0.0592,0.0745
2011-10-28,0.0295,0.0592,0.0745
2011-10-31,0.0296,0.0595,0.0753
2011-11-01,0.0298,0.0597,0.0754
2011-11-03,0.0297,0.0598,0.0763
2011-11-04,0.0297,0.0598,0.0762
2011-11-07,0.0298,0.0599,0.0762
2011-11-08,0.0298,0.0599,0.0761
2011-11-09,0.0297,0.0598,0.0762
2011-11-10,0.0295,0.0595,0.0762
2011-11-11,0.0284,0.0571,0.0739
2011-11-14,0.0284,0.0571,0.074
2011-11-16,0.0258,0.0511,0.068
2011-11-17,0.0253,0.0493,0.0651
2011-11-18,0.0253,0.0491,0.0625
2011-11-21,0.0251,0.0483,0.0618
2011-11-22,0.0251,0.0484,0.0621
2011-11-23,0.025,0.0481,0.0617
2011-11-25,0.0251,0.0481,0.0615
2011-11-28,0.0249,0.0482,0.0623
2011-11-29,0.0247,0.0473,0.0602
2011-11-30,0.0252,0.0483,0.0621
2011-12-01,0.0252,0.0483,0.0623
2011-12-02,0.0248,0.0476,0.0607
2011-12-05,0.0249,0.0477,0.0609
2011-12-06,0.0248,0.0475,0.0607
2011-12-07,0.0224,0.0438,0.0567
2011-12-08,0.0225,0.0442,0.0571
2011-12-09,0.0221,0.0439,0.0572
2011-12-12,0.0195,0.0423,0.0576
2011-12-13,0.0187,0.0407,0.0561
2011-12-14,0.0188,0.0409,0.0562
2011-12-15,0.0188,0.0409,0.0562
2011-12-16,0.0186,0.0403,0.0557
2011-12-19,0.0187,0.0405,0.0558
2011-12-20,0.019,0.0414,0.0568
2011-12-21,0.019,0.0414,0.0568
2011-12-22,0.019,0.0413,0.0563
2011-12-23,0.0189,0.0411,0.0565
2011-12-27,0.0189,0.0411,0.0563
2011-12-28,0.019,0.0417,0.0573
2011-12-29,0.0188,0.0412,0.0552
2012-01-03,0.0187,0.0401,0.0536
2012-01-04,0.0185,0.0398,0.0532
2012-01-05,0.0184,0.0395,0.0522
2012-01-06,0.0184,0.0395,0.0517
2012-01-09,0.0183,0.0391,0.0506
2012-01-10,0.0184,0.0393,0.0507
2012-01-11,0.0183,0.0389,0.0497
2012-01-12,0.0183,0.0384,0.0489
2012-01-13,0.0182,0.0386,0.0489
2012-01-17,0.0184,0.0388,0.0485
2012-01-18,0.0184,0.0388,0.0483
2012-01-19,0.0182,0.0382,0.048
2012-01-20,0.0179,0.0375,0.0478
2012-01-23,0.0179,0.0374,0.0478
2012-01-24,0.0179,0.0374,0.0478
2012-01-26,0.0183,0.0377,0.0478
2012-01-27,0.0181,0.0373,0.0476
2012-01-30,0.0179,0.0369,0.0473
2012-01-31,0.0179,0.0369,0.0473
2012-02-01,0.0173,0.0365,0.0472
2012-02-02,0.0171,0.0359,0.0463
2012-02-03,0.017,0.0356,0.0466
2012-02-06,0.0168,0.0353,0.0461
2012-02-07,0.0167,0.0351,0.046
2012-02-08,0.0162,0.0339,0.0449
2012-02-09,0.0162,0.0339,0.045
2012-02-10,0.0161,0.0336,0.0434
2012-02-13,0.0158,0.0336,0.0435
2012-02-14,0.0157,0.0333,0.0421
2012-02-15,0.0157,0.0333,0.0421
2012-02-16,0.0157,0.0334,0.0423
2012-02-17,0.0157,0.0334,0.0425
2012-02-22,0.0156,0.0328,0.0414
2012-02-23,0.0156,0.0329,0.0414
2012-02-24,0.0155,0.0323,0.0407
2012-02-27,0.0156,0.0324,0.0404
2012-02-29,0.0159,0.0327,0.0403
2012-03-01,0.0153,0.0316,0.0393
2012-03-02,0.0155,0.0318,0.0393
2012-03-05,0.0154,0.0313,0.0375
2012-03-06,0.0157,0.0321,0.0376
2012-03-07,0.0157,0.032,0.0374
2012-03-08,0.016,0.0327,0.0382
2012-03-09,0.016,0.0322,0.0371
2012-03-12,0.016,0.032,0.0371
2012-03-13,0.0156,0.0313,0.0347
2012-03-14,0.0156,0.0314,0.0345
2012-03-15,0.0158,0.0314,0.0344
2012-03-16,0.0159,0.0313,0.0343
2012-03-19,0.0159,0.0313,0.0343
2012-03-20,0.0159,0.0313,0.0339
2012-03-21,0.0156,0.0305,0.0331
2012-03-22,0.0159,0.031,0.0336
2012-03-23,0.0158,0.0306,0.0327
2012-03-26,0.0158,0.0306,0.0325
2012-03-27,0.0157,0.0302,0.0321
2012-03-28,0.0158,0.0304,0.0323
2012-03-29,0.0158,0.0304,0.0323
2012-03-30,0.0156,0.0301,0.0321
2012-04-02,0.0154,0.0293,0.031
2012-04-03,0.0155,0.0295,0.031
2012-04-04,0.0155,0.0298,0.0315
2012-04-05,0.0155,0.0298,0.0311
2012-04-09,0.0156,0.0299,0.031
2012-04-10,0.0156,0.0295,0.0307
2012-04-11,0.0156,0.0295,0.0303
2012-04-12,0.0146,0.0286,0.0309
2012-04-13,0.0148,0.0291,0.032
2012-04-16,0.0147,0.0289,0.0322
2012-04-17,0.0147,0.0292,0.0328
2012-04-18,0.0147,0.0292,0.0329
2012-04-19,0.0146,0.0289,0.0328
2012-04-20,0.0147,0.029,0.0329
2012-04-23,0.0148,0.0293,0.0332
2012-04-24,0.0148,0.0291,0.033
2012-04-25,0.0145,0.0286,0.0339
2012-04-26,0.0143,0.0283,0.0338
2012-04-27,0.0143,0.0283,0.0339
2012-04-30,0.0143,0.0283,0.034
2012-05-02,0.0145,0.0287,0.0341
2012-05-03,0.0146,0.0287,0.0341
2012-05-04,0.0141,0.0283,0.034
2012-05-07,0.0142,0.0285,0.034
2012-05-08,0.0147,0.0292,0.0341
2012-05-09,0.015,0.0296,0.0348
2012-05-10,0.0148,0.0292,0.0348
2012-05-11,0.0148,0.0292,0.0347
2012-05-14,0.0151,0.03,0.0349
2012-05-15,0.0153,0.0303,0.0349
2012-05-16,0.0152,0.0302,0.0351
2012-05-17,0.0157,0.0313,0.0356
2012-05-18,0.0158,0.0313,0.0357
2012-05-21,0.0159,0.0319,0.0359
2012-05-22,0.0176,0.033,0.0357
2012-05-23,0.0176,0.033,0.0358
2012-05-24,0.0182,0.0334,0.0358
2012-05-25,0.0181,0.0332,0.0353
2012-05-29,0.0183,0.0338,0.0374
2012-05-30,0.0183,0.034,0.038
2012-05-31,0.0185,0.0344,0.0383
2012-06-01,0.0186,0.0347,0.0385
2012-06-04,0.0188,0.0347,0.0386
2012-06-05,0.0185,0.0343,0.0382
2012-06-06,0.0186,0.0352,0.0392
2012-06-08,0.0184,0.0352,0.0396
2012-06-11,0.0184,0.0352,0.0397
2012-06-12,0.0184,0.035,0.0392
2012-06-13,0.0182,0.0346,0.0387
2012-06-14,0.0177,0.0337,0.038
2012-06-15,0.0176,0.0337,0.0379
2012-06-18,0.0176,0.0338,0.0378
2012-06-19,0.0173,0.0329,0.0366
2012-06-20,0.0173,0.0329,0.0365
2012-06-21,0.0175,0.0337,0.0376
2012-06-22,0.0175,0.0337,0.0379
2012-06-25,0.0177,0.0343,0.0386
2012-06-26,0.0177,0.0343,0.0387
2012-06-27,0.0177,0.0344,0.0386
2012-06-28,0.0175,0.0342,0.0384
2012-06-29,0.0182,0.0357,0.0402
2012-07-02,0.0182,0.0359,0.0405
2012-07-03,0.0185,0.0364,0.0408
2012-07-05,0.0184,0.0362,0.0407
2012-07-06,0.0185,0.0364,0.0411
2012-07-10,0.0185,0.0365,0.041
2012-07-11,0.0184,0.0362,0.0408
2012-07-12,0.0184,0.0362,0.0411
2012-07-13,0.0185,0.0366,0.0415
2012-07-16,0.0186,0.0366,0.0415
2012-07-17,0.0185,0.0366,0.0414
2012-07-18,0.0185,0.0363,0.0404
2012-07-19,0.0186,0.0366,0.0405
2012-07-20,0.0183,0.0358,0.0398
2012-07-23,0.0182,0.0356,0.0392
2012-07-24,0.0183,0.0358,0.0397
2012-07-25,0.0181,0.0354,0.0392
2012-07-26,0.0182,0.0358,0.0392
2012-07-27,0.0184,0.0367,0.0393
2012-07-30,0.0185,0.0368,0.0392
2012-07-31,0.0185,0.0367,0.0389
2012-08-01,0.0185,0.0367,0.039
2012-08-02,0.0185,0.0367,0.0381
2012-08-03,0.0186,0.0372,0.0384
2012-08-06,0.0187,0.0374,0.0383
2012-08-07,0.0187,0.0374,0.0381
2012-08-08,0.0185,0.0371,0.0389
2012-08-09,0.0185,0.0371,0.039
2012-08-10,0.0185,0.037,0.039
2012-08-13,0.0184,0.0368,0.039
2012-08-14,0.0181,0.0365,0.0388
2012-08-15,0.018,0.0361,0.0384
2012-08-16,0.0179,0.0361,0.0384
2012-08-17,0.0179,0.0361,0.0383
2012-08-20,0.0177,0.0353,0.0381
2012-08-21,0.0176,0.0352,0.0383
2012-08-22,0.0176,0.0351,0.0382
2012-08-23,0.0173,0.0344,0.0381
2012-08-24,0.0172,0.0344,0.0379
2012-08-27,0.017,0.0337,0.0378
2012-08-28,0.0151,0.0319,0.0381
2012-08-29,0.0153,0.032,0.0381
2012-08-30,0.0145,0.0318,0.0411
2012-08-31,0.0144,0.0318,0.0412
2012-09-04,0.0143,0.0312,0.0394
2012-09-05,0.0142,0.0308,0.0388
2012-09-06,0.0142,0.0311,0.0391
2012-09-10,0.014,0.0306,0.0387
2012-09-11,0.0137,0.0306,0.0388
2012-09-12,0.0135,0.0304,0.0388
2012-09-13,0.0138,0.0304,0.0385
2012-09-14,0.0137,0.0302,0.0381
2012-09-17,0.0135,0.03,0.038
2012-09-19,0.0133,0.0296,0.0377
2012-09-20,0.0133,0.0296,0.0377
2012-09-21,0.0133,0.0296,0.0375
2012-09-24,0.0133,0.0296,0.0375
2012-09-25,0.0134,0.0301,0.0378
2012-09-26,0.0133,0.0299,0.0378
2012-09-27,0.0133,0.0299,0.0378
2012-09-28,0.0129,0.0289,0.0365
2012-10-01,0.0129,0.0289,0.0365
2012-10-02,0.0126,0.0279,0.0356
2012-10-04,0.0126,0.028,0.0356
2012-10-05,0.0131,0.0279,0.0356
2012-10-08,0.0131,0.0279,0.0356
2012-10-09,0.0124,0.0263,0.0337
2012-10-10,0.0124,0.0264,0.0337
2012-10-11,0.0122,0.0261,0.0335
2012-10-15,0.0122,0.0261,0.0335
2012-10-16,0.0122,0.0259,0.0333
2012-10-17,0.012,0.0256,0.0331
2012-10-18,0.012,0.0256,0.0329
2012-10-19,0.0121,0.0259,0.0334
2012-10-22,0.0119,0.0253,0.0325
2012-10-23,0.0121,0.0258,0.0333
2012-10-24,0.0122,0.0259,0.0333
2012-10-25,0.012,0.0256,0.0331
2012-10-26,0.0118,0.0252,0.0328
2012-10-31,0.0118,0.0248,0.0328
2012-11-01,0.012,0.0252,0.0326
2012-11-05,0.0119,0.0252,0.0336
2012-11-06,0.012,0.0254,0.0334
2012-11-07,0.012,0.0253,0.0335
2012-11-08,0.012,0.025,0.0346
2012-11-09,0.0119,0.0248,0.0345
2012-11-12,0.0118,0.0246,0.0346
2012-11-13,0.0118,0.0246,0.0346
2012-11-14,0.0125,0.0256,0.0353
2012-11-16,0.0123,0.0249,0.0348
2012-11-19,0.0124,0.0255,0.036
2012-11-21,0.0124,0.0255,0.0359
2012-11-23,0.0127,0.0265,0.036
2012-11-26,0.0128,0.0269,0.0362
2012-11-27,0.0128,0.0269,0.0364
2012-11-28,0.0129,0.027,0.0371
2012-11-29,0.013,0.0275,0.0373
2012-11-30,0.013,0.0275,0.0371
2012-12-03,0.0132,0.0277,0.0372
2012-12-04,0.0132,0.0277,0.0374
2012-12-05,0.013,0.0277,0.0373
2012-12-06,0.0134,0.028,0.0378
2012-12-07,0.0135,0.0282,0.0378
2012-12-10,0.0132,0.0277,0.0375
2012-12-11,0.0132,0.0277,0.0375
2012-12-12,0.0132,0.0277,0.0374
2012-12-13,0.0131,0.0273,0.0359
2012-12-14,0.013,0.0272,0.036
2012-12-17,0.0129,0.0267,0.0331
2012-12-18,0.0129,0.0269,0.0332
2012-12-19,0.0129,0.027,0.033
2012-12-20,0.0129,0.027,0.0329
2012-12-26,0.0127,0.0263,0.0321
2012-12-27,0.0127,0.0263,0.0322
2012-12-28,0.0126,0.026,0.0323
2013-01-02,0.0137,0.0284,0.0377
2013-01-03,0.0132,0.0272,0.037
2013-01-04,0.0133,0.0274,0.037
2013-01-07,0.0133,0.0275,0.037
2013-01-08,0.0135,0.0278,0.0371
2013-01-09,0.0136,0.0279,0.0371
2013-01-10,0.0136,0.0279,0.0372
2013-01-11,0.0135,0.0279,0.0372
2013-01-14,0.0134,0.0274,0.037
2013-01-15,0.0134,0.0274,0.0369
2013-01-16,0.0134,0.0274,0.0369
2013-01-17,0.0134,0.0273,0.0369
2013-01-18,0.0134,0.0273,0.0367
2013-01-22,0.0134,0.0273,0.0367
2013-01-23,0.0134,0.0273,0.0365
2013-01-24,0.0134,0.0275,0.0365
2013-01-28,0.0135,0.0277,0.0365
2013-01-29,0.0135,0.0277,0.0365
2013-01-30,0.0136,0.0278,0.0362
2013-01-31,0.0135,0.0275,0.036
2013-02-01,0.0135,0.0277,0.0364
2013-02-04,0.0137,0.028,0.0366
2013-02-05,0.0138,0.0281,0.0366
2013-02-06,0.0139,0.0282,0.0366
2013-02-07,0.014,0.028,0.0359
2013-02-08,0.014,0.028,0.0359
2013-02-13,0.0138,0.0275,0.0351
2013-02-14,0.0138,0.0275,0.0352
2013-02-15,0.0139,0.0275,0.0352
2013-02-19,0.0139,0.0276,0.0351
2013-02-20,0.0143,0.0282,0.0355
2013-02-21,0.0141,0.0277,0.0357
2013-02-22,0.0141,0.0275,0.0342
2013-02-25,0.0139,0.0272,0.0352
2013-02-26,0.0139,0.027,0.0347
2013-02-27,0.0137,0.0263,0.0333
2013-02-28,0.0136,0.0262,0.0333
2013-03-01,0.0136,0.0261,0.0332
2013-03-04,0.0136,0.0261,0.033
2013-03-05,0.0129,0.0249,0.0322
2013-03-06,0.0134,0.0257,0.0322
2013-03-07,0.0131,0.0249,0.0315
2013-03-08,0.0131,0.025,0.0315
2013-03-11,0.0126,0.024,0.0308
2013-03-12,0.0125,0.0236,0.0304
2013-03-13,0.0128,0.0242,0.0306
2013-03-14,0.0128,0.024,0.0299
2013-03-15,0.0125,0.0234,0.0297
2013-03-18,0.0125,0.0234,0.03
2013-03-19,0.0124,0.0233,0.0302
2013-03-20,0.0124,0.0233,0.0299
2013-03-21,0.0125,0.0236,0.0303
2013-03-22,0.012,0.023,0.0295
2013-03-25,0.0119,0.0229,0.0298
2013-03-26,0.012,0.0233,0.0302
2013-03-27,0.0121,0.0234,0.0302
2013-03-28,0.0121,0.0234,0.0303
2013-04-01,0.0122,0.0236,0.0305
2013-04-02,0.0123,0.0238,0.0301
2013-04-03,0.0123,0.0237,0.0304
2013-04-04,0.0122,0.0234,0.0301
2013-04-05,0.0123,0.0235,0.0301
2013-04-08,0.0123,0.0235,0.0301
2013-04-09,0.0124,0.0237,0.03
2013-04-10,0.0125,0.0239,0.0307
2013-04-11,0.0126,0.0241,0.0304
2013-04-12,0.0117,0.0212,0.0238
2013-04-15,0.0127,0.0237,0.0262
2013-04-16,0.013,0.0245,0.0271
2013-04-17,0.0131,0.025,0.028
2013-04-18,0.0143,0.0255,0.028
2013-04-19,0.0143,0.0257,0.0281
2013-04-22,0.0143,0.0257,0.0278
2013-04-23,0.0145,0.026,0.0282
2013-04-24,0.0145,0.026,0.0283
2013-04-25,0.0145,0.026,0.0283
2013-04-26,0.0145,0.026,0.0283
2013-04-29,0.0146,0.0262,0.0283
2013-04-30,0.0148,0.0266,0.0284
2013-05-02,0.0148,0.0267,0.0283
2013-05-03,0.0148,0.0266,0.0285
2013-05-06,0.0143,0.0263,0.0285
2013-05-07,0.0144,0.0265,0.0285
2013-05-08,0.0144,0.0263,0.0283
2013-05-09,0.0143,0.0262,0.0287
2013-05-10,0.0143,0.0262,0.0286
2013-05-13,0.0142,0.0259,0.0279
2013-05-14,0.0141,0.0256,0.0278
2013-05-15,0.0141,0.0256,0.0278
2013-05-16,0.0141,0.0256,0.0278
2013-05-17,0.014,0.0255,0.028
2013-05-20,0.014,0.0255,0.0279
2013-05-21,0.0141,0.0256,0.0279
2013-05-22,0.014,0.0255,0.0283
2013-05-23,0.014,0.0255,0.0282
2013-05-24,0.014,0.0255,0.0282
2013-05-28,0.0137,0.025,0.0278
2013-05-29,0.0137,0.0252,0.0275
2013-05-31,0.0165,0.0281,0.0297
2013-06-03,0.0165,0.0281,0.0287
2013-06-04,0.0165,0.028,0.0289
2013-06-05,0.0169,0.0291,0.0308
2013-06-06,0.017,0.0292,0.0309
2013-06-07,0.0172,0.0294,0.0312
2013-06-10,0.0175,0.0301,0.0326
2013-06-11,0.0185,0.0331,0.0378
2013-06-12,0.0182,0.0324,0.038
2013-06-13,0.0194,0.035,0.0417
2013-06-14,0.0199,0.0357,0.0422
2013-06-17,0.02,0.0357,0.0422
2013-06-18,0.0201,0.0359,0.0428
2013-06-19,0.0209,0.0377,0.0449
2013-06-20,0.0208,0.038,0.0499
2013-06-21,0.0208,0.0381,0.0499
2013-06-24,0.0208,0.0381,0.05
2013-06-25,0.0217,0.0401,0.0532
2013-06-26,0.0218,0.0404,0.0539
2013-06-27,0.0221,0.0407,0.0541
2013-06-28,0.0221,0.0407,0.054
2013-07-01,0.0221,0.0407,0.054
2013-07-02,0.0221,0.0408,0.0536
2013-07-03,0.022,0.0407,0.0536
2013-07-05,0.022,0.0406,0.0535
2013-07-08,0.0221,0.0407,0.0538
2013-07-10,0.0221,0.0408,0.0538
2013-07-11,0.0223,0.0413,0.0539
2013-07-12,0.0223,0.0414,0.0538
2013-07-15,0.0223,0.0418,0.0539
2013-07-16,0.0223,0.0418,0.0538
2013-07-17,0.0224,0.0419,0.0539
2013-07-18,0.0224,0.0418,0.0535
2013-07-19,0.0224,0.0418,0.0536
2013-07-22,0.0224,0.0421,0.0536
2013-07-23,0.0218,0.0409,0.0529
2013-07-24,0.0216,0.0404,0.0525
2013-07-25,0.0215,0.0401,0.0522
2013-07-26,0.0208,0.0397,0.0521
2013-07-29,0.0207,0.0395,0.0522
2013-07-30,0.0208,0.0395,0.0522
2013-07-31,0.0206,0.0393,0.0519
2013-08-01,0.0206,0.0393,0.0518
2013-08-05,0.0207,0.0393,0.052
2013-08-06,0.0208,0.0398,0.0524
2013-08-07,0.0207,0.0396,0.0523
2013-08-08,0.0209,0.0399,0.0523
2013-08-09,0.0211,0.0404,0.0524
2013-08-13,0.0212,0.0404,0.0529
2013-08-14,0.0212,0.0404,0.0531
2013-08-15,0.021,0.0401,0.0532
2013-08-16,0.021,0.0401,0.0533
2013-08-19,0.0211,0.0403,0.0543
2013-08-20,0.0212,0.0404,0.0549
2013-08-21,0.0213,0.0406,0.0557
2013-08-22,0.0215,0.0409,0.0555
2013-08-23,0.0219,0.0417,0.056
2013-08-26,0.022,0.0418,0.0559
2013-08-27,0.0222,0.0423,0.0561
2013-08-28,0.0222,0.0422,0.0561
2013-08-29,0.0221,0.0421,0.0561
2013-08-30,0.0221,0.0421,0.0561
2013-09-03,0.0225,0.0432,0.0567
2013-09-04,0.0226,0.0432,0.0569
2013-09-05,0.0226,0.0433,0.0569
2013-09-06,0.0228,0.044,0.0572
2013-09-09,0.021,0.0424,0.0565
2013-09-10,0.021,0.0424,0.0566
2013-09-11,0.021,0.0424,0.0566
2013-09-12,0.0206,0.0417,0.0557
2013-09-13,0.0206,0.0417,0.0557
2013-09-16,0.0204,0.0415,0.0555
2013-09-17,0.0201,0.041,0.0548
2013-09-18,0.0197,0.0401,0.0528
2013-09-19,0.0195,0.0398,0.0525
2013-09-20,0.0186,0.0379,0.0498
2013-09-23,0.0179,0.037,0.0494
2013-09-24,0.0177,0.0369,0.0494
2013-09-25,0.0174,0.0366,0.0488
2013-09-26,0.0161,0.0341,0.0465
2013-09-27,0.016,0.0335,0.0402
2013-09-30,0.0164,0.0337,0.0402
2013-10-01,0.0165,0.0336,0.0398
2013-10-02,0.0157,0.0319,0.0363
2013-10-03,0.0156,0.0318,0.0356
2013-10-04,0.0154,0.0316,0.0357
2013-10-07,0.0154,0.0317,0.0359
2013-10-08,0.0154,0.0317,0.0361
2013-10-09,0.015,0.0308,0.0361
2013-10-10,0.015,0.0308,0.0365
2013-10-11,0.0149,0.0308,0.0365
2013-10-14,0.015,0.031,0.0363
2013-10-15,0.015,0.031,0.0364
2013-10-16,0.015,0.0309,0.0367
2013-10-17,0.015,0.0307,0.0367
2013-10-18,0.0149,0.0302,0.0367
2013-10-21,0.0149,0.0302,0.0367
2013-10-22,0.0149,0.0303,0.0372
2013-10-23,0.0149,0.0303,0.037
2013-10-24,0.015,0.0303,0.0369
2013-10-25,0.0147,0.0298,0.0369
2013-10-28,0.0147,0.0298,0.0366
2013-10-29,0.0146,0.0296,0.0364
2013-10-30,0.0146,0.0296,0.0363
2013-10-31,0.0146,0.0296,0.0364
2013-11-01,0.0145,0.0295,0.0361
2013-11-04,0.0143,0.0292,0.0361
2013-11-05,0.0144,0.0296,0.0365
2013-11-06,0.0145,0.0296,0.0366
2013-11-07,0.015,0.0303,0.0373
2013-11-08,0.0147,0.0295,0.0367
2013-11-11,0.0147,0.0295,0.0369
2013-11-12,0.0143,0.0289,0.0369
2013-11-13,0.0143,0.0286,0.037
2013-11-14,0.015,0.0296,0.0362
2013-11-18,0.015,0.0297,0.0357
2013-11-19,0.0155,0.0305,0.0353
2013-11-21,0.0156,0.0306,0.0349
2013-11-22,0.0154,0.03,0.0325
2013-11-25,0.0154,0.0303,0.0322
2013-11-26,0.0152,0.0299,0.03
2013-11-27,0.0151,0.0296,0.03
2013-11-29,0.0149,0.029,0.0295
2013-12-02,0.0151,0.0297,0.0301
2013-12-03,0.0149,0.0291,0.029
2013-12-04,0.0149,0.0291,0.0291
2013-12-05,0.0148,0.029,0.0293
2013-12-06,0.0148,0.029,0.0296
2013-12-09,0.0144,0.0278,0.029
2013-12-10,0.0144,0.0278,0.0288
2013-12-11,0.0145,0.0282,0.0298
2013-12-12,0.0142,0.0273,0.0296
2013-12-13,0.0141,0.0271,0.0295
2013-12-16,0.0141,0.0272,0.0295
2013-12-17,0.0142,0.0272,0.0296
2013-12-18,0.0143,0.0273,0.0293
2013-12-19,0.0143,0.0274,0.0294
2013-12-20,0.0144,0.0274,0.0295
2013-12-23,0.0143,0.0273,0.0296
2013-12-26,0.0133,0.0247,0.0267
2013-12-27,0.0132,0.0247,0.0272
2013-12-30,0.0132,0.0246,0.0272
2014-01-02,0.0133,0.0249,0.027
2014-01-03,0.0134,0.025,0.027
2014-01-06,0.0134,0.025,0.0271
2014-01-07,0.0133,0.0249,0.0273
2014-01-08,0.0134,0.0249,0.0275
2014-01-09,0.0132,0.025,0.0277
2014-01-10,0.0131,0.0248,0.0278
2014-01-13,0.0133,0.025,0.0281
2014-01-14,0.0133,0.025,0.0281
2014-01-15,0.0133,0.0249,0.0278
2014-01-16,0.0134,0.0251,0.0281
2014-01-17,0.0135,0.0252,0.0279
2014-01-21,0.0136,0.0258,0.0289
2014-01-22,0.0137,0.026,0.0284
2014-01-23,0.0142,0.0269,0.0293
2014-01-24,0.0143,0.027,0.0311
2014-01-27,0.0142,0.027,0.0318
2014-01-28,0.0141,0.0265,0.0312
2014-01-29,0.0141,0.0268,0.0329
2014-01-30,0.0143,0.0268,0.0332
2014-01-31,0.0143,0.0268,0.0332
2014-02-03,0.0149,0.0288,0.0365
2014-02-04,0.0152,0.0293,0.0365
2014-02-05,0.0152,0.0293,0.0364
2014-02-06,0.0156,0.03,0.036
2014-02-07,0.0158,0.0302,0.0366
2014-02-10,0.0158,0.0302,0.0366
2014-02-11,0.016,0.0306,0.037
2014-02-12,0.016,0.0306,0.037
2014-02-13,0.0159,0.0306,0.0376
2014-02-14,0.0161,0.0308,0.0382
2014-02-18,0.016,0.0306,0.0389
2014-02-19,0.016,0.0307,0.0387
2014-02-20,0.0156,0.0305,0.0388
2014-02-21,0.0156,0.0307,0.0396
2014-02-24,0.0156,0.0308,0.0402
2014-02-25,0.0156,0.0308,0.0407
2014-02-26,0.0154,0.0305,0.0408
2014-02-27,0.015,0.0303,0.0414
2014-02-28,0.0149,0.03,0.0416
2014-03-05,0.0144,0.0293,0.042
2014-03-06,0.0144,0.0293,0.042
2014-03-07,0.0145,0.0295,0.042
2014-03-10,0.0146,0.0297,0.0421
2014-03-11,0.0146,0.0297,0.0421
2014-03-12,0.0146,0.0297,0.0421
2014-03-13,0.0142,0.0294,0.0426
2014-03-14,0.0138,0.0287,0.0423
2014-03-17,0.0137,0.0284,0.0424
2014-03-18,0.0138,0.0288,0.0424
2014-03-19,0.0138,0.0287,0.0424
2014-03-20,0.0139,0.0289,0.0422
2014-03-21,0.0138,0.0289,0.0422
2014-03-24,0.0139,0.0291,0.0422
2014-03-25,0.0139,0.0287,0.0419
2014-03-26,0.0138,0.0287,0.0418
2014-03-27,0.0141,0.0296,0.0418
2014-03-28,0.0141,0.0296,0.0417
2014-03-31,0.0142,0.0298,0.0419
2014-04-01,0.014,0.0296,0.0418
2014-04-02,0.0144,0.0302,0.0418
2014-04-03,0.0144,0.0302,0.0417
2014-04-04,0.0145,0.0304,0.0417
2014-04-07,0.0146,0.0305,0.0416
2014-04-08,0.0147,0.0304,0.0414
2014-04-09,0.0146,0.0304,0.0414
2014-04-10,0.0145,0.0302,0.0424
2014-04-11,0.0145,0.0302,0.0426
2014-04-14,0.0145,0.0302,0.0428
2014-04-15,0.0145,0.0303,0.0428
2014-04-16,0.0147,0.0306,0.0428
2014-04-17,0.0145,0.0303,0.0428
2014-04-22,0.0145,0.0303,0.0427
2014-04-23,0.0144,0.0301,0.0424
2014-04-24,0.0144,0.0301,0.0423
2014-04-25,0.0143,0.03,0.0424
2014-04-28,0.0142,0.0297,0.0418
2014-04-29,0.0141,0.0296,0.0418
2014-04-30,0.0139,0.0289,0.041
2014-05-02,0.0141,0.0296,0.0412
2014-05-05,0.0135,0.0284,0.0402
2014-05-06,0.0131,0.0277,0.0383
2014-05-07,0.0131,0.0274,0.0373
2014-05-08,0.0133,0.0277,0.0373
2014-05-09,0.013,0.027,0.035
2014-05-12,0.0128,0.0271,0.035
2014-05-13,0.0128,0.0271,0.0349
2014-05-14,0.0115,0.0236,0.0292
2014-05-15,0.0114,0.0236,0.0296
2014-05-16,0.0114,0.0236,0.0295
2014-05-19,0.0112,0.0233,0.0295
2014-05-20,0.0112,0.0237,0.0297
2014-05-21,0.0112,0.0236,0.0296
2014-05-22,0.0113,0.0235,0.0295
2014-05-23,0.0112,0.0234,0.0294
2014-05-27,0.0112,0.0234,0.0292
2014-05-28,0.0113,0.0234,0.0288
2014-05-29,0.0113,0.0233,0.0284
2014-05-30,0.0113,0.0234,0.0285
2014-06-02,0.0113,0.0232,0.0281
2014-06-03,0.0113,0.0231,0.0275
2014-06-04,0.0113,0.023,0.0267
2014-06-05,0.0111,0.023,0.0264
2014-06-06,0.012,0.0245,0.0268
2014-06-09,0.0118,0.0238,0.0255
2014-06-10,0.0117,0.0237,0.0253
2014-06-11,0.0117,0.0237,0.0246
2014-06-13,0.0117,0.0237,0.0245
2014-06-16,0.0116,0.0233,0.0245
2014-06-17,0.0112,0.0225,0.0238
2014-06-18,0.0113,0.0228,0.024
2014-06-20,0.0114,0.0231,0.0241
2014-06-23,0.0114,0.0228,0.0227
2014-06-24,0.0112,0.0223,0.0224
2014-06-25,0.0113,0.0225,0.0223
2014-06-26,0.0113,0.0222,0.0224
2014-06-27,0.0114,0.0225,0.0219
2014-06-30,0.0114,0.0224,0.0219
2014-07-01,0.0114,0.0224,0.0221
2014-07-02,0.0113,0.0223,0.022
2014-07-03,0.0115,0.0226,0.0218
2014-07-07,0.0115,0.0226,0.0221
2014-07-08,0.0113,0.0217,0.0221
2014-07-10,0.0113,0.0218,0.0222
2014-07-11,0.0112,0.0215,0.022
2014-07-14,0.0114,0.022,0.0222
2014-07-15,0.0108,0.021,0.0222
2014-07-16,0.0108,0.021,0.0222
2014-07-17,0.0106,0.0207,0.0222
2014-07-18,0.0111,0.0217,0.0227
2014-07-21,0.0108,0.0217,0.0227
2014-07-22,0.0108,0.0218,0.0231
2014-07-23,0.011,0.0218,0.0208
2014-07-24,0.011,0.0218,0.0202
2014-07-25,0.011,0.0218,0.0201
2014-07-28,0.011,0.0217,0.0202
2014-07-29,0.0109,0.0217,0.0202
2014-07-30,0.0109,0.0214,0.0202
2014-07-31,0.0112,0.0226,0.0222
2014-08-01,0.0114,0.0228,0.0225
2014-08-04,0.0114,0.0228,0.0225
2014-08-05,0.0119,0.0236,0.0244
2014-08-06,0.012,0.0237,0.0243
2014-08-07,0.0121,0.0239,0.0247
2014-08-08,0.0121,0.0239,0.0251
2014-08-11,0.012,0.0234,0.0248
2014-08-12,0.012,0.0234,0.0248
2014-08-13,0.0123,0.0238,0.0248
2014-08-14,0.0123,0.0238,0.0248
2014-08-15,0.0125,0.0244,0.0253
2014-08-18,0.0126,0.0247,0.0254
2014-08-19,0.0126,0.0246,0.0255
2014-08-20,0.0126,0.0246,0.0255
2014-08-21,0.0125,0.0245,0.0255
2014-08-22,0.0125,0.0242,0.0251
2014-08-25,0.0128,0.0248,0.0252
2014-08-26,0.0127,0.0247,0.0251
2014-08-27,0.0126,0.0246,0.025
2014-08-28,0.0127,0.0247,0.0246
2014-08-29,0.0128,0.025,0.025
2014-09-02,0.0131,0.0255,0.0253
2014-09-03,0.0131,0.0255,0.0255
2014-09-04,0.0132,0.026,0.0255
2014-09-05,0.0132,0.026,0.0251
2014-09-08,0.0139,0.0272,0.0256
2014-09-09,0.0142,0.0278,0.0261
2014-09-10,0.0142,0.0279,0.0259
2014-09-11,0.0143,0.0279,0.026
2014-09-12,0.0152,0.0296,0.0269
2014-09-15,0.0146,0.0287,0.0264
2014-09-16,0.0148,0.0291,0.0268
2014-09-17,0.0148,0.0291,0.0269
2014-09-18,0.0149,0.0292,0.0268
2014-09-19,0.0149,0.0294,0.027
2014-09-22,0.0151,0.0302,0.0281
2014-09-23,0.0151,0.0302,0.0282
2014-09-24,0.0152,0.0301,0.0283
2014-09-25,0.0152,0.0304,0.0296
2014-09-26,0.0155,0.0311,0.0301
2014-09-29,0.0174,0.0351,0.0323
2014-09-30,0.0173,0.035,0.0322
2014-10-01,0.0176,0.0358,0.033
2014-10-02,0.0175,0.0358,0.033
2014-10-03,0.0178,0.0363,0.0334
2014-10-06,0.0182,0.0378,0.0334
2014-10-07,0.0182,0.0378,0.0334
2014-10-08,0.018,0.0376,0.0338
2014-10-09,0.0181,0.0376,0.0347
2014-10-10,0.0188,0.0389,0.0351
2014-10-13,0.0194,0.04,0.0352
2014-10-14,0.0194,0.04,0.0352
2014-10-15,0.0199,0.041,0.0355
2014-10-16,0.0202,0.0419,0.0358
2014-10-17,0.0205,0.0427,0.0369
2014-10-20,0.0207,0.0432,0.0368
2014-10-21,0.0208,0.043,0.0362
2014-10-22,0.0208,0.0429,0.0363
2014-10-23,0.0208,0.0431,0.0358
2014-10-24,0.021,0.0437,0.0363
2014-10-27,0.021,0.0441,0.0369
2014-10-28,0.0215,0.0453,0.0379
2014-10-29,0.0217,0.0458,0.038
2014-10-30,0.0217,0.0459,0.038
2014-10-31,0.0229,0.0476,0.0385
2014-11-03,0.0227,0.0472,0.0377
2014-11-04,0.0227,0.0472,0.0379
2014-11-05,0.0226,0.0471,0.0379
2014-11-06,0.0225,0.047,0.0369
2014-11-07,0.0225,0.047,0.037
2014-11-10,0.0224,0.047,0.0368
2014-11-11,0.0224,0.0471,0.037
2014-11-12,0.0223,0.0467,0.037
2014-11-13,0.0224,0.0471,0.0374
2014-11-14,0.0222,0.047,0.0373
2014-11-17,0.0223,0.047,0.0372
2014-11-18,0.0221,0.0466,0.0369
2014-11-19,0.0221,0.0467,0.0367
2014-11-21,0.023,0.0489,0.0383
2014-11-25,0.0231,0.049,0.039
2014-11-26,0.0231,0.049,0.0392
2014-11-28,0.0231,0.049,0.0392
2014-12-01,0.0236,0.0501,0.0399
2014-12-02,0.0237,0.0502,0.0399
2014-12-03,0.0235,0.0498,0.0397
2014-12-04,0.0235,0.0498,0.0396
2014-12-05,0.0234,0.0495,0.0392
2014-12-08,0.0234,0.0498,0.0394
2014-12-09,0.0235,0.0498,0.0395
2014-12-10,0.0235,0.0499,0.04
2014-12-11,0.0235,0.0499,0.04
2014-12-12,0.0237,0.0504,0.0409
2014-12-15,0.0237,0.0506,0.0409
2014-12-16,0.0238,0.0508,0.0429
2014-12-17,0.0241,0.0519,0.0445
2014-12-18,0.0237,0.0513,0.0463
2014-12-19,0.0237,0.0515,0.0464
2014-12-22,0.0236,0.0512,0.0461
2014-12-23,0.0238,0.0514,0.0461
2014-12-26,0.0237,0.0514,0.0463
2014-12-29,0.0238,0.0514,0.0463
2014-12-30,0.0236,0.051,0.0458
2015-01-02,0.0236,0.0511,0.0458
2015-01-05,0.0235,0.051,0.0455
2015-01-06,0.0235,0.0508,0.0449
2015-01-07,0.0236,0.051,0.0449
2015-01-08,0.0224,0.0487,0.0442
2015-01-09,0.0225,0.0488,0.0441
2015-01-12,0.0224,0.0485,0.0437
2015-01-13,0.0224,0.0485,0.0437
2015-01-14,0.0222,0.048,0.0434
2015-01-15,0.0219,0.0469,0.0433
2015-01-16,0.0222,0.0476,0.0443
2015-01-20,0.0222,0.0477,0.0439
2015-01-21,0.0225,0.0482,0.0432
2015-01-22,0.0219,0.0473,0.0434
2015-01-23,0.0213,0.0461,0.0433
2015-01-26,0.0213,0.0461,0.0433
2015-01-27,0.0208,0.0451,0.0433
2015-01-28,0.0206,0.0447,0.0437
2015-01-29,0.0204,0.044,0.043
2015-01-30,0.0202,0.0438,0.0436
2015-02-02,0.0198,0.0434,0.0436
2015-02-03,0.0202,0.0442,0.0441
2015-02-04,0.0201,0.0437,0.0444
2015-02-05,0.0199,0.0431,0.044
2015-02-06,0.0199,0.0427,0.0436
2015-02-09,0.0194,0.0415,0.0431
2015-02-10,0.0192,0.0411,0.043
2015-02-11,0.0193,0.0411,0.043
2015-02-12,0.0183,0.0402,0.0436
2015-02-13,0.0185,0.0404,0.0435
2015-02-18,0.0186,0.0405,0.0433
2015-02-19,0.0186,0.0405,0.0433
2015-02-20,0.0184,0.0401,0.0431
2015-02-23,0.0184,0.0401,0.0432
2015-02-24,0.0184,0.0403,0.0434
2015-02-25,0.0184,0.0401,0.043
2015-02-26,0.0184,0.0401,0.0429
2015-02-27,0.0183,0.0397,0.0426
2015-03-02,0.0183,0.0398,0.0427
2015-03-03,0.0182,0.0397,0.0429
2015-03-04,0.0182,0.0398,0.0433
2015-03-05,0.0181,0.0395,0.0433
2015-03-06,0.017,0.0369,0.0427
2015-03-09,0.017,0.0373,0.0423
2015-03-10,0.0172,0.0376,0.043
2015-03-11,0.0174,0.0378,0.0429
2015-03-12,0.0162,0.0357,0.0423
2015-03-13,0.0162,0.0356,0.0425
2015-03-16,0.0162,0.0356,0.0425
2015-03-17,0.0165,0.0366,0.0426
2015-03-18,0.0167,0.0372,0.0433
2015-03-19,0.0161,0.0364,0.0432
2015-03-20,0.0161,0.0366,0.0434
2015-03-23,0.0159,0.0362,0.0427
2015-03-24,0.016,0.0363,0.0428
2015-03-25,0.015,0.0345,0.0418
2015-03-26,0.0149,0.0344,0.0415
2015-03-27,0.0147,0.0338,0.0391
2015-03-30,0.0145,0.033,0.0379
2015-03-31,0.0145,0.0329,0.0356
2015-04-01,0.0146,0.0331,0.0356
2015-04-02,0.0146,0.0331,0.0357
2015-04-06,0.0144,0.033,0.036
2015-04-07,0.0144,0.033,0.0358
2015-04-08,0.0144,0.033,0.0361
2015-04-09,0.0143,0.0329,0.0361
2015-04-10,0.0143,0.0328,0.0363
2015-04-13,0.0141,0.0324,0.0362
2015-04-14,0.0142,0.0324,0.0361
2015-04-15,0.014,0.032,0.0361
2015-04-16,0.014,0.032,0.0354
2015-04-17,0.0139,0.0322,0.036
2015-04-20,0.0141,0.0318,0.0358
2015-04-22,0.0141,0.032,0.0359
2015-04-23,0.0141,0.032,0.036
2015-04-24,0.014,0.032,0.0359
2015-04-27,0.0138,0.0313,0.0347
2015-04-28,0.0137,0.031,0.0347
2015-04-29,0.0135,0.0305,0.0347
2015-04-30,0.0135,0.0305,0.0343
2015-05-04,0.0138,0.0309,0.0346
2015-05-05,0.0137,0.0308,0.0347
2015-05-06,0.0138,0.0309,0.0339
2015-05-07,0.0135,0.0302,0.0332
2015-05-08,0.0135,0.0304,0.034
2015-05-11,0.0135,0.0299,0.0332
2015-05-12,0.0135,0.03,0.0332
2015-05-13,0.013,0.0289,0.0323
2015-05-14,0.0132,0.0292,0.0326
2015-05-15,0.0134,0.0294,0.0328
2015-05-18,0.0137,0.0298,0.0326
2015-05-19,0.0138,0.0299,0.0321
2015-05-20,0.0136,0.0296,0.0321
2015-05-21,0.0135,0.0294,0.032
2015-05-22,0.0131,0.0282,0.0307
2015-05-26,0.0129,0.0281,0.0314
2015-05-27,0.0129,0.0281,0.0316
2015-05-28,0.0128,0.0281,0.0315
2015-05-29,0.0133,0.0287,0.0316
2015-06-01,0.0133,0.0287,0.0315
2015-06-02,0.0132,0.0285,0.0312
2015-06-03,0.0133,0.0286,0.031
2015-06-05,0.0134,0.0288,0.0311
2015-06-08,0.0133,0.0287,0.0311
2015-06-09,0.0133,0.0286,0.031
2015-06-10,0.0134,0.0287,0.0307
2015-06-11,0.0134,0.0284,0.0301
2015-06-12,0.0134,0.0284,0.03
2015-06-15,0.0135,0.0283,0.0289
2015-06-16,0.0133,0.0277,0.0287
2015-06-17,0.0131,0.027,0.0271
2015-06-18,0.013,0.0273,0.0279
2015-06-19,0.013,0.0275,0.0283
2015-06-22,0.013,0.0276,0.0283
2015-06-23,0.0131,0.0276,0.0283
2015-06-24,0.0126,0.0265,0.0284
2015-06-25,0.0126,0.0259,0.0279
2015-06-26,0.0126,0.0256,0.0269
2015-06-29,0.013,0.0263,0.0281
2015-06-30,0.013,0.0263,0.0282
2015-07-01,0.0129,0.0261,0.0282
2015-07-02,0.013,0.0263,0.0277
2015-07-06,0.0126,0.0256,0.0277
2015-07-07,0.0127,0.0257,0.0279
2015-07-08,0.0125,0.0252,0.0282
2015-07-10,0.013,0.0259,0.0288
2015-07-13,0.0127,0.0252,0.0291
2015-07-14,0.0127,0.0251,0.029
2015-07-15,0.0126,0.0249,0.0287
2015-07-16,0.0127,0.0249,0.0288
2015-07-17,0.0127,0.0249,0.0285
2015-07-20,0.0127,0.0249,0.0285
2015-07-21,0.0125,0.0246,0.0283
2015-07-22,0.0126,0.0248,0.0281
2015-07-23,0.0138,0.0276,0.031
2015-07-24,0.014,0.0276,0.0317
2015-07-27,0.0141,0.0277,0.0317
2015-07-28,0.0141,0.0276,0.0311
2015-07-29,0.0138,0.0277,0.0312
2015-07-30,0.0144,0.0277,0.0313
2015-07-31,0.0148,0.0281,0.0312
2015-08-03,0.015,0.0285,0.0314
2015-08-04,0.015,0.0284,0.0317
2015-08-05,0.015,0.0284,0.0318
2015-08-06,0.0158,0.03,0.035
2015-08-07,0.0166,0.0313,0.035
2015-08-10,0.0165,0.0315,0.0358
2015-08-11,0.0165,0.0315,0.0358
2015-08-12,0.0164,0.0313,0.0359
2015-08-13,0.0164,0.0313,0.0359
2015-08-14,0.0163,0.031,0.0349
2015-08-17,0.0163,0.031,0.0349
2015-08-18,0.0163,0.0309,0.0349
2015-08-19,0.0164,0.0312,0.0351
2015-08-20,0.0162,0.0308,0.0351
2015-08-21,0.0167,0.0318,0.0377
2015-08-24,0.0178,0.0345,0.0423
2015-08-25,0.0178,0.0344,0.0427
2015-08-26,0.019,0.0375,0.0465
2015-08-27,0.0193,0.039,0.0484
2015-08-28,0.0194,0.0391,0.0484
2015-08-31,0.0197,0.0397,0.0488
2015-09-01,0.0201,0.0411,0.0517
2015-09-02,0.0201,0.0412,0.0517
2015-09-03,0.0202,0.0414,0.0518
2015-09-04,0.0205,0.0422,0.053
2015-09-08,0.0208,0.0428,0.0547
2015-09-09,0.0208,0.0427,0.055
2015-09-10,0.0209,0.043,0.0555
2015-09-11,0.021,0.0431,0.0555
2015-09-14,0.0214,0.0436,0.0555
2015-09-15,0.0213,0.0435,0.056
2015-09-16,0.0215,0.044,0.0561
2015-09-17,0.0215,0.044,0.0561
2015-09-18,0.0225,0.0458,0.0582
2015-09-21,0.0226,0.0458,0.0579
2015-09-22,0.0226,0.0461,0.0586
2015-09-23,0.0229,0.0469,0.0591
2015-09-24,0.0239,0.0478,0.0595
2015-09-25,0.0239,0.0476,0.0595
2015-09-28,0.0254,0.0499,0.0632
2015-09-29,0.0256,0.0505,0.0639
2015-09-30,0.0263,0.0522,0.0666
2015-10-01,0.0263,0.052,0.0666
2015-10-02,0.0275,0.0541,0.0677
2015-10-05,0.0276,0.0542,0.068
2015-10-06,0.0276,0.0542,0.0678
2015-10-07,0.0275,0.0542,0.0677
2015-10-08,0.0276,0.0543,0.0682
2015-10-09,0.0276,0.0543,0.0681
2015-10-13,0.028,0.0553,0.0682
2015-10-14,0.0277,0.0548,0.0677
2015-10-15,0.0279,0.0551,0.068
2015-10-16,0.0279,0.0551,0.068
2015-10-19,0.0279,0.0551,0.0679
2015-10-20,0.0278,0.055,0.0678
2015-10-21,0.0278,0.055,0.0678
2015-10-22,0.0284,0.0557,0.0686
2015-10-23,0.0284,0.0557,0.0686
2015-10-26,0.0284,0.0557,0.0687
2015-10-27,0.0279,0.0546,0.0678
2015-10-28,0.0277,0.0543,0.0676
2015-10-29,0.0278,0.0545,0.0676
2015-10-30,0.0277,0.0543,0.0675
2015-11-03,0.0281,0.0557,0.0685
2015-11-04,0.0279,0.0555,0.0684
2015-11-05,0.0276,0.0551,0.0683
2015-11-06,0.0275,0.055,0.0683
2015-11-09,0.0275,0.0552,0.0684
2015-11-10,0.0276,0.0552,0.0685
2015-11-11,0.0273,0.0547,0.0671
2015-11-12,0.0268,0.054,0.0672
2015-11-13,0.0267,0.0536,0.0667
2015-11-16,0.0267,0.0539,0.0677
2015-11-17,0.0267,0.0539,0.0676
2015-11-18,0.0267,0.0541,0.068
2015-11-19,0.0269,0.0544,0.0682
2015-11-23,0.0269,0.0545,0.0683
2015-11-24,0.027,0.0545,0.0683
2015-11-25,0.0273,0.055,0.0684
2015-11-27,0.0279,0.0559,0.0687
2015-11-30,0.0274,0.0551,0.0672
2015-12-01,0.0265,0.0531,0.0642
2015-12-02,0.0265,0.0531,0.0639
2015-12-03,0.0257,0.0512,0.0625
2015-12-04,0.0255,0.0501,0.0617
2015-12-07,0.0255,0.05,0.0617
2015-12-08,0.0252,0.0496,0.0611
2015-12-09,0.0249,0.0485,0.0583
2015-12-10,0.0251,0.0487,0.0584
2015-12-11,0.0249,0.0486,0.0593
2015-12-14,0.0246,0.0478,0.0581
2015-12-15,0.0244,0.0473,0.0569
2015-12-16,0.0244,0.0481,0.0621
2015-12-17,0.0243,0.0479,0.0619
2015-12-18,0.0244,0.0484,0.0623
2015-12-21,0.0241,0.0481,0.0623
2015-12-22,0.0241,0.0481,0.0622
2015-12-23,0.024,0.048,0.0625
2015-12-28,0.024,0.048,0.0626
2015-12-29,0.023,0.0461,0.0604
2015-12-30,0.0228,0.0459,0.0606
2016-01-04,0.0228,0.0461,0.0611
2016-01-05,0.0225,0.0448,0.0596
2016-01-06,0.0216,0.044,0.0593
2016-01-07,0.0216,0.0451,0.0613
2016-01-08,0.0196,0.0422,0.0571
2016-01-11,0.0196,0.042,0.0567
2016-01-12,0.0188,0.0401,0.0544
2016-01-13,0.0189,0.0405,0.0555
2016-01-14,0.0168,0.0373,0.054
2016-01-15,0.0169,0.0378,0.0547
2016-01-19,0.0169,0.0378,0.0546
2016-01-20,0.0169,0.0378,0.0556
2016-01-21,0.0177,0.0381,0.0554
2016-01-22,0.0178,0.0383,0.0558
2016-01-26,0.0171,0.0369,0.0555
2016-01-27,0.017,0.0368,0.056
2016-01-28,0.0168,0.0366,0.0555
2016-01-29,0.0175,0.0397,0.0592
2016-02-01,0.0176,0.04,0.0597
2016-02-02,0.019,0.0426,0.0605
2016-02-03,0.0192,0.0433,0.0612
2016-02-04,0.0184,0.0425,0.0605
2016-02-05,0.0185,0.0426,0.0609
2016-02-10,0.0185,0.0426,0.0608
2016-02-11,0.0187,0.0432,0.0612
2016-02-12,0.019,0.0437,0.0616
2016-02-16,0.0203,0.0452,0.0625
2016-02-17,0.0204,0.0456,0.0631
2016-02-18,0.0199,0.0438,0.062
2016-02-19,0.0199,0.0439,0.0622
2016-02-22,0.0201,0.0451,0.0629
2016-02-23,0.0201,0.0452,0.0633
2016-02-24,0.0201,0.045,0.0637
2016-02-25,0.0201,0.045,0.0638
2016-02-26,0.0199,0.0447,0.0638
2016-02-29,0.0201,0.0452,0.0636
2016-03-01,0.0207,0.0464,0.0647
2016-03-02,0.0207,0.0464,0.0641
2016-03-03,0.021,0.0478,0.0646
2016-03-04,0.0213,0.0493,0.0655
2016-03-07,0.0212,0.0489,0.0652
2016-03-08,0.0212,0.0489,0.0652
2016-03-09,0.021,0.0489,0.0659
2016-03-10,0.0206,0.0484,0.0658
2016-03-11,0.0199,0.0474,0.0661
2016-03-14,0.02,0.0474,0.0661
2016-03-15,0.0206,0.0487,0.0666
2016-03-16,0.0207,0.0488,0.0666
2016-03-17,0.0224,0.0525,0.0673
2016-03-18,0.0224,0.0525,0.0671
2016-03-21,0.0224,0.0525,0.0671
2016-03-22,0.0223,0.0524,0.0675
2016-03-23,0.0228,0.0529,0.0677
2016-03-24,0.0229,0.0528,0.0677
2016-03-28,0.0232,0.0534,0.0675
2016-03-29,0.0231,0.0534,0.0681
2016-03-30,0.0233,0.0535,0.068
2016-03-31,0.024,0.0535,0.0624
2016-04-01,0.0241,0.0536,0.0623
2016-04-04,0.0249,0.0546,0.0625
2016-04-05,0.0249,0.0544,0.0627
2016-04-06,0.0251,0.0547,0.0626
2016-04-07,0.025,0.0545,0.063
2016-04-08,0.0256,0.0559,0.0637
2016-04-11,0.0256,0.0559,0.0636
2016-04-12,0.0259,0.0565,0.0635
2016-04-13,0.0263,0.0568,0.0629
2016-04-14,0.0262,0.0568,0.0629
2016-04-15,0.0263,0.0569,0.063
2016-04-18,0.026,0.0556,0.0606
2016-04-19,0.0259,0.0554,0.0599
2016-04-20,0.0258,0.055,0.0596
2016-04-22,0.0259,0.0553,0.0597
2016-04-25,0.0258,0.0547,0.0579
2016-04-26,0.0258,0.0549,0.0577
2016-04-27,0.0258,0.0544,0.056
2016-04-28,0.0259,0.0545,0.0562
2016-04-29,0.0259,0.054,0.0543
2016-05-02,0.0255,0.0539,0.0543
2016-05-03,0.0259,0.0548,0.0549
2016-05-04,0.0258,0.0548,0.0557
2016-05-05,0.0258,0.0549,0.0546
2016-05-06,0.0258,0.0548,0.0545
2016-05-09,0.0256,0.0537,0.0522
2016-05-10,0.0263,0.0552,0.0533
2016-05-11,0.0251,0.0524,0.0515
2016-05-12,0.0251,0.0523,0.0513
2016-05-13,0.0253,0.0529,0.0511
2016-05-16,0.0253,0.0527,0.0501
2016-05-17,0.0255,0.0533,0.0502
2016-05-18,0.0253,0.0526,0.0495
2016-05-19,0.0252,0.0526,0.0496
2016-05-20,0.0242,0.0516,0.0492
2016-05-23,0.0245,0.0521,0.0498
2016-05-24,0.0245,0.052,0.0495
2016-05-25,0.0245,0.052,0.0495
2016-05-27,0.0244,0.0516,0.0492
2016-05-31,0.0243,0.0511,0.0481
2016-06-01,0.0243,0.0511,0.0479
2016-06-02,0.0245,0.0513,0.0479
2016-06-03,0.0246,0.0514,0.0478
2016-06-06,0.0244,0.0512,0.0479
2016-06-07,0.024,0.0504,0.0474
2016-06-08,0.0242,0.0507,0.0475
2016-06-09,0.024,0.0499,0.0474
2016-06-10,0.0242,0.0497,0.0468
2016-06-13,0.0241,0.0497,0.047
2016-06-14,0.0242,0.0501,0.0473
2016-06-15,0.0242,0.0501,0.0468
2016-06-16,0.0241,0.0499,0.0468
2016-06-17,0.024,0.0497,0.0459
2016-06-20,0.0239,0.0497,0.0459
2016-06-21,0.0234,0.0483,0.0449
2016-06-22,0.0235,0.0485,0.045
2016-06-23,0.022,0.0451,0.043
2016-06-24,0.0224,0.0464,0.0457
2016-06-27,0.0224,0.0465,0.046
2016-06-28,0.0224,0.0465,0.0461
2016-06-29,0.0218,0.0457,0.046
2016-06-30,0.0216,0.0456,0.0459
2016-07-01,0.0214,0.0448,0.0451
2016-07-05,0.0214,0.0447,0.0445
2016-07-06,0.0213,0.0447,0.0445
2016-07-07,0.0205,0.0436,0.0443
2016-07-08,0.0207,0.0444,0.0455
2016-07-11,0.0197,0.0425,0.0446
2016-07-12,0.0197,0.0425,0.0441
2016-07-13,0.0195,0.0422,0.0441
2016-07-14,0.0196,0.0423,0.0431
2016-07-15,0.0188,0.0406,0.0422
2016-07-18,0.0189,0.0408,0.0424
2016-07-19,0.0185,0.0397,0.042
2016-07-20,0.0178,0.0382,0.0408
2016-07-21,0.0178,0.0382,0.0408
2016-07-22,0.0176,0.0379,0.0407
2016-07-25,0.0176,0.0379,0.0404
2016-07-26,0.0176,0.0379,0.0404
2016-07-27,0.0176,0.0379,0.0404
2016-07-28,0.0175,0.0377,0.0403
2016-07-29,0.0174,0.0377,0.0403
2016-08-01,0.0173,0.0374,0.0402
2016-08-02,0.017,0.0367,0.0401
2016-08-03,0.017,0.0366,0.0397
2016-08-04,0.0171,0.0368,0.0398
2016-08-05,0.0171,0.0368,0.0398
2016-08-08,0.0167,0.0359,0.0391
2016-08-09,0.0167,0.0359,0.0381
2016-08-10,0.0167,0.036,0.0382
2016-08-11,0.0169,0.0362,0.0382
2016-08-12,0.0167,0.0357,0.0378
2016-08-15,0.0154,0.033,0.0356
2016-08-16,0.0155,0.0331,0.0359
2016-08-17,0.0153,0.0328,0.036
2016-08-18,0.0151,0.0322,0.0359
2016-08-19,0.0151,0.0322,0.0356
2016-08-22,0.0151,0.0321,0.0353
2016-08-23,0.0149,0.0317,0.0349
2016-08-24,0.015,0.0317,0.0348
2016-08-25,0.015,0.0317,0.0345
2016-08-26,0.0146,0.0309,0.0336
2016-08-29,0.0147,0.0312,0.0333
2016-08-30,0.0148,0.0313,0.0335
2016-08-31,0.0146,0.031,0.0335
2016-09-01,0.0147,0.0311,0.0332
2016-09-02,0.015,0.0317,0.0337
2016-09-06,0.0148,0.0313,0.0336
2016-09-08,0.0146,0.031,0.0336
2016-09-09,0.0165,0.0346,0.0364
2016-09-12,0.0166,0.0347,0.0365
2016-09-13,0.0174,0.0363,0.0378
2016-09-14,0.0174,0.0362,0.0378
2016-09-15,0.0169,0.0349,0.0376
2016-09-16,0.017,0.0351,0.0372
2016-09-19,0.0168,0.0344,0.0369
2016-09-20,0.0168,0.0344,0.0369
2016-09-21,0.017,0.0348,0.0374
2016-09-22,0.0171,0.0352,0.0379
2016-09-23,0.0171,0.0351,0.0378
2016-09-26,0.0172,0.0353,0.038
2016-09-27,0.0172,0.0352,0.0384
2016-09-28,0.017,0.0347,0.0382
2016-09-29,0.0166,0.0335,0.0346
2016-09-30,0.0166,0.0333,0.0344
2016-10-03,0.017,0.0335,0.0335
2016-10-04,0.0171,0.0338,0.0342
2016-10-05,0.0173,0.0342,0.0341
2016-10-06,0.0171,0.034,0.0339
2016-10-07,0.017,0.0337,0.0336
2016-10-10,0.017,0.0337,0.0337
2016-10-11,0.0171,0.0342,0.0346
2016-10-13,0.0167,0.0329,0.0325
2016-10-14,0.0166,0.0328,0.0326
2016-10-17,0.0167,0.0329,0.0326
2016-10-18,0.0168,0.0332,0.0329
2016-10-19,0.0166,0.0329,0.0328
2016-10-20,0.0166,0.0329,0.0327
2016-10-21,0.0165,0.0326,0.0324
2016-10-24,0.0165,0.0327,0.0325
2016-10-25,0.0167,0.0328,0.0322
2016-10-26,0.0167,0.0328,0.0322
2016-10-27,0.0167,0.0328,0.0321
2016-10-28,0.0167,0.0328,0.0321
2016-10-31,0.0167,0.0328,0.0321
2016-11-01,0.0173,0.034,0.0324
2016-11-03,0.0177,0.035,0.0335
2016-11-04,0.0176,0.0349,0.0335
2016-11-07,0.0184,0.0365,0.0344
2016-11-08,0.0183,0.0362,0.0342
2016-11-09,0.0187,0.0368,0.0343
2016-11-10,0.021,0.0402,0.0357
2016-11-11,0.0216,0.0413,0.0357
2016-11-14,0.0221,0.0419,0.0371
2016-11-16,0.0226,0.043,0.0379
2016-11-17,0.0227,0.0431,0.0379
2016-11-18,0.0225,0.0428,0.0379
2016-11-21,0.0231,0.0437,0.0382
2016-11-22,0.0232,0.0438,0.0383
2016-11-23,0.0232,0.0437,0.0382
2016-11-25,0.0233,0.0439,0.038
2016-11-28,0.0234,0.0442,0.038
2016-11-29,0.0235,0.0444,0.038
2016-11-30,0.0235,0.0443,0.0379
2016-12-01,0.0254,0.0474,0.0392
2016-12-02,0.0254,0.0474,0.0392
2016-12-05,0.0256,0.0475,0.0395
2016-12-06,0.0255,0.0476,0.0395
2016-12-07,0.0255,0.0475,0.0397
2016-12-08,0.0255,0.0474,0.0398
2016-12-09,0.0255,0.0474,0.0401
2016-12-12,0.0255,0.0476,0.0401
2016-12-13,0.0252,0.047,0.0395
2016-12-14,0.0252,0.0471,0.0397
2016-12-15,0.0252,0.0471,0.0397
2016-12-16,0.0241,0.0447,0.0367
2016-12-19,0.0241,0.0447,0.0364
2016-12-20,0.0233,0.0429,0.0343
2016-12-21,0.0234,0.0431,0.0346
2016-12-22,0.0232,0.0428,0.0344
2016-12-23,0.0232,0.0427,0.0344
2016-12-27,0.0233,0.0429,0.0346
2016-12-28,0.0234,0.043,0.035
2016-12-29,0.0233,0.0426,0.0344
2017-01-03,0.024,0.0434,0.0345
2017-01-04,0.024,0.0435,0.0345
2017-01-05,0.0239,0.0433,0.0343
2017-01-06,0.0239,0.0431,0.0337
2017-01-09,0.0238,0.0429,0.0337
2017-01-10,0.0236,0.0427,0.0338
2017-01-11,0.0236,0.0426,0.0334
2017-01-12,0.0245,0.0439,0.0343
2017-01-13,0.0244,0.0437,0.0336
2017-01-17,0.0243,0.0434,0.0333
2017-01-18,0.0243,0.0434,0.0333
2017-01-19,0.0243,0.0434,0.0333
2017-01-20,0.0243,0.0434,0.0333
2017-01-23,0.0242,0.0432,0.0325
2017-01-24,0.0242,0.0432,0.0324
2017-01-26,0.0242,0.0432,0.0324
2017-01-27,0.0242,0.0431,0.0324
2017-01-30,0.0245,0.0435,0.0323
2017-01-31,0.0245,0.0435,0.0322
2017-02-01,0.0245,0.0435,0.0322
2017-02-02,0.0245,0.0435,0.0322
2017-02-03,0.0245,0.0436,0.0326
2017-02-06,0.0245,0.0437,0.0325
2017-02-07,0.0245,0.0436,0.0324
2017-02-08,0.0246,0.0438,0.0324
2017-02-09,0.0246,0.0438,0.0325
2017-02-10,0.0247,0.0439,0.0325
2017-02-13,0.0243,0.0432,0.0324
2017-02-14,0.024,0.0423,0.0312
2017-02-15,0.0241,0.0425,0.0312
2017-02-16,0.0236,0.0413,0.0308
2017-02-17,0.0236,0.0413,0.0309
2017-02-21,0.0235,0.0413,0.0314
2017-02-22,0.0212,0.0375,0.0292
2017-02-23,0.0204,0.0359,0.0286
2017-02-24,0.0198,0.0351,0.0261
2017-03-01,0.0194,0.0342,0.026
2017-03-02,0.0195,0.0346,0.027
2017-03-03,0.0197,0.035,0.0269
2017-03-06,0.0192,0.0342,0.027
2017-03-07,0.0192,0.0342,0.027
2017-03-08,0.0194,0.0349,0.0275
2017-03-09,0.0193,0.0346,0.0274
2017-03-10,0.0192,0.0345,0.0278
2017-03-13,0.0191,0.0341,0.0279
2017-03-14,0.0193,0.0346,0.0286
2017-03-15,0.0167,0.0303,0.0264
2017-03-16,0.0168,0.0305,0.0263
2017-03-17,0.0169,0.031,0.0263
2017-03-20,0.0168,0.0309,0.0266
2017-03-21,0.0172,0.0318,0.0272
2017-03-22,0.0172,0.0318,0.0271
2017-03-23,0.0172,0.0319,0.0272
2017-03-24,0.017,0.0315,0.0271
2017-03-27,0.017,0.0314,0.0274
2017-03-28,0.0169,0.031,0.0269
2017-03-29,0.0169,0.0311,0.027
2017-03-30,0.0171,0.0311,0.0271
2017-03-31,0.0169,0.0308,0.0271
2017-04-03,0.0169,0.0308,0.0279
2017-04-04,0.0169,0.0307,0.0275
2017-04-05,0.0171,0.0311,0.0278
2017-04-06,0.0173,0.0316,0.0278
2017-04-07,0.0172,0.0314,0.0276
2017-04-10,0.0171,0.0314,0.027
2017-04-11,0.0172,0.0314,0.0271
2017-04-12,0.0161,0.0302,0.0266
2017-04-13,0.0164,0.0307,0.027
2017-04-17,0.0166,0.0311,0.0271
2017-04-18,0.0166,0.0311,0.0271
2017-04-19,0.0167,0.0314,0.0271
2017-04-20,0.0167,0.0312,0.0268
2017-04-24,0.0167,0.0314,0.027
2017-04-25,0.0149,0.0289,0.0261
2017-04-26,0.0149,0.0289,0.026
2017-04-27,0.0148,0.0287,0.026
2017-04-28,0.0149,0.029,0.0261
2017-05-02,0.0151,0.0295,0.0263
2017-05-03,0.0151,0.0295,0.0261
2017-05-04,0.0154,0.0299,0.0264
2017-05-05,0.0155,0.0302,0.0268
2017-05-08,0.0155,0.0303,0.0268
2017-05-09,0.0156,0.0304,0.0268
2017-05-10,0.0152,0.0297,0.0266
2017-05-11,0.0152,0.0297,0.0266
2017-05-12,0.0153,0.0298,0.0266
2017-05-15,0.0153,0.03,0.0268
2017-05-16,0.0153,0.0298,0.0262
2017-05-17,0.0156,0.0305,0.0278
2017-05-18,0.04,0.0696,0.0596
2017-05-19,0.0408,0.0709,0.0617
2017-05-22,0.041,0.0714,0.062
2017-05-23,0.0414,0.0721,0.0628
2017-05-24,0.0415,0.0725,0.0634
2017-05-25,0.0415,0.0725,0.0633
2017-05-26,0.0415,0.0726,0.0635
2017-05-30,0.0415,0.0726,0.0634
2017-05-31,0.0415,0.0726,0.0634
2017-06-01,0.0413,0.0722,0.063
2017-06-02,0.0413,0.0722,0.063
2017-06-05,0.0413,0.0722,0.0631
2017-06-06,0.0414,0.0723,0.063
2017-06-07,0.0413,0.0721,0.0626
2017-06-08,0.0412,0.0719,0.0625
2017-06-09,0.041,0.0716,0.0624
2017-06-12,0.0411,0.0717,0.0624
2017-06-13,0.041,0.0716,0.0624
2017-06-14,0.041,0.0715,0.0623
2017-06-16,0.041,0.0715,0.0624
2017-06-19,0.041,0.0714,0.0623
2017-06-20,0.0411,0.0717,0.0625
2017-06-21,0.041,0.0715,0.0624
2017-06-22,0.0408,0.0711,0.0621
2017-06-23,0.0408,0.0711,0.0621
2017-06-26,0.0408,0.071,0.0621
2017-06-27,0.0408,0.0711,0.0623
2017-06-28,0.0407,0.0708,0.0621
2017-06-29,0.0407,0.0708,0.0622
2017-06-30,0.0408,0.071,0.0623
2017-07-03,0.0408,0.071,0.0623
2017-07-05,0.0408,0.071,0.0624
2017-07-06,0.0408,0.0711,0.0626
2017-07-07,0.0407,0.071,0.0626
2017-07-10,0.0408,0.0711,0.0625
2017-07-11,0.0408,0.0712,0.0625
2017-07-12,0.041,0.0716,0.0629
2017-07-13,0.041,0.0715,0.0629
2017-07-14,0.041,0.0715,0.063
2017-07-17,0.0409,0.0714,0.063
2017-07-18,0.0409,0.0713,0.063
2017-07-19,0.0409,0.0713,0.0631
2017-07-20,0.0409,0.0713,0.0631
2017-07-21,0.0409,0.0712,0.063
2017-07-24,0.0407,0.071,0.0629
2017-07-25,0.0406,0.0707,0.0629
2017-07-26,0.0407,0.0708,0.0629
2017-07-27,0.0409,0.0709,0.063
2017-07-28,0.0409,0.0709,0.063
2017-07-31,0.0409,0.0708,0.0629
2017-08-01,0.0409,0.0709,0.0629
2017-08-02,0.0409,0.0709,0.0629
2017-08-03,0.0409,0.0709,0.0629
2017-08-04,0.0409,0.0708,0.0628
2017-08-07,0.0408,0.0706,0.0627
2017-08-08,0.0408,0.0706,0.0628
2017-08-09,0.0407,0.0704,0.0628
2017-08-10,0.0408,0.0704,0.0631
2017-08-11,0.0408,0.0705,0.0631
2017-08-14,0.0407,0.0705,0.0631
2017-08-15,0.0407,0.0703,0.0631
2017-08-16,0.0406,0.0703,0.0632
2017-08-17,0.0407,0.0706,0.0641
2017-08-18,0.0408,0.0706,0.0639
2017-08-21,0.0407,0.0705,0.0638
2017-08-22,0.0407,0.0704,0.0634
2017-08-23,0.0168,0.0314,0.035
2017-08-24,0.0148,0.0287,0.0314
2017-08-25,0.0139,0.027,0.0306
2017-08-28,0.0128,0.0251,0.0292
2017-08-29,0.0125,0.0239,0.0275
2017-08-30,0.0125,0.0239,0.0276
2017-08-31,0.0122,0.0231,0.027
2017-09-01,0.0122,0.0233,0.0273
2017-09-05,0.0122,0.0233,0.0274
2017-09-06,0.0122,0.0239,0.028
2017-09-08,0.0122,0.024,0.0287
2017-09-11,0.0121,0.0239,0.0285
2017-09-12,0.0121,0.0238,0.0288
2017-09-13,0.0121,0.0238,0.0288
2017-09-14,0.0119,0.0236,0.0286
2017-09-15,0.012,0.0238,0.0285
2017-09-18,0.0119,0.0236,0.0287
2017-09-19,0.0118,0.0235,0.0286
2017-09-20,0.0118,0.0235,0.0288
2017-09-21,0.0118,0.0235,0.0287
2017-09-22,0.0118,0.0234,0.0284
2017-09-25,0.0112,0.0227,0.0281
2017-09-26,0.0113,0.0227,0.0281
2017-09-27,0.0114,0.0229,0.0281
2017-09-28,0.0114,0.0228,0.028
2017-09-29,0.0114,0.0228,0.0282
2017-10-02,0.0112,0.0223,0.0276
2017-10-03,0.0115,0.0229,0.0275
2017-10-04,0.0114,0.0229,0.0271
2017-10-05,0.0114,0.0227,0.0269
2017-10-06,0.0114,0.0227,0.0269
2017-10-09,0.0115,0.0228,0.0264
2017-10-10,0.0115,0.0226,0.0259
2017-10-11,0.0115,0.0225,0.026
2017-10-13,0.0115,0.0225,0.0261
2017-10-16,0.0115,0.0226,0.0261
2017-10-17,0.0112,0.0217,0.0249
2017-10-18,0.0112,0.0216,0.0247
2017-10-19,0.0111,0.0215,0.0244
2017-10-20,0.0112,0.0217,0.0261
2017-10-23,0.0115,0.0223,0.0262
2017-10-24,0.0115,0.0223,0.026
2017-10-25,0.0115,0.0223,0.0259
2017-10-26,0.0123,0.0233,0.0262
2017-10-27,0.0123,0.0234,0.0264
2017-10-30,0.0128,0.024,0.0264
2017-10-31,0.0127,0.0239,0.0264
2017-11-01,0.0121,0.0236,0.0261
2017-11-03,0.0122,0.0239,0.0267
2017-11-06,0.0122,0.0241,0.0268
2017-11-07,0.0128,0.0252,0.027
2017-11-08,0.0134,0.0259,0.0269
2017-11-09,0.0138,0.0266,0.027
2017-11-10,0.0142,0.0272,0.0275
2017-11-13,0.0142,0.0271,0.0276
2017-11-14,0.0147,0.0281,0.0276
2017-11-16,0.0152,0.0288,0.0275
2017-11-17,0.0151,0.0285,0.0263
2017-11-21,0.0155,0.0291,0.0267
2017-11-22,0.0155,0.029,0.0267
2017-11-24,0.0155,0.029,0.0266
2017-11-27,0.0155,0.029,0.0269
2017-11-28,0.0151,0.028,0.0245
2017-11-29,0.0157,0.0291,0.0251
2017-11-30,0.0158,0.0292,0.0252
2017-12-01,0.0155,0.0287,0.0252
2017-12-04,0.0156,0.0288,0.0252
2017-12-05,0.0155,0.0287,0.0252
2017-12-06,0.0155,0.0287,0.0252
2017-12-07,0.0158,0.0291,0.0254
2017-12-08,0.0157,0.0292,0.0256
2017-12-11,0.0158,0.0292,0.0257
2017-12-12,0.0157,0.0292,0.0256
2017-12-13,0.0157,0.029,0.0254
2017-12-14,0.0157,0.0291,0.0256
2017-12-15,0.0153,0.0282,0.0251
2017-12-18,0.0154,0.0282,0.0242
2017-12-19,0.0153,0.0279,0.0236
2017-12-20,0.0155,0.0281,0.0233
2017-12-21,0.0158,0.0287,0.0232
2017-12-22,0.0158,0.0286,0.0232
2017-12-26,0.0158,0.0286,0.0234
2017-12-27,0.0158,0.0286,0.0232
2017-12-28,0.0159,0.0288,0.0235
2018-01-02,0.0167,0.0302,0.0243
2018-01-03,0.0167,0.0303,0.0248
2018-01-04,0.0168,0.0304,0.0247
2018-01-05,0.0167,0.0299,0.0243
2018-01-08,0.0167,0.0299,0.0242
2018-01-09,0.0167,0.0299,0.0242
2018-01-10,0.0167,0.0299,0.0242
2018-01-11,0.0167,0.03,0.0242
2018-01-12,0.0167,0.0301,0.0245
2018-01-16,0.0165,0.0294,0.0244
2018-01-17,0.0166,0.0297,0.0247
2018-01-18,0.0166,0.0297,0.0247
2018-01-19,0.0166,0.0297,0.0248
2018-01-22,0.0166,0.0296,0.0247
2018-01-23,0.0165,0.0296,0.0247
2018-01-24,0.0177,0.0316,0.0249
2018-01-26,0.0185,0.0331,0.0267
2018-01-29,0.0186,0.0333,0.0272
2018-01-30,0.0186,0.0334,0.0276
2018-01-31,0.0186,0.0334,0.0276
2018-02-01,0.0186,0.0334,0.0278
2018-02-02,0.019,0.0344,0.0291
2018-02-05,0.0199,0.0365,0.0348
2018-02-06,0.02,0.0371,0.0356
2018-02-07,0.0201,0.0373,0.0356
2018-02-08,0.0203,0.0378,0.0387
2018-02-09,0.0204,0.0378,0.0387
2018-02-14,0.0212,0.0396,0.0409
2018-02-15,0.0213,0.0397,0.0412
2018-02-16,0.0212,0.0396,0.0413
2018-02-20,0.0212,0.0395,0.0409
2018-02-21,0.0211,0.0394,0.0409
2018-02-22,0.0207,0.0386,0.0408
2018-02-23,0.0204,0.0382,0.0416
2018-02-26,0.0201,0.0378,0.042
2018-02-27,0.0199,0.0376,0.0422
2018-02-28,0.02,0.0378,0.0422
2018-03-01,0.0196,0.0371,0.0428
2018-03-02,0.0193,0.0366,0.0427
2018-03-05,0.0192,0.0364,0.0429
2018-03-06,0.0189,0.036,0.0426
2018-03-07,0.0189,0.036,0.0426
2018-03-08,0.0189,0.036,0.0426
2018-03-09,0.019,0.0363,0.043
2018-03-12,0.019,0.0363,0.0428
2018-03-13,0.0183,0.0352,0.0424
2018-03-14,0.0183,0.0352,0.0425
2018-03-15,0.0184,0.0354,0.0424
2018-03-16,0.0184,0.0354,0.0425
2018-03-19,0.0185,0.0357,0.0429
2018-03-20,0.0186,0.0357,0.0429
2018-03-21,0.0183,0.0353,0.0428
2018-03-22,0.0184,0.0353,0.0431
2018-03-23,0.0185,0.0355,0.0439
2018-03-26,0.0186,0.036,0.0458
2018-03-27,0.0189,0.0366,0.0464
2018-03-28,0.0188,0.0363,0.0462
2018-03-29,0.019,0.0367,0.0464
2018-04-02,0.0193,0.0373,0.0478
2018-04-03,0.0193,0.0372,0.0479
2018-04-04,0.0193,0.0372,0.048
2018-04-05,0.0192,0.037,0.048
2018-04-06,0.0193,0.0373,0.0487
2018-04-09,0.0194,0.0375,0.0486
2018-04-10,0.0194,0.0376,0.0486
2018-04-11,0.0194,0.0376,0.0485
2018-04-12,0.0188,0.0366,0.0481
2018-04-13,0.0189,0.0368,0.0478
2018-04-16,0.019,0.0369,0.0479
2018-04-17,0.0191,0.0372,0.0481
2018-04-18,0.0193,0.0375,0.0481
2018-04-19,0.0193,0.0374,0.0482
2018-04-20,0.0193,0.0375,0.0485
2018-04-23,0.0192,0.0372,0.0484
2018-04-24,0.0192,0.0373,0.0487
2018-04-25,0.0192,0.0374,0.0488
2018-04-26,0.0192,0.0375,0.0489
2018-04-27,0.0192,0.0375,0.049
2018-04-30,0.0193,0.0375,0.049
2018-05-02,0.0195,0.038,0.0493
2018-05-03,0.0196,0.0381,0.0493
2018-05-04,0.0185,0.0363,0.0494
2018-05-07,0.0177,0.035,0.0483
2018-05-08,0.0176,0.0349,0.0482
2018-05-09,0.0176,0.0349,0.0481
2018-05-10,0.0179,0.0357,0.0485
2018-05-11,0.018,0.0358,0.0485
2018-05-14,0.0177,0.0349,0.0472
2018-05-15,0.0167,0.0327,0.0436
2018-05-16,0.0165,0.0319,0.0429
2018-05-17,0.0182,0.0343,0.0435
2018-05-18,0.0182,0.0342,0.042
2018-05-21,0.0181,0.0342,0.0417
2018-05-22,0.017,0.0315,0.0398
2018-05-23,0.0175,0.0317,0.0394
2018-05-24,0.0176,0.032,0.0397
2018-05-25,0.0177,0.0323,0.0399
2018-05-29,0.0187,0.0348,0.041
2018-05-30,0.019,0.0353,0.0419
2018-06-01,0.0192,0.0352,0.0408
2018-06-04,0.0194,0.0354,0.0402
2018-06-05,0.0202,0.0369,0.0404
2018-06-06,0.0203,0.0369,0.0404
2018-06-07,0.0228,0.0404,0.0428
2018-06-08,0.0227,0.0402,0.0427
2018-06-11,0.0227,0.04,0.0423
2018-06-12,0.0227,0.04,0.0422
2018-06-13,0.0228,0.0403,0.0427
2018-06-14,0.0234,0.041,0.0432
2018-06-15,0.0234,0.0404,0.0421
2018-06-18,0.0233,0.0403,0.0421
2018-06-19,0.0239,0.0414,0.0422
2018-06-20,0.024,0.0415,0.0423
2018-06-21,0.0241,0.0419,0.0423
2018-06-22,0.0241,0.042,0.0423
2018-06-25,0.0241,0.042,0.0422
2018-06-26,0.0242,0.0424,0.0427
2018-06-27,0.0242,0.0423,0.0428
2018-06-28,0.0245,0.0431,0.0432
2018-06-29,0.0247,0.0436,0.0432
2018-07-02,0.0245,0.043,0.041
2018-07-03,0.0244,0.0428,0.0407
2018-07-05,0.0245,0.0431,0.0409
2018-07-06,0.0243,0.0427,0.0412
2018-07-10,0.0243,0.0426,0.0406
2018-07-11,0.0243,0.0427,0.0403
2018-07-12,0.0244,0.0428,0.0401
2018-07-13,0.0243,0.0427,0.0401
2018-07-16,0.0243,0.0426,0.0396
2018-07-17,0.0245,0.043,0.0401
2018-07-18,0.0244,0.0427,0.0397
2018-07-19,0.0244,0.0427,0.0397
2018-07-20,0.0246,0.0431,0.0397
2018-07-23,0.0245,0.043,0.0397
2018-07-24,0.0246,0.0432,0.0397
2018-07-25,0.0246,0.0433,0.0398
2018-07-26,0.0245,0.043,0.0399
2018-07-27,0.0245,0.043,0.0399
2018-07-30,0.0245,0.043,0.0397
2018-07-31,0.0245,0.043,0.0399
2018-08-01,0.0245,0.043,0.0395
2018-08-02,0.0245,0.043,0.0395
2018-08-03,0.0247,0.0432,0.0393
2018-08-06,0.0246,0.0431,0.0392
2018-08-07,0.0247,0.0433,0.0392
2018-08-08,0.0246,0.043,0.0389
2018-08-09,0.0246,0.043,0.039
2018-08-10,0.0255,0.0448,0.0401
2018-08-13,0.0255,0.0448,0.0401
2018-08-14,0.026,0.0458,0.0413
2018-08-15,0.0261,0.0459,0.0415
2018-08-16,0.0258,0.0452,0.0412
2018-08-17,0.0258,0.0452,0.0412
2018-08-20,0.0257,0.0451,0.0412
2018-08-21,0.0261,0.0457,0.0412
2018-08-22,0.0265,0.0462,0.0412
2018-08-23,0.0255,0.045,0.0411
2018-08-24,0.0253,0.0446,0.0403
2018-08-27,0.0256,0.0452,0.0407
2018-08-28,0.0254,0.0451,0.0403
2018-08-29,0.0251,0.045,0.0403
2018-08-30,0.0256,0.0458,0.0403
2018-08-31,0.0254,0.0455,0.0403
2018-09-04,0.025,0.0443,0.0396
2018-09-05,0.0248,0.044,0.0388
2018-09-06,0.0248,0.0441,0.0387
2018-09-10,0.0246,0.0439,0.0387
2018-09-11,0.0239,0.0427,0.0381
2018-09-12,0.0239,0.0427,0.0382
2018-09-13,0.0212,0.0391,0.0345
2018-09-14,0.0213,0.0392,0.0345
2018-09-17,0.0216,0.0395,0.0345
2018-09-18,0.0217,0.0399,0.0347
2018-09-19,0.0215,0.0395,0.0339
2018-09-20,0.0207,0.0383,0.0328
2018-09-21,0.0207,0.0386,0.0329
2018-09-24,0.0208,0.0388,0.0327
2018-09-25,0.0204,0.0381,0.0328
2018-09-26,0.0204,0.0381,0.0329
2018-09-27,0.0201,0.0374,0.0326
2018-09-28,0.0202,0.0375,0.0326
2018-10-01,0.0202,0.0376,0.0324
2018-10-02,0.0208,0.0386,0.0322
2018-10-03,0.021,0.0389,0.0322
2018-10-04,0.0206,0.0383,0.032
2018-10-05,0.0206,0.0381,0.0316
2018-10-08,0.0229,0.042,0.0328
2018-10-09,0.023,0.0422,0.0333
2018-10-10,0.0236,0.0437,0.0365
2018-10-11,0.0236,0.0438,0.0368
2018-10-15,0.0237,0.0441,0.0378
2018-10-16,0.0241,0.0451,0.0391
2018-10-17,0.0241,0.0451,0.039
2018-10-18,0.0245,0.046,0.0399
2018-10-19,0.0245,0.046,0.0398
2018-10-22,0.0246,0.046,0.0395
2018-10-23,0.0245,0.0459,0.0396
2018-10-24,0.0251,0.0473,0.0421
2018-10-25,0.025,0.0472,0.0429
2018-10-26,0.0252,0.0475,0.043
2018-10-29,0.0255,0.0478,0.043
2018-10-30,0.026,0.049,0.0438
2018-10-31,0.0259,0.0489,0.044
2018-11-01,0.026,0.0491,0.0444
2018-11-05,0.026,0.0491,0.0443
2018-11-06,0.0261,0.0492,0.0442
2018-11-07,0.0262,0.0492,0.0449
2018-11-08,0.0266,0.0498,0.045
2018-11-09,0.0264,0.0494,0.0449
2018-11-12,0.0264,0.0495,0.0455
2018-11-13,0.0264,0.0494,0.0455
2018-11-14,0.0264,0.0494,0.0455
2018-11-16,0.0269,0.0505,0.0464
2018-11-19,0.0259,0.0486,0.0453
2018-11-21,0.0259,0.0487,0.0454
2018-11-23,0.0256,0.0481,0.0445
2018-11-26,0.0257,0.0479,0.0444
2018-11-27,0.0258,0.0482,0.0441
2018-11-28,0.0259,0.0484,0.0454
2018-11-29,0.0259,0.0484,0.0453
2018-11-30,0.0253,0.0476,0.0451
2018-12-03,0.025,0.0472,0.0452
2018-12-04,0.0251,0.0477,0.0482
2018-12-06,0.0251,0.0476,0.0481
2018-12-07,0.025,0.0475,0.0486
2018-12-10,0.0254,0.0481,0.0486
2018-12-11,0.0253,0.048,0.0486
2018-12-12,0.0246,0.0467,0.0481
2018-12-13,0.0247,0.0469,0.0481
2018-12-14,0.024,0.0457,0.0478
2018-12-17,0.0242,0.0461,0.0485
2018-12-18,0.0241,0.0459,0.0485
2018-12-19,0.0241,0.0461,0.0488
2018-12-20,0.0239,0.0457,0.049
2018-12-21,0.0239,0.0456,0.0491
2018-12-26,0.0238,0.0455,0.0497
2018-12-27,0.0238,0.0455,0.0502
2018-12-28,0.0239,0.0457,0.0502
2019-01-02,0.0249,0.0472,0.0511
2019-01-03,0.0249,0.0472,0.0517
2019-01-04,0.0249,0.0473,0.0534
2019-01-07,0.0248,0.0471,0.0534
2019-01-08,0.0247,0.0468,0.0534
2019-01-09,0.0248,0.047,0.0533
2019-01-10,0.0248,0.047,0.0533
2019-01-11,0.0248,0.0469,0.0533
2019-01-14,0.0247,0.0467,0.0533
2019-01-15,0.0247,0.0467,0.0534
2019-01-16,0.0243,0.0458,0.0533
2019-01-17,0.024,0.0454,0.0532
2019-01-18,0.024,0.0455,0.0535
2019-01-22,0.024,0.0455,0.0537
2019-01-23,0.0219,0.0422,0.0528
2019-01-24,0.0218,0.0421,0.0525
2019-01-28,0.0214,0.0409,0.0502
2019-01-29,0.0214,0.0405,0.0494
2019-01-30,0.0213,0.0404,0.0487
2019-01-31,0.0209,0.0395,0.0485
2019-02-01,0.0209,0.0395,0.0484
2019-02-04,0.0204,0.0383,0.0475
2019-02-05,0.0204,0.0384,0.0475
2019-02-06,0.0211,0.0396,0.0477
2019-02-07,0.0212,0.0398,0.0481
2019-02-08,0.0205,0.0381,0.0457
2019-02-11,0.0205,0.038,0.0449
2019-02-12,0.0205,0.0381,0.045
2019-02-13,0.02,0.0375,0.045
2019-02-14,0.0195,0.036,0.044
2019-02-15,0.0195,0.036,0.0441
2019-02-19,0.0195,0.0358,0.0437
2019-02-20,0.0196,0.036,0.0437
2019-02-21,0.0194,0.0358,0.0439
2019-02-22,0.0193,0.0359,0.0433
2019-02-25,0.0189,0.0352,0.0433
2019-02-26,0.0189,0.0352,0.0432
2019-02-27,0.0188,0.035,0.0424
2019-02-28,0.0189,0.0351,0.0423
2019-03-01,0.0188,0.035,0.0424
2019-03-06,0.018,0.0334,0.0417
2019-03-07,0.0179,0.0331,0.0411
2019-03-08,0.0179,0.0331,0.0407
2019-03-11,0.0185,0.0342,0.0413
2019-03-12,0.0181,0.0339,0.0412
2019-03-13,0.018,0.0337,0.0414
2019-03-14,0.0179,0.0333,0.0401
2019-03-15,0.0179,0.0333,0.0403
2019-03-18,0.018,0.0334,0.0402
2019-03-19,0.018,0.0334,0.0401
2019-03-20,0.0176,0.032,0.0356
2019-03-21,0.0178,0.0323,0.0357
2019-03-22,0.0195,0.0356,0.0382
2019-03-25,0.0189,0.0348,0.0382
2019-03-26,0.0189,0.0349,0.0382
2019-03-27,0.0203,0.0373,0.039
2019-03-28,0.0207,0.038,0.0392
2019-03-29,0.0208,0.0381,0.0388
2019-04-02,0.0206,0.0377,0.038
2019-04-03,0.0207,0.0378,0.038
2019-04-04,0.0208,0.0379,0.0376
2019-04-05,0.0208,0.0378,0.0371
2019-04-08,0.0208,0.0378,0.0369
2019-04-09,0.021,0.0382,0.0365
2019-04-10,0.021,0.0381,0.036
2019-04-11,0.0207,0.0377,0.0361
2019-04-12,0.0196,0.0359,0.0348
2019-04-15,0.0195,0.0359,0.0338
2019-04-16,0.0195,0.0357,0.0311
2019-04-17,0.0196,0.0358,0.0312
2019-04-18,0.0197,0.0361,0.0311
2019-04-22,0.0195,0.0358,0.0311
2019-04-23,0.0197,0.0361,0.0313
2019-04-24,0.0198,0.0363,0.0315
2019-04-25,0.0198,0.0364,0.0315
2019-04-26,0.0198,0.0364,0.0315
2019-04-29,0.0198,0.0364,0.0316
2019-04-30,0.0197,0.0362,0.0315
2019-05-02,0.0198,0.0362,0.0314
2019-05-03,0.0199,0.0363,0.0313
2019-05-06,0.0197,0.0362,0.0317
2019-05-07,0.0198,0.0364,0.0326
2019-05-08,0.0196,0.036,0.0325
2019-05-09,0.0195,0.0359,0.0324
2019-05-10,0.0195,0.0357,0.032
2019-05-13,0.0198,0.0365,0.0334
2019-05-14,0.0198,0.0366,0.0337
2019-05-15,0.0198,0.0365,0.0337
2019-05-16,0.02,0.0368,0.0338
2019-05-17,0.0192,0.0354,0.0341
2019-05-20,0.0194,0.0356,0.0337
2019-05-21,0.0199,0.0368,0.0342
2019-05-22,0.0198,0.0367,0.0342
2019-05-23,0.0195,0.0361,0.0341
2019-05-24,0.0195,0.0361,0.0341
2019-05-28,0.0201,0.0368,0.0341
2019-05-29,0.0201,0.0368,0.0336
2019-05-30,0.0202,0.037,0.0338
2019-05-31,0.02,0.0367,0.0339
2019-06-03,0.02,0.0368,0.0337
2019-06-04,0.02,0.0368,0.035
2019-06-05,0.0201,0.037,0.0348
2019-06-06,0.0202,0.0373,0.0351
2019-06-07,0.0204,0.0376,0.0356
2019-06-10,0.0202,0.0373,0.0356
2019-06-11,0.0203,0.0375,0.0354
2019-06-12,0.0204,0.0375,0.0352
2019-06-13,0.0204,0.0376,0.0352
2019-06-14,0.0203,0.0375,0.0352
2019-06-17,0.0197,0.0364,0.0344
2019-06-18,0.0199,0.0368,0.0348
2019-06-19,0.0198,0.0367,0.0347
2019-06-21,0.0206,0.0378,0.0358
2019-06-24,0.0206,0.0377,0.0356
2019-06-25,0.0211,0.0384,0.0361
2019-06-26,0.0211,0.0384,0.036
2019-06-27,0.021,0.0383,0.0361
2019-06-28,0.021,0.0383,0.0367
2019-07-01,0.0193,0.035,0.033
2019-07-02,0.0194,0.0351,0.033
2019-07-03,0.0196,0.0353,0.0333
2019-07-05,0.0185,0.033,0.0323
2019-07-08,0.0179,0.0319,0.0321
2019-07-10,0.0182,0.032,0.032
2019-07-11,0.0181,0.032,0.0316
2019-07-12,0.0181,0.032,0.0316
2019-07-15,0.0181,0.0319,0.0316
2019-07-16,0.0181,0.0319,0.0317
2019-07-17,0.0181,0.0319,0.0317
2019-07-18,0.0179,0.0316,0.0315
2019-07-19,0.0181,0.032,0.0318
2019-07-22,0.0179,0.0317,0.0318
2019-07-23,0.0175,0.0311,0.032
2019-07-24,0.0175,0.0311,0.032
2019-07-25,0.0179,0.0317,0.0324
2019-07-26,0.0177,0.0314,0.0325
2019-07-29,0.0176,0.0312,0.0324
2019-07-30,0.0176,0.0312,0.0324
2019-07-31,0.0176,0.0313,0.0325
2019-08-01,0.0176,0.0309,0.0328
2019-08-02,0.0175,0.0308,0.0328
2019-08-05,0.0186,0.0336,0.0378
2019-08-06,0.0191,0.0344,0.0384
2019-08-07,0.0191,0.0344,0.0383
2019-08-08,0.0191,0.0344,0.0384
2019-08-09,0.0191,0.0344,0.0386
2019-08-12,0.0195,0.0352,0.0393
2019-08-13,0.0195,0.0352,0.0391
2019-08-14,0.0203,0.0372,0.0422
2019-08-15,0.0204,0.0373,0.0421
2019-08-16,0.0204,0.0375,0.0429
2019-08-19,0.0199,0.036,0.0408
2019-08-20,0.0199,0.0361,0.0411
2019-08-21,0.0201,0.0366,0.0413
2019-08-22,0.0199,0.0364,0.0413
2019-08-23,0.0204,0.0375,0.0425
2019-08-26,0.0206,0.0376,0.0425
2019-08-27,0.0201,0.0366,0.0421
2019-08-28,0.0201,0.0366,0.0422
2019-08-29,0.0203,0.0372,0.0424
2019-08-30,0.0205,0.0374,0.0427
2019-09-03,0.0197,0.0366,0.0427
2019-09-04,0.0199,0.0369,0.0431
2019-09-05,0.0198,0.0369,0.0431
2019-09-06,0.0198,0.0369,0.043
2019-09-09,0.0198,0.0369,0.043
2019-09-10,0.0198,0.0367,0.042
2019-09-11,0.0197,0.0364,0.042
2019-09-12,0.0195,0.0362,0.0418
2019-09-13,0.0196,0.0362,0.0413
2019-09-16,0.0196,0.0362,0.0413
2019-09-17,0.0196,0.0361,0.0414
2019-09-18,0.0195,0.036,0.0414
2019-09-19,0.0196,0.0359,0.0413
2019-09-20,0.0196,0.036,0.0413
2019-09-23,0.0196,0.0359,0.0414
2019-09-24,0.0195,0.0357,0.0412
2019-09-25,0.0195,0.0357,0.0413
2019-09-26,0.0186,0.0344,0.0402
2019-09-27,0.0187,0.0344,0.0402
2019-09-30,0.018,0.0336,0.0399
2019-10-01,0.0181,0.0337,0.0405
2019-10-02,0.0187,0.035,0.0412
2019-10-03,0.0186,0.0348,0.0406
2019-10-04,0.0186,0.035,0.041
2019-10-07,0.019,0.0355,0.0411
2019-10-08,0.0188,0.0351,0.041
2019-10-09,0.0184,0.035,0.0415
2019-10-10,0.0184,0.0351,0.0417
2019-10-11,0.0185,0.0359,0.0425
2019-10-14,0.0186,0.0359,0.0425
2019-10-15,0.0185,0.0358,0.0427
2019-10-16,0.0188,0.0361,0.0428
2019-10-17,0.0188,0.0361,0.0428
2019-10-18,0.0188,0.0361,0.0428
2019-10-21,0.0188,0.0363,0.0431
2019-10-22,0.0187,0.036,0.043
2019-10-23,0.0187,0.036,0.0431
2019-10-24,0.0188,0.0361,0.0429
2019-10-25,0.0188,0.0361,0.043
2019-10-28,0.0186,0.0358,0.0428
2019-10-29,0.0186,0.0358,0.0426
2019-10-30,0.0187,0.0359,0.0427
2019-10-31,0.0189,0.036,0.0427
2019-11-01,0.0188,0.0359,0.0428
2019-11-04,0.0188,0.0359,0.0424
2019-11-05,0.0188,0.036,0.0425
2019-11-06,0.0177,0.0335,0.0379
2019-11-07,0.0172,0.0327,0.0374
2019-11-08,0.0175,0.0331,0.0374
2019-11-11,0.0173,0.0327,0.0369
2019-11-12,0.0177,0.0333,0.0364
2019-11-13,0.0172,0.0324,0.0354
2019-11-14,0.0172,0.0321,0.0348
2019-11-18,0.0163,0.0298,0.031
2019-11-19,0.0162,0.0296,0.031
2019-11-21,0.0161,0.0293,0.0302
2019-11-22,0.0161,0.0295,0.0304
2019-11-25,0.0161,0.0294,0.0296
2019-11-26,0.0161,0.029,0.0293
2019-11-27,0.0159,0.0288,0.0293
2019-11-29,0.0153,0.0273,0.0265
2019-12-02,0.0148,0.0267,0.0271
2019-12-03,0.0149,0.0267,0.0268
2019-12-04,0.0151,0.0271,0.0271
2019-12-05,0.0148,0.0262,0.0265
2019-12-06,0.0147,0.0262,0.0269
2019-12-09,0.0146,0.0259,0.0267
2019-12-10,0.0144,0.0255,0.0261
2019-12-11,0.0144,0.0254,0.026
2019-12-12,0.0146,0.0257,0.0264
2019-12-13,0.0146,0.0257,0.0264
2019-12-16,0.0146,0.0257,0.0263
2019-12-17,0.0147,0.0258,0.0265
2019-12-18,0.0148,0.026,0.0266
2019-12-19,0.0145,0.0256,0.0264
2019-12-20,0.0146,0.0258,0.0271
2019-12-23,0.0146,0.0259,0.0277
2019-12-26,0.015,0.0268,0.0296
2019-12-27,0.0148,0.0268,0.03
2019-12-30,0.0148,0.0267,0.03
2020-01-02,0.0153,0.028,0.0309
2020-01-03,0.0152,0.0277,0.0303
2020-01-06,0.0153,0.0279,0.0303
2020-01-07,0.0153,0.028,0.0305
2020-01-08,0.0154,0.0283,0.032
2020-01-09,0.0154,0.0283,0.032
2020-01-10,0.0153,0.028,0.031
2020-01-13,0.0145,0.0262,0.0294
2020-01-14,0.0144,0.0262,0.0294
2020-01-15,0.0144,0.0261,0.0289
2020-01-16,0.0138,0.0251,0.0287
2020-01-17,0.0139,0.025,0.0279
2020-01-21,0.0141,0.0253,0.0284
2020-01-22,0.0142,0.0254,0.0284
2020-01-23,0.0137,0.0242,0.0276
2020-01-24,0.0139,0.0246,0.0281
2020-01-27,0.0154,0.0277,0.0307
2020-01-28,0.0154,0.028,0.0309
2020-01-29,0.0155,0.0282,0.0312
2020-01-30,0.0156,0.0283,0.0313
2020-01-31,0.0158,0.0288,0.0322
2020-02-03,0.0158,0.0288,0.032
2020-02-04,0.0159,0.029,0.0324
2020-02-05,0.0158,0.0289,0.0324
2020-02-06,0.016,0.0292,0.0324
2020-02-07,0.0163,0.0298,0.0331
2020-02-10,0.0165,0.03,0.0331
2020-02-11,0.0171,0.031,0.0332
2020-02-12,0.0171,0.0312,0.0335
2020-02-13,0.0171,0.0311,0.0333
2020-02-14,0.0171,0.0311,0.0335
2020-02-18,0.0171,0.0311,0.0342
2020-02-19,0.0173,0.0312,0.0342
2020-02-20,0.0175,0.0317,0.0343
2020-02-21,0.0174,0.0316,0.0347
2020-02-26,0.0234,0.0445,0.0522
2020-02-27,0.0237,0.0453,0.0548
2020-02-28,0.0236,0.0453,0.0551
2020-03-02,0.0249,0.0481,0.0609
2020-03-03,0.0249,0.0482,0.0613
2020-03-04,0.0254,0.0492,0.0636
2020-03-05,0.0277,0.0533,0.0665
2020-03-06,0.0289,0.0553,0.0676
2020-03-09,0.0397,0.0767,0.0891
2020-03-10,0.0418,0.0813,0.094
2020-03-11,0.0461,0.0898,0.1032
2020-03-12,0.0622,0.1207,0.1436
2020-03-13,0.0696,0.1352,0.1574
2020-03-16,0.073,0.1447,0.1732
2020-03-17,0.0734,0.1458,0.1743
2020-03-18,0.082,0.1656,0.2152
2020-03-19,0.082,0.1657,0.2151
2020-03-20,0.082,0.1657,0.2151
2020-03-23,0.083,0.1678,0.2189
2020-03-24,0.0856,0.1738,0.228
2020-03-25,0.0876,0.1788,0.2346
2020-03-26,0.0885,0.1812,0.2406
2020-03-27,0.0886,0.1815,0.2406
2020-03-30,0.0889,0.182,0.2415
2020-03-31,0.0888,0.1818,0.2414
2020-04-01,0.0889,0.1823,0.2426
2020-04-02,0.089,0.1824,0.2425
2020-04-03,0.089,0.1826,0.2426
2020-04-06,0.0896,0.1842,0.2448
2020-04-07,0.0899,0.1848,0.2451
2020-04-08,0.0902,0.1855,0.2461
2020-04-09,0.09,0.1851,0.2462
2020-04-13,0.0901,0.1853,0.2462
2020-04-14,0.0903,0.1857,0.2472
2020-04-15,0.0903,0.1857,0.2472
2020-04-16,0.0903,0.1858,0.2474
2020-04-17,0.0904,0.186,0.2479
2020-04-20,0.0905,0.186,0.2478
2020-04-22,0.0906,0.1862,0.2479
2020-04-23,0.0907,0.1862,0.2478
2020-04-24,0.0921,0.1888,0.2494
2020-04-27,0.0922,0.1893,0.2498
2020-04-28,0.0927,0.1905,0.2506
2020-04-29,0.0929,0.1909,0.2513
2020-04-30,0.0928,0.1909,0.2513
2020-05-04,0.0928,0.191,0.2517
2020-05-05,0.0929,0.1911,0.2518
2020-05-06,0.0927,0.1909,0.2517
2020-05-07,0.0926,0.1907,0.2516
2020-05-08,0.0928,0.1911,0.2519
2020-05-11,0.0928,0.1911,0.2519
2020-05-12,0.0929,0.1912,0.2522
2020-05-13,0.0929,0.1912,0.2525
2020-05-14,0.0929,0.1912,0.2524
2020-05-15,0.0929,0.1912,0.2525
2020-05-18,0.0933,0.1919,0.2531
2020-05-19,0.0932,0.1919,0.253
2020-05-20,0.0933,0.192,0.2532
2020-05-21,0.0932,0.1918,0.2531
2020-05-22,0.0931,0.1917,0.253
2020-05-26,0.0936,0.1926,0.2538
2020-05-27,0.0937,0.193,0.2539
2020-05-28,0.0937,0.193,0.2539
2020-05-29,0.0937,0.193,0.254
2020-06-01,0.0937,0.193,0.2541
2020-06-02,0.0939,0.1934,0.2545
2020-06-03,0.0928,0.1913,0.2521
2020-06-04,0.0927,0.1911,0.2516
2020-06-05,0.0928,0.1912,0.252
2020-06-08,0.0925,0.1907,0.2507
2020-06-09,0.0925,0.1908,0.2507
2020-06-10,0.0924,0.1905,0.25
2020-06-12,0.0919,0.1898,0.2503
2020-06-15,0.0915,0.1891,0.25
2020-06-16,0.0873,0.1814,0.2432
2020-06-17,0.0864,0.1796,0.2414
2020-06-18,0.0841,0.1752,0.2374
2020-06-19,0.072,0.1537,0.2136
2020-06-22,0.0657,0.1427,0.205
2020-06-23,0.0613,0.1316,0.1901
2020-06-24,0.0611,0.1311,0.1902
2020-06-25,0.0471,0.101,0.1359
2020-06-26,0.0475,0.1017,0.1368
2020-06-29,0.0473,0.1015,0.1367
2020-06-30,0.0445,0.0958,0.1271
2020-07-01,0.0408,0.0875,0.1146
2020-07-02,0.0373,0.0793,0.1041
2020-07-06,0.0363,0.0757,0.0928
2020-07-07,0.0357,0.0746,0.0928
2020-07-08,0.0354,0.0741,0.0916
2020-07-09,0.0354,0.074,0.0918
2020-07-10,0.0346,0.0717,0.0866
2020-07-13,0.0348,0.0722,0.0873
2020-07-14,0.0341,0.0702,0.0852
2020-07-15,0.0328,0.0668,0.0796
2020-07-16,0.0327,0.0663,0.0791
2020-07-17,0.0325,0.0655,0.077
2020-07-20,0.0325,0.0655,0.0763
2020-07-21,0.0325,0.0655,0.0763
2020-07-22,0.0322,0.0649,0.0742
2020-07-23,0.0324,0.0652,0.0739
2020-07-24,0.0324,0.0652,0.0738
2020-07-27,0.0325,0.0651,0.0729
2020-07-28,0.0325,0.0652,0.0728
2020-07-29,0.0322,0.0649,0.0728
2020-07-30,0.0319,0.0644,0.0728
2020-07-31,0.0262,0.0541,0.0651
2020-08-03,0.0262,0.0535,0.0644
2020-08-04,0.025,0.0506,0.0627
2020-08-05,0.0249,0.0498,0.0606
2020-08-06,0.0246,0.0492,0.0606
2020-08-07,0.0244,0.0481,0.058
2020-08-10,0.0244,0.0481,0.0578
2020-08-11,0.0246,0.0485,0.058
2020-08-12,0.0246,0.0484,0.058
2020-08-13,0.0245,0.0481,0.0575
2020-08-14,0.0244,0.048,0.0575
2020-08-17,0.0241,0.047,0.0553
2020-08-18,0.0244,0.0472,0.0529
2020-08-19,0.0246,0.0476,0.0532
2020-08-20,0.0246,0.0476,0.0529
2020-08-21,0.0236,0.0456,0.0513
2020-08-24,0.0236,0.0456,0.0515
2020-08-25,0.0236,0.0456,0.0512
2020-08-26,0.0237,0.0458,0.0512
2020-08-27,0.0237,0.0457,0.0512
2020-08-28,0.0225,0.0431,0.049
2020-08-31,0.0225,0.0432,0.0485
2020-09-01,0.0228,0.0437,0.0485
2020-09-02,0.0228,0.0436,0.0485
2020-09-03,0.023,0.0441,0.0505
2020-09-04,0.0225,0.0429,0.0492
2020-09-08,0.0226,0.0429,0.0501
2020-09-09,0.0227,0.0433,0.0508
2020-09-10,0.0232,0.0442,0.0497
2020-09-11,0.0228,0.0431,0.0488
2020-09-14,0.0229,0.0435,0.0491
2020-09-15,0.0228,0.0433,0.0491
2020-09-16,0.0224,0.0419,0.0434
2020-09-17,0.0224,0.0419,0.0435
2020-09-18,0.0233,0.043,0.044
2020-09-21,0.0235,0.0431,0.0447
2020-09-22,0.0236,0.0433,0.0451
2020-09-23,0.024,0.0441,0.0465
2020-09-24,0.0241,0.0443,0.0467
2020-09-25,0.0241,0.0442,0.0469
2020-09-28,0.0244,0.0443,0.0448
2020-09-29,0.0241,0.0437,0.0441
2020-09-30,0.0239,0.0432,0.0432
2020-10-01,0.0236,0.0426,0.0429
2020-10-02,0.024,0.0432,0.0419
2020-10-05,0.0242,0.0438,0.0425
2020-10-06,0.0243,0.044,0.0431
2020-10-07,0.0235,0.0429,0.0433
2020-10-08,0.0237,0.0433,0.043
2020-10-09,0.0237,0.0432,0.0431
2020-10-13,0.0237,0.0433,0.0431
2020-10-14,0.0236,0.0431,0.0429
2020-10-15,0.0235,0.0427,0.0422
2020-10-16,0.0234,0.0425,0.0421
2020-10-19,0.0233,0.0423,0.0422
2020-10-20,0.0234,0.0427,0.0424
2020-10-21,0.023,0.042,0.0424
2020-10-22,0.0229,0.0419,0.0424
2020-10-23,0.0229,0.0421,0.0425
2020-10-26,0.023,0.0422,0.0435
2020-10-27,0.0228,0.0419,0.0431
2020-10-28,0.0244,0.0453,0.0481
2020-10-29,0.0241,0.0451,0.0483
2020-10-30,0.0247,0.0461,0.0488
2020-11-03,0.0249,0.0464,0.0496
2020-11-04,0.0254,0.0475,0.0508
2020-11-05,0.0262,0.0489,0.052
2020-11-06,0.0262,0.049,0.0522
2020-11-09,0.0264,0.0495,0.0527
2020-11-10,0.0263,0.0493,0.0527
2020-11-11,0.0259,0.049,0.0526
2020-11-12,0.0262,0.0495,0.0529
2020-11-13,0.0265,0.0501,0.0533
2020-11-16,0.0266,0.0501,0.0533
2020-11-17,0.0266,0.0501,0.0533
2020-11-18,0.0266,0.0502,0.0538
2020-11-19,0.0266,0.0502,0.0538
2020-11-20,0.0265,0.05,0.0539
2020-11-23,0.0259,0.0489,0.0535
2020-11-24,0.0261,0.0493,0.0538
2020-11-25,0.0261,0.0492,0.0538
2020-11-27,0.0263,0.0495,0.054
2020-11-30,0.0264,0.0496,0.0537
2020-12-01,0.0268,0.0504,0.0541
2020-12-02,0.0267,0.0502,0.0541
2020-12-03,0.0268,0.0503,0.0542
2020-12-04,0.0266,0.05,0.0539
2020-12-07,0.0262,0.0494,0.054
2020-12-08,0.0259,0.0487,0.0539
2020-12-09,0.026,0.0489,0.0538
2020-12-10,0.0259,0.0486,0.052
2020-12-11,0.0259,0.0485,0.052
2020-12-14,0.0255,0.0478,0.0502
2020-12-15,0.0256,0.0479,0.05
2020-12-16,0.0251,0.0468,0.0491
2020-12-17,0.0251,0.0467,0.0492
2020-12-18,0.0249,0.0463,0.0489
2020-12-21,0.0251,0.0467,0.0489
2020-12-22,0.025,0.0465,0.0488
2020-12-23,0.0251,0.0468,0.049
2020-12-28,0.0243,0.0456,0.0482
2020-12-29,0.0237,0.0449,0.0476
2020-12-30,0.0237,0.0448,0.0474
2021-01-04,0.0231,0.0439,0.046
2021-01-05,0.023,0.0436,0.0459
2021-01-06,0.0231,0.0438,0.0457
2021-01-07,0.0222,0.0426,0.0456
2021-01-08,0.0222,0.0425,0.0455
2021-01-11,0.0226,0.0432,0.0457
2021-01-12,0.0227,0.0433,0.0457
2021-01-14,0.022,0.0424,0.0452
2021-01-15,0.0222,0.0425,0.0447
2021-01-19,0.0221,0.0421,0.0442
2021-01-20,0.0221,0.0421,0.044
2021-01-21,0.0221,0.042,0.0439
2021-01-22,0.0223,0.0424,0.0441
2021-01-26,0.0224,0.0422,0.0439
2021-01-27,0.0226,0.0426,0.045
2021-01-28,0.0231,0.0434,0.0454
2021-01-29,0.0236,0.0443,0.0457
2021-02-01,0.024,0.0447,0.0457
2021-02-02,0.0239,0.0445,0.046
2021-02-03,0.024,0.0446,0.046
2021-02-04,0.024,0.0446,0.046
2021-02-05,0.0239,0.0444,0.0459
2021-02-08,0.0238,0.0442,0.0448
2021-02-09,0.0237,0.0439,0.0447
2021-02-10,0.0218,0.0397,0.0386
2021-02-11,0.0217,0.0395,0.0384
2021-02-12,0.0208,0.0379,0.0373
2021-02-18,0.0206,0.0376,0.0369
2021-02-19,0.0203,0.0368,0.0354
2021-02-22,0.0218,0.0394,0.0354
2021-02-23,0.022,0.0399,0.0356
2021-02-24,0.0217,0.0392,0.0348
2021-02-25,0.0231,0.0414,0.037
2021-02-26,0.0238,0.0422,0.0373
2021-03-01,0.0234,0.0414,0.037
2021-03-02,0.0231,0.0408,0.0376
2021-03-03,0.023,0.0408,0.0387
2021-03-04,0.0233,0.0412,0.0387
2021-03-05,0.024,0.0422,0.0397
2021-03-08,0.0257,0.045,0.0406
2021-03-09,0.0256,0.0449,0.0404
2021-03-10,0.0257,0.0449,0.0404
2021-03-11,0.0258,0.0448,0.0402
2021-03-12,0.0258,0.0449,0.0402
2021-03-15,0.0256,0.0446,0.0397
2021-03-16,0.0254,0.0443,0.0396
2021-03-17,0.0252,0.0438,0.0391
2021-03-18,0.0259,0.0445,0.0399
2021-03-19,0.0258,0.0443,0.0397
2021-03-22,0.0257,0.0443,0.0397
2021-03-23,0.026,0.0448,0.04
2021-03-24,0.0262,0.0451,0.0403
2021-03-25,0.0263,0.0453,0.04
2021-03-26,0.0263,0.0453,0.0406
2021-03-29,0.0263,0.0453,0.0407
2021-03-30,0.0265,0.0456,0.0407
2021-03-31,0.0262,0.0451,0.0402
2021-04-05,0.0263,0.0453,0.0413
2021-04-06,0.0263,0.0452,0.0412
2021-04-07,0.0263,0.0453,0.0412
2021-04-08,0.0263,0.0453,0.0416
2021-04-09,0.0263,0.0452,0.0415
2021-04-12,0.0262,0.0449,0.0411
2021-04-13,0.0261,0.0447,0.0408
2021-04-14,0.026,0.0446,0.0405
2021-04-15,0.0261,0.0448,0.0408
2021-04-16,0.0262,0.045,0.041
2021-04-19,0.0262,0.045,0.0411
2021-04-20,0.0263,0.0452,0.0414
2021-04-22,0.0262,0.0449,0.0414
2021-04-23,0.0261,0.0449,0.0419
2021-04-26,0.0258,0.0443,0.0413
2021-04-27,0.0257,0.0442,0.0413
2021-04-28,0.0258,0.0444,0.0413
2021-04-29,0.0255,0.0438,0.0414
2021-04-30,0.0256,0.0438,0.0411
2021-05-03,0.0256,0.0438,0.0407
2021-05-04,0.0257,0.0441,0.0411
2021-05-05,0.0257,0.0441,0.0408
2021-05-06,0.0257,0.0441,0.0408
2021-05-07,0.0258,0.0442,0.0396
2021-05-10,0.0252,0.0432,0.0396
2021-05-11,0.0248,0.0425,0.0395
2021-05-12,0.0252,0.0437,0.0415
2021-05-13,0.0251,0.0435,0.041
2021-05-14,0.025,0.0435,0.0413
2021-05-17,0.0251,0.0435,0.0413
2021-05-18,0.025,0.0434,0.0415
2021-05-19,0.0251,0.0435,0.0416
2021-05-20,0.0251,0.0436,0.0421
2021-05-21,0.0251,0.0436,0.0421
2021-05-24,0.0252,0.0437,0.0422
2021-05-25,0.0253,0.0437,0.0422
2021-05-26,0.0253,0.0438,0.0419
2021-05-27,0.0253,0.0439,0.0421
2021-05-28,0.0237,0.0407,0.0412
2021-06-01,0.0237,0.0403,0.0409
2021-06-02,0.0237,0.0405,0.0411
2021-06-04,0.0224,0.0384,0.0396
2021-06-07,0.0216,0.0374,0.0393
2021-06-08,0.0217,0.0374,0.039
2021-06-09,0.0217,0.0374,0.038
2021-06-10,0.0215,0.0369,0.0365
2021-06-11,0.0213,0.0366,0.0366
2021-06-14,0.0204,0.0351,0.0347
2021-06-15,0.0182,0.0313,0.0336
2021-06-16,0.0183,0.0314,0.0337
2021-06-17,0.0189,0.0319,0.0338
2021-06-18,0.0183,0.0312,0.0344
2021-06-21,0.0186,0.0315,0.0352
2021-06-22,0.0187,0.0316,0.0352
2021-06-23,0.0187,0.0316,0.0354
2021-06-24,0.0185,0.0314,0.0357
2021-06-25,0.0177,0.0312,0.0363
2021-06-28,0.0178,0.0312,0.0363
2021-06-29,0.0177,0.0311,0.0375
2021-06-30,0.0172,0.0302,0.037
2021-07-01,0.0169,0.0297,0.0366
2021-07-02,0.0171,0.0298,0.0368
2021-07-06,0.0176,0.0307,0.0364
2021-07-07,0.0177,0.0309,0.0364
2021-07-08,0.0178,0.031,0.0365
2021-07-12,0.0181,0.0319,0.0383
2021-07-13,0.0179,0.0316,0.0372
2021-07-14,0.0179,0.0317,0.0374
2021-07-15,0.018,0.0317,0.0373
2021-07-16,0.0178,0.0315,0.0369
2021-07-19,0.0181,0.0322,0.0376
2021-07-20,0.0183,0.0325,0.0383
2021-07-21,0.0183,0.0325,0.0384
2021-07-22,0.0183,0.0325,0.0384
2021-07-23,0.0184,0.0325,0.0378
2021-07-26,0.0182,0.0323,0.0374
2021-07-27,0.0186,0.0328,0.0377
2021-07-28,0.0184,0.0325,0.0374
2021-07-29,0.0184,0.0325,0.0374
2021-07-30,0.0196,0.0343,0.0373
2021-08-02,0.0196,0.0343,0.0375
2021-08-03,0.0196,0.0342,0.0375
2021-08-04,0.0196,0.0343,0.0376
2021-08-05,0.0197,0.0345,0.0376
2021-08-06,0.0197,0.0345,0.0376
2021-08-09,0.0197,0.0345,0.0377
2021-08-10,0.0194,0.0339,0.0372
2021-08-11,0.0192,0.0335,0.0373
2021-08-12,0.0193,0.0338,0.0375
2021-08-13,0.0189,0.0333,0.0374
2021-08-16,0.0193,0.0339,0.037
2021-08-17,0.0192,0.0341,0.0375
2021-08-18,0.0186,0.0324,0.036
2021-08-19,0.0185,0.0323,0.0357
2021-08-20,0.0187,0.0327,0.0365
2021-08-23,0.0186,0.0326,0.0366
2021-08-24,0.0192,0.0335,0.0364
2021-08-25,0.0193,0.0337,0.0364
2021-08-26,0.0193,0.0338,0.0358
2021-08-27,0.0198,0.0345,0.0363
2021-08-30,0.0196,0.0343,0.0365
2021-08-31,0.0196,0.0344,0.0365
2021-09-01,0.0196,0.0343,0.0365
2021-09-02,0.0198,0.0348,0.0364
2021-09-03,0.0195,0.0344,0.0362
2021-09-08,0.0197,0.0354,0.037
2021-09-09,0.0198,0.0351,0.037
2021-09-10,0.0197,0.0349,0.0366
2021-09-13,0.0201,0.0354,0.0367
2021-09-14,0.0201,0.0355,0.0366
2021-09-15,0.0201,0.0355,0.0368
2021-09-16,0.0201,0.0355,0.0368
2021-09-17,0.0202,0.0359,0.0369
2021-09-20,0.0206,0.0368,0.0387
2021-09-21,0.0209,0.0374,0.0388
2021-09-22,0.0211,0.038,0.0392
2021-09-23,0.0209,0.0381,0.0393
2021-09-24,0.0209,0.038,0.0386
2021-09-27,0.0205,0.0375,0.0378
2021-09-28,0.0211,0.0389,0.0395
2021-09-29,0.0211,0.0391,0.0394
2021-09-30,0.021,0.0387,0.0392
2021-10-01,0.0212,0.0389,0.0384
2021-10-04,0.0214,0.0395,0.0391
2021-10-05,0.0214,0.0394,0.038
2021-10-06,0.0215,0.0395,0.0383
2021-10-07,0.0215,0.0395,0.0384
2021-10-08,0.0215,0.0399,0.0383
2021-10-11,0.0211,0.0392,0.0382
2021-10-13,0.021,0.039,0.0381
2021-10-14,0.0208,0.0387,0.0385
2021-10-15,0.0206,0.0379,0.0364
2021-10-18,0.0205,0.0378,0.0363
2021-10-19,0.0215,0.0398,0.0366
2021-10-20,0.0215,0.0398,0.0366
2021-10-21,0.0221,0.0415,0.0379
2021-10-22,0.0221,0.0415,0.0376
2021-10-25,0.0219,0.0413,0.0366
2021-10-26,0.0222,0.0419,0.0369
2021-10-27,0.0221,0.0419,0.037
2021-10-28,0.0224,0.0424,0.0376
2021-10-29,0.0224,0.0424,0.0381
2021-11-01,0.0223,0.0423,0.038
2021-11-03,0.0227,0.0428,0.0392
2021-11-04,0.0228,0.0431,0.0389
2021-11-05,0.0219,0.042,0.0388
2021-11-08,0.0219,0.042,0.0388
2021-11-09,0.0219,0.042,0.0387
2021-11-10,0.0219,0.042,0.0387
2021-11-11,0.0222,0.0423,0.0385
2021-11-12,0.0221,0.0421,0.0387
2021-11-16,0.0222,0.0423,0.0386
2021-11-17,0.0223,0.0426,0.0388
2021-11-18,0.0223,0.0426,0.0388
2021-11-19,0.0223,0.0426,0.0387
2021-11-22,0.0224,0.0429,0.0391
2021-11-23,0.0222,0.0427,0.039
2021-11-24,0.0222,0.0426,0.0385
2021-11-26,0.0224,0.0428,0.0383
2021-11-29,0.0225,0.0432,0.0402
2021-11-30,0.0225,0.0428,0.0391
2021-12-01,0.0226,0.0429,0.0389
2021-12-02,0.0231,0.0441,0.0399
2021-12-03,0.0231,0.0444,0.0407
2021-12-06,0.0232,0.045,0.0425
2021-12-07,0.023,0.0449,0.0439
2021-12-08,0.0231,0.0451,0.0443
2021-12-09,0.0233,0.0454,0.0444
2021-12-10,0.0235,0.046,0.0453
2021-12-13,0.0233,0.0456,0.0455
2021-12-14,0.0233,0.0457,0.0455
2021-12-15,0.0229,0.0447,0.0453
2021-12-16,0.0228,0.0447,0.0452
2021-12-17,0.0229,0.0448,0.0453
2021-12-20,0.0229,0.0446,0.0453
2021-12-21,0.0231,0.0451,0.0466
2021-12-22,0.0231,0.0451,0.0467
2021-12-23,0.0231,0.045,0.0468
2021-12-27,0.0231,0.045,0.0476
2021-12-28,0.0225,0.0439,0.0461
2021-12-29,0.0224,0.0436,0.0461
2021-12-30,0.0224,0.0433,0.0459
2022-01-03,0.0222,0.0432,0.0461
2022-01-04,0.0222,0.0434,0.0464
2022-01-05,0.0229,0.0448,0.0487
2022-01-06,0.0223,0.0434,0.0471
2022-01-07,0.0223,0.0433,0.0472
2022-01-10,0.0223,0.0434,0.0473
2022-01-11,0.0222,0.0432,0.047
2022-01-12,0.0222,0.0432,0.0468
2022-01-13,0.0222,0.0433,0.0471
2022-01-14,0.0223,0.0435,0.047
2022-01-18,0.0223,0.0436,0.0475
2022-01-19,0.0222,0.0432,0.0474
2022-01-20,0.0223,0.0433,0.0474
2022-01-21,0.0224,0.0434,0.0481
2022-01-24,0.0224,0.0434,0.0476
2022-01-25,0.0225,0.0434,0.0478
2022-01-26,0.0225,0.0435,0.048
2022-01-27,0.0214,0.0413,0.048
2022-01-28,0.0214,0.0413,0.0491
2022-01-31,0.0206,0.0394,0.049
2022-02-01,0.0203,0.039,0.0489
2022-02-02,0.0203,0.0389,0.049
2022-02-03,0.0197,0.0377,0.0494
2022-02-04,0.0197,0.0376,0.0492
2022-02-07,0.0191,0.0366,0.0485
2022-02-08,0.0191,0.0366,0.0483
2022-02-09,0.0191,0.0365,0.0484
2022-02-10,0.0188,0.036,0.0487
2022-02-11,0.0184,0.0355,0.0495
2022-02-14,0.0183,0.0353,0.0496
2022-02-15,0.0185,0.0356,0.05
2022-02-16,0.0185,0.0356,0.05
2022-02-17,0.0188,0.0363,0.0509
2022-02-18,0.0185,0.036,0.0509
2022-02-22,0.0185,0.036,0.0514
2022-02-23,0.0183,0.0357,0.0518
2022-02-24,0.0181,0.0352,0.0516
2022-02-25,0.0183,0.0358,0.0537
2022-03-02,0.0183,0.0358,0.0537
2022-03-03,0.018,0.0352,0.0532
2022-03-04,0.0181,0.0354,0.0536
2022-03-07,0.0186,0.0374,0.0566
2022-03-08,0.018,0.0365,0.0562
2022-03-09,0.0186,0.0377,0.0566
2022-03-10,0.0183,0.0375,0.0566
2022-03-11,0.0183,0.0378,0.057
2022-03-14,0.0175,0.0367,0.0571
2022-03-15,0.0173,0.0363,0.058
2022-03-16,0.0174,0.0362,0.0575
2022-03-17,0.0179,0.0366,0.0565
2022-03-18,0.0184,0.0375,0.057
2022-03-21,0.0181,0.037,0.0569
2022-03-22,0.0183,0.0368,0.0567
2022-03-23,0.0181,0.0366,0.0566
2022-03-24,0.0186,0.0375,0.0574
2022-03-25,0.0188,0.0377,0.0576
2022-03-28,0.0187,0.0376,0.0576
2022-03-29,0.0185,0.0376,0.0581
2022-03-30,0.0182,0.0373,0.0582
2022-03-31,0.0181,0.0369,0.0573
2022-04-01,0.0187,0.0378,0.0578
2022-04-04,0.0187,0.0378,0.0579
2022-04-05,0.0189,0.0385,0.0577
2022-04-06,0.019,0.0387,0.0578
2022-04-07,0.019,0.0387,0.0576
2022-04-08,0.0189,0.0387,0.0577
2022-04-11,0.0192,0.0392,0.0582
2022-04-12,0.0191,0.0389,0.058
2022-04-13,0.0181,0.0371,0.0564
2022-04-14,0.0181,0.0371,0.0566
2022-04-18,0.0181,0.0371,0.0566
2022-04-19,0.018,0.037,0.057
2022-04-20,0.0179,0.0367,0.0568
2022-04-22,0.0183,0.0377,0.0589
2022-04-25,0.0183,0.0376,0.0589
2022-04-26,0.0187,0.0386,0.0602
2022-04-27,0.0187,0.0386,0.06
2022-04-28,0.0187,0.0387,0.061
2022-04-29,0.0189,0.0392,0.0621
2022-05-02,0.0189,0.0392,0.0617
2022-05-03,0.0188,0.0391,0.0617
2022-05-04,0.0192,0.0399,0.0626
2022-05-05,0.0201,0.0421,0.0653
2022-05-06,0.0201,0.0422,0.0651
2022-05-09,0.0206,0.0429,0.0655
2022-05-10,0.0206,0.0427,0.0647
2022-05-11,0.0206,0.0425,0.0649
2022-05-12,0.0206,0.0425,0.0652
2022-05-13,0.021,0.0435,0.0676
2022-05-16,0.021,0.0436,0.0676
2022-05-17,0.021,0.0439,0.0685
2022-05-18,0.0216,0.0449,0.0701
2022-05-19,0.0216,0.0449,0.0699
2022-05-20,0.0216,0.0452,0.0694
2022-05-23,0.0217,0.0456,0.0697
2022-05-24,0.0217,0.0457,0.0698
2022-05-25,0.0216,0.0453,0.0695
2022-05-26,0.0217,0.0458,0.0704
2022-05-27,0.0214,0.0454,0.0708
2022-05-31,0.0214,0.0454,0.0708
2022-06-01,0.0214,0.0454,0.0705
2022-06-02,0.0214,0.0454,0.0706
2022-06-03,0.0214,0.0455,0.0708
2022-06-06,0.0213,0.045,0.0691
2022-06-07,0.0213,0.0449,0.069
2022-06-08,0.0214,0.0451,0.0691
2022-06-09,0.0214,0.045,0.0693
2022-06-10,0.021,0.0438,0.0681
2022-06-13,0.0215,0.0456,0.0711
2022-06-14,0.0209,0.0444,0.07
2022-06-15,0.0212,0.0449,0.0708
2022-06-17,0.0215,0.0452,0.071
2022-06-21,0.0213,0.0447,0.0716
2022-06-22,0.0213,0.0446,0.0705
2022-06-23,0.0212,0.044,0.0699
2022-06-24,0.0207,0.0434,0.0701
2022-06-27,0.0202,0.0425,0.0693
2022-06-28,0.0201,0.0427,0.0705
2022-06-29,0.0198,0.0422,0.07
2022-06-30,0.0198,0.0422,0.0699
2022-07-01,0.019,0.0412,0.0693
2022-07-05,0.0188,0.0409,0.0688
2022-07-06,0.0188,0.0409,0.0686
2022-07-07,0.0192,0.0415,0.0686
2022-07-08,0.0192,0.0415,0.0686
2022-07-11,0.0196,0.0422,0.069
2022-07-12,0.0188,0.0411,0.0683
2022-07-13,0.0187,0.041,0.0679
2022-07-14,0.0186,0.0406,0.0675
2022-07-15,0.0187,0.0408,0.0682
2022-07-18,0.0187,0.0408,0.0683
2022-07-19,0.0187,0.0412,0.0692
2022-07-20,0.0186,0.041,0.069
2022-07-21,0.0186,0.041,0.069
2022-07-22,0.0185,0.0409,0.0689
2022-07-25,0.0186,0.0411,0.0688
2022-07-26,0.0186,0.0411,0.0689
2022-07-27,0.0189,0.042,0.0697
2022-07-28,0.0193,0.0426,0.0704
2022-07-29,0.019,0.0417,0.069
2022-08-01,0.019,0.0418,0.069
2022-08-02,0.0186,0.0407,0.0676
2022-08-03,0.0186,0.0407,0.068
2022-08-04,0.0193,0.0415,0.0674
2022-08-05,0.0192,0.041,0.0663
2022-08-08,0.0192,0.0412,0.0663
2022-08-09,0.0193,0.0412,0.0663
2022-08-10,0.0187,0.0407,0.0661
2022-08-11,0.018,0.0384,0.0631
2022-08-12,0.0187,0.0398,0.0641
2022-08-15,0.0182,0.039,0.0631
2022-08-16,0.0183,0.039,0.0631
2022-08-17,0.0182,0.039,0.0624
2022-08-18,0.0182,0.039,0.0615
2022-08-19,0.018,0.0388,0.0595
2022-08-22,0.0179,0.0389,0.0601
2022-08-23,0.0182,0.0392,0.0593
2022-08-24,0.0176,0.0378,0.057
2022-08-25,0.0176,0.0378,0.0571
2022-08-26,0.0176,0.0378,0.0581
2022-08-29,0.0174,0.0373,0.0576
2022-08-30,0.0176,0.0375,0.0573
2022-08-31,0.0176,0.0375,0.0573
2022-09-01,0.0175,0.0371,0.0564
2022-09-02,0.0176,0.037,0.0553
2022-09-06,0.0177,0.0373,0.0554
2022-09-08,0.0178,0.0374,0.0563
2022-09-09,0.0181,0.0381,0.0566
2022-09-12,0.018,0.038,0.0563
2022-09-13,0.0184,0.0395,0.06
2022-09-14,0.0183,0.0395,0.06
2022-09-15,0.0183,0.0394,0.0601
2022-09-16,0.0182,0.0392,0.0595
2022-09-19,0.0183,0.0391,0.0581
2022-09-20,0.0177,0.0368,0.0539
2022-09-21,0.0176,0.0365,0.0536
2022-09-22,0.0179,0.0365,0.0528
2022-09-23,0.0178,0.0364,0.0527
2022-09-26,0.0185,0.0377,0.0522
2022-09-27,0.0184,0.0377,0.0522
2022-09-28,0.0184,0.0376,0.0522
2022-09-29,0.0184,0.0378,0.0524
2022-09-30,0.0186,0.0381,0.0524
2022-10-03,0.0199,0.0404,0.0515
2022-10-04,0.0198,0.0403,0.0529
2022-10-05,0.0198,0.0403,0.0529
2022-10-06,0.0198,0.0403,0.0529
2022-10-07,0.0197,0.0402,0.0538
2022-10-10,0.0197,0.0403,0.0539
2022-10-11,0.0196,0.0401,0.0536
2022-10-13,0.0195,0.04,0.0539
2022-10-14,0.0191,0.0395,0.0542
2022-10-17,0.0192,0.0398,0.055
2022-10-18,0.0193,0.04,0.0551
2022-10-19,0.0191,0.0396,0.0552
2022-10-20,0.0191,0.0395,0.0546
2022-10-21,0.0192,0.0399,0.0551
2022-10-24,0.0199,0.0408,0.0543
2022-10-25,0.0201,0.0409,0.0545
2022-10-26,0.0204,0.0415,0.0547
2022-10-27,0.0206,0.0417,0.0547
2022-10-28,0.0206,0.0417,0.0554
2022-10-31,0.0209,0.0417,0.0552
2022-11-01,0.0207,0.0412,0.0541
2022-11-03,0.0205,0.041,0.0557
2022-11-04,0.0204,0.0408,0.0551
2022-11-07,0.021,0.0416,0.0551
2022-11-08,0.021,0.0416,0.055
2022-11-09,0.0214,0.0424,0.0558
2022-11-10,0.0224,0.0442,0.0555
2022-11-11,0.0224,0.0442,0.0555
2022-11-14,0.0225,0.0439,0.0553
2022-11-16,0.023,0.0452,0.0558
2022-11-17,0.0231,0.0453,0.0565
2022-11-18,0.0231,0.0453,0.0564
2022-11-21,0.0225,0.0439,0.0547
2022-11-22,0.0225,0.0437,0.0538
2022-11-23,0.0226,0.0438,0.0537
2022-11-25,0.0226,0.0438,0.0537
2022-11-28,0.0226,0.0438,0.0538
2022-11-29,0.0229,0.0443,0.054
2022-11-30,0.0232,0.0453,0.0567
2022-12-01,0.023,0.0449,0.0566
2022-12-02,0.0232,0.0452,0.057
2022-12-05,0.0235,0.0461,0.0578
2022-12-06,0.0235,0.046,0.0574
2022-12-07,0.0235,0.046,0.0574
2022-12-08,0.0234,0.046,0.0574
2022-12-09,0.0234,0.046,0.0574
2022-12-12,0.0237,0.0463,0.0573
2022-12-13,0.0238,0.0466,0.0574
2022-12-14,0.0237,0.0465,0.0581
2022-12-15,0.0237,0.0463,0.0574
2022-12-16,0.0234,0.0456,0.0569
2022-12-19,0.0234,0.0456,0.0571
2022-12-20,0.0237,0.0457,0.0547
2022-12-21,0.0237,0.0459,0.056
2022-12-22,0.0237,0.0458,0.0559
2022-12-23,0.024,0.0466,0.0566
2022-12-27,0.0238,0.0461,0.0565
2022-12-28,0.0241,0.0466,0.0564
2022-12-29,0.0241,0.0466,0.0576
2023-01-03,0.0245,0.0487,0.0585
2023-01-04,0.0243,0.0481,0.0578
2023-01-05,0.024,0.0477,0.0572
2023-01-06,0.0241,0.0482,0.0583
2023-01-09,0.0241,0.0483,0.0581
2023-01-10,0.0244,0.0485,0.0577
2023-01-11,0.0244,0.0486,0.0581
2023-01-12,0.0232,0.046,0.0571
2023-01-13,0.0232,0.0459,0.0557
2023-01-17,0.0232,0.0458,0.0557
2023-01-18,0.0231,0.0458,0.0561
2023-01-19,0.0231,0.0457,0.0557
2023-01-20,0.0231,0.0457,0.0558
2023-01-23,0.0231,0.0455,0.0556
2023-01-24,0.0231,0.0456,0.0552
2023-01-25,0.0231,0.0453,0.0542
2023-01-26,0.023,0.0449,0.0533
2023-01-27,0.0229,0.0448,0.053
2023-01-30,0.0229,0.0448,0.0531
2023-01-31,0.0229,0.0451,0.054
2023-02-01,0.0227,0.0444,0.0529
2023-02-02,0.0222,0.0437,0.0534
2023-02-03,0.0225,0.0443,0.0536
2023-02-06,0.0223,0.0439,0.0535
2023-02-07,0.022,0.0436,0.0537
2023-02-08,0.0222,0.0438,0.0527
2023-02-09,0.0218,0.0438,0.0531
2023-02-10,0.0219,0.0438,0.0531
2023-02-13,0.0219,0.0437,0.051
2023-02-14,0.0218,0.0435,0.0505
2023-02-15,0.0216,0.0435,0.0509
2023-02-16,0.0216,0.0435,0.0513
2023-02-17,0.0213,0.0427,0.0502
2023-02-22,0.0197,0.0407,0.0511
2023-02-23,0.0197,0.0406,0.0511
2023-02-24,0.0195,0.0406,0.0513
2023-02-27,0.0189,0.0394,0.0511
2023-02-28,0.0187,0.0389,0.0492
2023-03-01,0.0187,0.0389,0.0492
2023-03-02,0.0187,0.0389,0.0492
