Variação_12_Meses_(%)_data,Variação_12_Meses_(%)_port1,Variação_12_Meses_(%)_port4,Variação_12_Meses_(%)_port8
2012-01-18,11.351,10.258,13.0628
2012-01-19,11.4479,10.3612,13.1395
2012-01-20,11.4154,10.2155,12.7257
2012-01-23,11.3888,10.2729,13.1279
2012-01-24,11.3017,10.1101,12.9318
2012-01-26,11.5552,10.5311,13.3941
2012-01-27,11.6603,10.6939,13.4238
2012-01-30,11.7264,10.7769,13.5326
2012-01-31,11.7401,10.8488,13.7743
2012-02-01,11.7959,11.0179,14.0311
2012-02-02,11.8459,11.0902,13.7935
2012-02-03,11.9067,11.2415,13.9857
2012-02-06,11.874,11.2273,13.9914
2012-02-07,12.0338,11.5395,14.2315
2012-02-08,12.1185,11.6819,14.3862
2012-02-09,12.1798,11.7333,14.3497
2012-02-10,12.1382,11.5297,14.2513
2012-02-13,12.2946,12.0183,14.6645
2012-02-14,12.3045,12.0456,14.6423
2012-02-15,12.4599,12.4118,14.9727
2012-02-16,12.5477,12.5773,14.978
2012-02-17,12.4788,12.4371,14.9895
2012-02-22,12.5355,12.5746,15.0774
2012-02-23,12.513,12.5099,15.0542
2012-02-24,12.6035,12.6255,14.6757
2012-02-27,12.5566,12.5563,14.8853
2012-02-29,12.6433,12.6986,15.169
2012-03-01,12.9099,13.1603,15.2646
2012-03-02,13.0646,13.3786,15.3325
2012-03-05,12.8807,12.9288,14.8646
2012-03-06,12.6767,12.5003,14.6619
2012-03-07,12.8248,12.786,15.0056
2012-03-08,12.9237,12.9364,15.4086
2012-03-09,12.9855,12.9787,15.5199
2012-03-12,12.9278,12.9669,15.904
2012-03-13,13.2465,13.7525,16.8136
2012-03-14,13.1773,13.6558,16.8821
2012-03-15,13.1158,13.5944,16.992
2012-03-16,13.0692,13.4936,16.8091
2012-03-19,12.9558,13.3491,16.8085
2012-03-20,12.9786,13.5248,17.1461
2012-03-21,12.8887,13.38,17.2915
2012-03-22,12.6631,12.9577,16.8147
2012-03-23,12.6693,12.979,16.7821
2012-03-26,12.7742,13.2225,16.9277
2012-03-27,12.7802,13.3169,17.0698
2012-03-28,12.6589,13.0935,17.1551
2012-03-29,12.6082,13.004,17.1995
2012-03-30,12.6206,13.0705,17.5607
2012-04-02,12.8268,13.55,18.1207
2012-04-03,12.7478,13.3775,17.9857
2012-04-04,12.5811,12.9939,17.4962
2012-04-05,12.5746,13.0539,17.3899
2012-04-09,12.3857,12.7396,17.2369
2012-04-10,12.162,12.262,16.5101
2012-04-11,12.1336,12.2121,16.4831
2012-04-12,12.2872,12.5669,16.8389
2012-04-13,12.2109,12.3773,16.4358
2012-04-16,12.1736,12.2987,16.2957
2012-04-17,12.1366,12.3158,16.4051
2012-04-18,12.0797,12.255,16.3953
2012-04-19,12.0197,12.0196,16.0276
2012-04-20,11.973,11.8942,15.9045
2012-04-23,11.8968,11.708,15.7835
2012-04-24,12.0273,11.8911,15.6238
2012-04-25,12.0233,11.9434,15.9907
2012-04-26,12.1206,12.1826,16.3226
2012-04-27,12.2005,12.3504,16.6936
2012-04-30,12.2804,12.4249,16.3233
2012-05-02,12.5064,12.8224,16.7188
2012-05-03,12.477,12.7316,16.4996
2012-05-04,12.4375,12.491,16.1392
2012-05-07,12.7204,13.0453,16.8113
2012-05-08,12.4684,12.6127,16.5794
2012-05-09,12.2597,12.1473,16.0028
2012-05-10,12.4192,12.3499,16.1904
2012-05-11,12.3631,12.1987,15.9534
2012-05-14,12.2422,11.8347,15.3024
2012-05-15,12.1763,11.7208,15.3003
2012-05-16,12.0966,11.5885,15.2769
2012-05-17,11.9073,11.2351,14.9361
2012-05-18,12.0626,11.5987,15.1164
2012-05-21,12.2771,12.1313,15.4557
2012-05-22,11.917,11.6395,15.3013
2012-05-23,11.8156,11.4146,15.3106
2012-05-24,11.5472,11.0638,15.1836
2012-05-25,11.5744,11.0771,14.9516
2012-05-29,11.7925,11.6325,15.8949
2012-05-30,11.6706,11.3444,15.5277
2012-05-31,11.842,11.775,16.0767
2012-06-01,11.715,11.5424,15.8308
2012-06-04,11.4895,11.2863,15.9513
2012-06-05,11.4974,11.2976,16.0453
2012-06-06,11.7307,11.9345,16.8161
2012-06-08,11.8467,12.1405,17.1697
2012-06-11,11.8291,12.1641,17.3746
2012-06-12,11.8859,12.2916,17.5592
2012-06-13,11.9466,12.3852,17.4404
2012-06-14,11.8587,12.241,17.572
2012-06-15,11.8325,12.2513,17.5538
2012-06-18,11.7963,12.2274,17.5651
2012-06-19,12.0534,12.8313,18.3577
2012-06-20,11.9983,12.6575,18.2238
2012-06-21,11.8748,12.3683,18.1089
2012-06-22,12.009,12.719,18.6276
2012-06-25,11.8423,12.335,18.3083
2012-06-26,11.8586,12.412,18.5204
2012-06-27,11.7574,12.1448,18.2871
2012-06-28,11.7901,12.2094,18.4151
2012-06-29,12.0824,12.8346,19.0641
2012-07-02,12.1251,12.9421,19.1901
2012-07-03,12.3096,13.402,19.7749
2012-07-05,12.4239,13.6133,19.7474
2012-07-06,12.3479,13.3998,19.451
2012-07-10,12.2459,13.1424,19.4107
2012-07-11,12.2656,13.1928,19.5079
2012-07-12,12.2411,13.1307,19.3944
2012-07-13,12.3885,13.5071,20.0282
2012-07-16,12.201,13.0649,19.6814
2012-07-17,12.191,13.0404,19.481
2012-07-18,12.2746,13.1672,19.3645
2012-07-19,12.2865,13.1025,19.0295
2012-07-20,12.2588,12.9994,19.0458
2012-07-23,12.2502,12.9532,19.2093
2012-07-24,12.1974,12.8407,18.8888
2012-07-25,12.2583,13.0494,19.1766
2012-07-26,12.4764,13.6309,19.7783
2012-07-27,12.6835,14.1694,20.0682
2012-07-30,12.6441,14.084,19.9087
2012-07-31,12.6184,14.0727,19.9751
2012-08-01,12.6825,14.1302,19.7151
2012-08-02,12.6594,14.0898,19.67
2012-08-03,12.7238,14.2882,19.7017
2012-08-06,12.8294,14.4905,19.7514
2012-08-07,12.6704,14.1227,19.4642
2012-08-08,12.7924,14.2368,19.1266
2012-08-09,12.8109,14.2989,19.285
2012-08-10,12.8491,14.4539,19.3753
2012-08-13,12.9215,14.652,19.5238
2012-08-14,12.7947,14.5049,19.8117
2012-08-15,12.8008,14.627,20.2738
2012-08-16,12.7866,14.6874,20.0931
2012-08-17,12.8963,14.965,20.6076
2012-08-20,12.9745,15.1687,20.5144
2012-08-21,13.338,15.9459,21.3536
2012-08-22,13.3367,15.8819,21.1516
2012-08-23,13.7814,16.8794,22.3429
2012-08-24,13.3854,16.0239,21.3107
2012-08-27,13.3878,16.1394,22.0958
2012-08-28,13.2137,15.8116,21.8378
2012-08-29,13.0138,15.5224,21.8271
2012-08-30,12.7677,14.9034,20.6566
2012-08-31,12.7635,15.0361,21.1319
2012-09-04,12.5864,14.6917,21.0915
2012-09-05,12.8137,15.2558,21.7878
2012-09-06,12.9905,15.7849,22.4754
2012-09-10,12.9307,15.7394,22.4039
2012-09-11,12.7907,15.4675,21.7989
2012-09-12,12.8141,15.5241,21.7066
2012-09-13,13.092,16.169,22.3482
2012-09-14,12.5197,15.1942,21.1667
2012-09-17,12.4364,15.0492,21.0921
2012-09-19,12.2033,14.7064,20.9811
2012-09-20,11.7083,14.1188,20.9932
2012-09-21,11.989,14.6196,21.5746
2012-09-24,12.0006,14.6244,21.4955
2012-09-25,11.8712,14.2265,21.132
2012-09-26,11.9793,14.539,21.3834
2012-09-27,11.9194,14.4323,21.206
2012-09-28,11.8955,14.3575,21.1665
2012-10-01,11.8828,14.262,20.8488
2012-10-02,11.8563,14.1395,20.5436
2012-10-04,11.734,13.8509,20.5196
2012-10-05,12.0003,14.1869,20.8882
2012-10-08,12.1036,14.4574,20.9326
2012-10-09,12.2192,14.7351,21.6139
2012-10-10,12.4919,15.2878,22.049
2012-10-11,12.4529,15.2516,21.8539
2012-10-15,12.3092,14.9469,21.2554
2012-10-16,12.3234,14.9565,21.0857
2012-10-17,12.3797,15.2023,21.5805
2012-10-18,12.367,15.1157,21.4024
2012-10-19,12.368,15.139,21.4896
2012-10-22,12.4004,15.3618,21.8143
2012-10-23,12.373,15.1519,21.1809
2012-10-24,12.1943,14.83,20.7134
2012-10-25,12.0944,14.6062,20.2591
2012-10-26,12.1559,14.7727,20.408
2012-10-31,11.9904,14.312,19.9867
2012-11-01,12.0184,14.4064,20.0653
2012-11-05,11.941,14.1266,19.5369
2012-11-06,12.0208,14.2263,19.2991
2012-11-07,12.0519,14.2545,19.1942
2012-11-08,11.7612,13.5802,18.3649
2012-11-09,11.721,13.5085,18.3928
2012-11-12,11.8804,13.7046,18.3781
2012-11-13,11.6962,13.2981,17.6787
2012-11-14,11.3357,12.5997,17.2186
2012-11-16,11.3925,12.7025,17.6343
2012-11-19,11.3942,12.7684,17.8431
2012-11-21,11.1309,12.199,17.2317
2012-11-23,11.2707,12.5161,17.6385
2012-11-26,11.2872,12.5934,17.9073
2012-11-27,11.4724,12.8823,18.3776
2012-11-28,11.4042,12.7131,18.0994
2012-11-29,11.4733,12.9133,18.4148
2012-11-30,11.4241,12.7246,18.2393
2012-12-03,11.532,12.9458,18.3351
2012-12-04,11.6353,13.2634,18.9911
2012-12-05,11.6813,13.322,18.8363
2012-12-06,11.6856,13.2127,18.7334
2012-12-07,11.7409,13.4356,19.0432
2012-12-10,11.7183,13.482,19.1887
2012-12-11,11.9117,13.8855,19.5299
2012-12-12,11.9557,13.9017,19.3767
2012-12-13,12.0842,14.1909,19.9606
2012-12-14,12.1901,14.3601,20.0601
2012-12-17,12.2666,14.5812,20.4352
2012-12-18,12.2402,14.6991,20.6747
2012-12-19,12.1799,14.458,20.1751
2012-12-20,12.2024,14.5378,20.0448
2012-12-26,11.9471,13.9817,19.259
2012-12-27,11.8653,13.8321,19.5811
2012-12-28,11.9041,13.9293,19.4308
2013-01-02,12.0928,14.2957,20.1216
2013-01-03,12.1086,14.2719,19.9523
2013-01-04,12.0515,14.1425,19.6687
2013-01-07,12.1183,14.316,19.9007
2013-01-08,11.9568,13.9261,19.5304
2013-01-09,12.1107,14.2697,19.8955
2013-01-10,12.1335,14.3458,20.1974
2013-01-11,12.2112,14.5141,20.3453
2013-01-14,12.291,14.6737,20.3118
2013-01-15,12.2704,14.6057,20.1234
2013-01-16,12.3627,14.8131,20.3181
2013-01-17,12.1698,14.397,19.8267
2013-01-18,12.1166,14.3456,19.8152
2013-01-22,12.1684,14.3379,19.9509
2013-01-23,12.1862,14.2764,19.6738
2013-01-24,11.9112,13.874,19.3326
2013-01-28,11.9772,14.0985,19.9322
2013-01-29,11.9396,14.0556,19.7431
2013-01-30,11.4939,13.2513,19.3735
2013-01-31,11.5185,13.3188,19.3484
2013-02-01,11.6682,13.6508,19.5801
2013-02-04,11.5081,13.3891,19.3612
2013-02-05,11.3796,13.171,19.1914
2013-02-06,11.1792,12.8167,18.9382
2013-02-07,11.0591,12.5784,18.6922
2013-02-08,11.0834,12.6587,18.7992
2013-02-13,11.1359,12.804,18.9822
2013-02-14,10.8686,12.3395,18.6437
2013-02-15,10.6734,11.9866,18.2928
2013-02-19,10.5633,11.7934,18.3225
2013-02-20,10.3092,11.4221,18.1629
2013-02-21,10.3203,11.3581,17.8586
2013-02-22,10.2993,11.4022,17.9433
2013-02-25,10.0875,11.002,17.2195
2013-02-26,10.0817,11.0507,17.3164
2013-02-27,10.094,11.1665,17.5979
2013-02-28,10.0615,11.1137,17.4936
2013-03-01,9.9028,10.8017,17.4933
2013-03-04,9.806,10.6335,17.3672
2013-03-05,9.7253,10.4538,17.3111
2013-03-06,9.9194,10.8383,17.3799
2013-03-07,9.8463,10.7547,17.2275
2013-03-08,9.7378,10.5303,16.9628
2013-03-11,9.7364,10.5971,17.0419
2013-03-12,9.7631,10.6678,16.9568
2013-03-13,9.4795,10.0226,16.3166
2013-03-14,9.5411,10.1465,16.4725
2013-03-15,9.4547,9.9774,16.427
2013-03-18,9.3524,9.7213,15.9173
2013-03-19,9.2242,9.4247,15.4456
2013-03-20,9.1806,9.3346,15.3427
2013-03-21,9.0979,9.2008,15.1039
2013-03-22,9.1186,9.2497,15.3084
2013-03-25,9.1396,9.2457,15.0562
2013-03-26,9.0242,9.1658,15.0201
2013-03-27,8.9521,9.0574,14.9573
2013-03-28,8.8075,8.892,15.0735
2013-04-01,8.7611,8.8604,14.9735
2013-04-02,8.869,9.0965,15.376
2013-04-03,8.7061,8.7987,14.7702
2013-04-04,8.407,8.2841,14.3932
2013-04-05,8.4261,8.3454,14.2043
2013-04-08,8.4635,8.3651,14.0477
2013-04-09,8.3288,8.0406,13.5011
2013-04-10,8.4261,8.2914,13.9502
2013-04-11,8.4079,8.1771,13.789
2013-04-12,8.2318,7.9702,13.6206
2013-04-15,7.9603,7.3806,12.9557
2013-04-16,8.1096,7.6945,13.1473
2013-04-17,7.9896,7.3932,12.6418
2013-04-18,8.3869,7.9064,12.9442
2013-04-19,8.4555,8.0362,12.9248
2013-04-22,8.4572,8.0035,12.8536
2013-04-23,8.5952,8.277,13.0679
2013-04-24,8.6566,8.3999,13.0333
2013-04-25,8.6228,8.3382,12.8801
2013-04-26,8.5827,8.3305,13.0763
2013-04-29,8.5322,8.2192,12.8335
2013-04-30,8.6999,8.5785,12.9146
2013-05-02,8.746,8.659,13.0373
2013-05-03,8.7434,8.6242,13.0982
2013-05-06,8.8302,8.7638,13.2201
2013-05-07,9.0537,9.2624,13.773
2013-05-08,9.0761,9.2677,13.7472
2013-05-09,8.8247,8.6666,13.0262
2013-05-10,8.8522,8.7998,13.408
2013-05-13,8.8106,8.7346,13.5178
2013-05-14,8.7097,8.5281,13.302
2013-05-15,8.7369,8.5678,13.4516
2013-05-16,8.5983,8.4738,13.4346
2013-05-17,8.5978,8.602,13.6819
2013-05-20,8.6806,8.8154,13.7384
2013-05-21,8.6532,8.8291,13.8097
2013-05-22,8.5991,8.6394,13.0689
2013-05-23,8.4819,8.4693,12.9483
2013-05-24,8.3863,8.3514,12.6009
2013-05-28,8.3074,8.2521,12.7305
2013-05-29,8.0453,7.759,12.4577
2013-05-31,7.586,7.1426,11.8728
2013-06-03,7.5531,7.2691,12.0294
2013-06-04,7.484,7.0877,11.6631
2013-06-05,7.4429,6.9101,11.2107
2013-06-06,7.4658,7.015,11.3033
2013-06-07,7.2152,6.6799,11.4004
2013-06-10,7.0229,6.3736,10.9562
2013-06-11,6.8359,6.0063,10.1498
2013-06-12,6.7658,5.8775,9.7913
2013-06-13,7.0986,6.5773,10.7588
2013-06-14,7.0485,6.5758,10.6752
2013-06-17,6.8642,6.3446,10.7928
2013-06-18,6.5409,5.7239,10.0946
2013-06-19,6.6012,5.6123,9.6754
2013-06-20,6.5784,5.3099,8.3374
2013-06-21,6.7644,5.3788,8.4123
2013-06-24,6.7123,5.0726,8.0501
2013-06-25,6.8492,5.3088,8.2054
2013-06-26,7.0067,5.7236,8.898
2013-06-27,7.0583,5.7242,8.8008
2013-06-28,7.1272,5.8569,8.8336
2013-07-01,7.2745,5.9608,8.8365
2013-07-02,7.1917,5.7318,8.694
2013-07-03,7.0111,5.2509,8.2646
2013-07-05,6.7982,4.9202,7.8058
2013-07-08,6.9288,5.1519,8.1693
2013-07-10,6.8123,4.9583,7.9725
2013-07-11,6.84,5.0849,8.1905
2013-07-12,6.7464,4.8221,7.8793
2013-07-15,6.8364,5.0104,7.8273
2013-07-16,6.8204,4.9772,7.6912
2013-07-17,6.7782,4.8966,7.5783
2013-07-18,6.8451,5.053,7.8005
2013-07-19,7.0331,5.4638,8.4036
2013-07-22,7.2043,5.7117,8.2684
2013-07-23,7.419,6.2194,8.8739
2013-07-24,7.3484,5.9863,8.4456
2013-07-25,7.4553,6.2026,8.3407
2013-07-26,7.4988,6.3452,8.4416
2013-07-29,7.1648,5.6475,7.5308
2013-07-30,6.9454,5.2711,7.1918
2013-07-31,6.7842,4.8975,6.8575
2013-08-01,6.7539,4.893,6.8315
2013-08-05,6.8351,5.0708,7.2234
2013-08-06,6.7417,4.8658,6.6081
2013-08-07,6.6967,4.7132,6.2131
2013-08-08,6.9028,5.1387,6.442
2013-08-09,6.8961,5.0736,6.1335
2013-08-13,6.8619,5.0666,5.6051
2013-08-14,6.764,4.915,5.3189
2013-08-15,6.6035,4.5697,4.743
2013-08-16,6.4702,4.277,4.2304
2013-08-19,6.3743,4.1708,3.7165
2013-08-20,6.4962,4.3025,3.8117
2013-08-21,6.4384,4.2046,3.5524
2013-08-22,6.5723,4.3575,3.4362
2013-08-23,6.6915,4.4554,3.5109
2013-08-26,6.4039,3.8161,3.2018
2013-08-27,6.1423,3.242,2.681
2013-08-28,6.2131,3.3775,2.6342
2013-08-29,6.0785,3.2048,2.5872
2013-08-30,6.1639,3.3676,2.6679
2013-09-03,6.2264,3.4639,2.705
2013-09-04,6.1374,3.3339,2.8631
2013-09-05,6.1654,3.4803,2.7571
2013-09-06,6.181,3.7303,3.343
2013-09-09,6.2387,3.8385,3.3053
2013-09-10,6.2611,3.8394,3.5397
2013-09-11,6.2439,3.778,3.5815
2013-09-12,6.2715,3.7512,3.1743
2013-09-13,6.3015,3.7465,2.9534
2013-09-16,6.3169,3.685,3.0945
2013-09-17,6.3809,3.8046,3.0535
2013-09-18,6.731,4.4887,3.9111
2013-09-19,6.6516,4.4436,4.0686
2013-09-20,6.543,4.2397,4.0787
2013-09-23,6.6833,4.516,4.1903
2013-09-24,6.6742,4.4738,4.0848
2013-09-25,6.6623,4.4949,4.2138
2013-09-26,6.5136,4.1074,3.6371
2013-09-27,6.5912,4.2002,3.4043
2013-09-30,6.473,4.1443,4.1422
2013-10-01,6.5268,4.2774,4.0588
2013-10-02,6.4703,4.3078,3.9875
2013-10-03,6.3742,4.0942,3.927
2013-10-04,6.3143,3.922,3.8017
2013-10-07,6.3149,3.8073,3.5268
2013-10-08,6.194,3.5249,3.1647
2013-10-09,6.2147,3.5422,3.1959
2013-10-10,5.9515,3.168,3.0675
2013-10-11,5.9698,3.2181,3.187
2013-10-14,6.0759,3.4779,3.3635
2013-10-15,6.1356,3.5991,3.1805
2013-10-16,6.1715,3.7669,3.3789
2013-10-17,6.0757,3.7065,3.5038
2013-10-18,6.0039,3.588,3.5784
2013-10-21,6.1435,3.9382,3.782
2013-10-22,6.2657,4.1669,4.1796
2013-10-23,6.2128,4.0554,4.1507
2013-10-24,6.2122,4.1064,4.2095
2013-10-25,6.0917,3.9971,4.5689
2013-10-28,6.1451,4.1271,4.4031
2013-10-29,6.1216,4.0835,4.2106
2013-10-30,5.8839,3.8018,4.0639
2013-10-31,5.8639,3.6681,3.9174
2013-11-01,5.8386,3.6516,3.9971
2013-11-04,5.9212,3.8866,4.2629
2013-11-05,5.7168,3.4103,3.7322
2013-11-06,5.6381,3.2811,3.8642
2013-11-07,5.42,2.8407,3.184
2013-11-08,5.3607,2.7393,3.3394
2013-11-11,5.4253,2.7983,3.1581
2013-11-12,5.4867,2.9375,3.5551
2013-11-13,5.6303,3.1683,3.7726
2013-11-14,5.9637,3.8301,4.4198
2013-11-18,6.1377,4.1398,4.567
2013-11-19,5.8937,3.6899,4.4775
2013-11-21,5.8938,3.6924,4.5215
2013-11-22,5.8586,3.7336,4.66
2013-11-25,5.6293,3.251,4.2682
2013-11-26,5.6389,3.3065,4.7711
2013-11-27,5.6095,3.1769,4.649
2013-11-29,5.8532,3.61,5.0229
2013-12-02,5.7938,3.547,5.1814
2013-12-03,5.719,3.3666,5.0419
2013-12-04,5.7904,3.4404,5.0324
2013-12-05,5.849,3.5126,4.9629
2013-12-06,6.075,3.9836,5.5557
2013-12-09,6.1465,4.1074,5.3519
2013-12-10,6.015,3.7806,4.954
2013-12-11,5.9618,3.5875,4.6214
2013-12-12,5.8174,3.2222,4.1342
2013-12-13,5.8903,3.3912,4.2605
2013-12-16,5.8975,3.4534,4.2046
2013-12-17,5.7998,3.2244,3.7766
2013-12-18,5.773,3.1013,3.7191
2013-12-19,5.8225,3.2678,3.6088
2013-12-20,5.6623,2.9856,3.6086
2013-12-23,5.6415,2.9134,3.1978
2013-12-26,5.6504,2.9221,3.395
2013-12-27,5.5239,2.7763,3.264
2013-12-30,5.5541,2.7479,3.1888
2014-01-02,5.4343,2.4586,3.2147
2014-01-03,5.4745,2.5514,3.2051
2014-01-06,5.4496,2.5234,3.1641
2014-01-07,5.3911,2.4542,3.291
2014-01-08,5.4041,2.4631,3.3293
2014-01-09,5.2616,2.115,3.0174
2014-01-10,5.2146,1.926,2.5781
2014-01-13,5.0424,1.6184,2.208
2014-01-14,5.0866,1.7006,2.3491
2014-01-15,5.1414,1.8134,2.3858
2014-01-16,5.0776,1.6189,1.9007
2014-01-17,4.9836,1.4526,2.0179
2014-01-21,4.5623,0.5183,0.5987
2014-01-22,4.5506,0.5234,0.5492
2014-01-23,4.4076,0.2522,0.0262
2014-01-24,4.334,0.0633,-0.5223
2014-01-27,4.3842,0.1056,-0.8295
2014-01-28,4.3047,-0.023,-0.92
2014-01-29,4.1372,-0.3938,-1.7131
2014-01-30,4.0196,-0.468,-1.4837
2014-01-31,4.0575,-0.4515,-1.4341
2014-02-03,3.8357,-1.0116,-2.3125
2014-02-04,3.9847,-0.7553,-2.2152
2014-02-05,4.0118,-0.8249,-2.3714
2014-02-06,4.2112,-0.5053,-2.3462
2014-02-07,4.3333,-0.3115,-2.1853
2014-02-10,4.2813,-0.4954,-2.4292
2014-02-11,4.5807,-0.0468,-2.1754
2014-02-12,4.6214,0.0455,-2.3153
2014-02-13,4.5278,-0.0956,-2.1966
2014-02-14,4.7282,0.3026,-1.8928
2014-02-18,4.7321,0.1216,-1.6061
2014-02-19,4.713,0.0301,-1.953
2014-02-20,4.8973,0.4242,-1.3695
2014-02-21,5.0262,0.7012,-0.8923
2014-02-24,5.1313,0.9393,-0.5009
2014-02-25,5.1591,1.067,-0.0895
2014-02-26,5.189,1.074,-0.0544
2014-02-27,5.3339,1.4223,0.3479
2014-02-28,5.3792,1.4648,0.655
2014-03-05,5.4052,1.5363,1.1192
2014-03-06,5.5086,1.7329,0.9649
2014-03-07,5.5979,1.8016,1.0986
2014-03-10,5.4598,1.5808,1.0401
2014-03-11,5.4824,1.5589,0.8942
2014-03-12,5.5307,1.7101,1.3068
2014-03-13,5.4526,1.4264,0.8251
2014-03-14,5.3143,1.1266,0.4928
2014-03-17,5.3417,1.1698,0.6566
2014-03-18,5.4417,1.4181,0.6474
2014-03-19,5.491,1.4811,0.3294
2014-03-20,5.5868,1.6325,0.1168
2014-03-21,5.435,1.3507,0.1844
2014-03-24,5.4989,1.4397,0.258
2014-03-25,5.5742,1.6674,0.5047
2014-03-26,5.5634,1.6087,0.4565
2014-03-27,5.7609,2.1013,0.7241
2014-03-28,5.9299,2.36,0.8841
2014-03-31,6.0002,2.5327,0.9965
2014-04-01,6.0385,2.6209,1.1636
2014-04-02,6.225,2.9998,1.4437
2014-04-03,6.3171,3.1632,1.692
2014-04-04,6.254,3.0816,1.5181
2014-04-07,6.4038,3.4108,1.5986
2014-04-08,6.3243,3.3207,1.5641
2014-04-09,6.3331,3.3608,1.8953
2014-04-10,6.227,2.9954,1.1345
2014-04-11,6.242,2.9878,0.8852
2014-04-14,6.2242,2.9273,0.9705
2014-04-15,6.2804,2.9691,1.3279
2014-04-16,6.4629,3.3224,1.4097
2014-04-17,6.5818,3.5753,1.7795
2014-04-22,6.6201,3.6866,1.8101
2014-04-23,6.4686,3.4687,1.8801
2014-04-24,6.4955,3.5327,1.9103
2014-04-25,6.4152,3.3083,1.7449
2014-04-28,6.3499,3.1402,1.4688
2014-04-29,6.5216,3.3998,1.4533
2014-04-30,6.7327,3.6736,1.799
2014-05-02,7.1958,4.6374,2.6178
2014-05-05,7.1178,4.3974,2.2117
2014-05-06,7.2429,4.7397,2.5098
2014-05-07,7.0248,4.5355,2.4926
2014-05-08,6.8516,4.1821,2.3135
2014-05-09,6.7358,4.0603,2.4345
2014-05-12,6.7468,4.0745,2.3331
2014-05-13,6.7699,4.1126,2.4946
2014-05-14,6.9011,4.3209,2.5823
2014-05-15,6.9285,4.2893,2.3712
2014-05-16,6.8863,4.1835,2.3037
2014-05-19,6.7365,3.8818,2.3161
2014-05-20,6.6245,3.7158,2.2344
2014-05-21,6.6472,3.7468,2.3406
2014-05-22,6.7523,3.9087,2.3457
2014-05-23,6.6496,3.7102,2.329
2014-05-27,6.6839,3.7241,2.3418
2014-05-28,6.8466,4.0533,2.6859
2014-05-29,6.9129,4.1896,2.9082
2014-05-30,6.9285,4.2156,3.0642
2014-06-02,6.9491,4.2048,2.7818
2014-06-03,6.8847,4.1262,2.5888
2014-06-04,6.9641,4.1902,2.6698
2014-06-05,6.9752,4.1442,2.7354
2014-06-06,7.2298,4.5906,3.1284
2014-06-09,7.253,4.6432,3.0409
2014-06-10,7.2824,4.747,3.2891
2014-06-11,7.4021,4.9242,3.3005
2014-06-13,7.5416,5.0605,3.51
2014-06-16,7.5544,5.0687,3.4196
2014-06-17,7.6189,5.2199,3.4669
2014-06-18,8.202,6.1154,4.2931
2014-06-20,8.1546,5.9515,4.2511
2014-06-23,8.058,5.8813,4.5144
2014-06-24,8.3047,6.384,5.0866
2014-06-25,8.3364,6.4154,5.4364
2014-06-26,8.5075,6.6379,5.1596
2014-06-27,8.6431,6.8817,5.659
2014-06-30,8.982,7.6348,6.7733
2014-07-01,9.1883,8.037,7.2775
2014-07-02,8.8522,7.3785,6.4719
2014-07-03,9.2189,8.0214,7.0026
2014-07-07,9.3845,8.1543,6.8715
2014-07-08,9.5318,8.334,7.2528
2014-07-10,9.9408,9.1462,7.9273
2014-07-11,9.9839,9.4674,9.1044
2014-07-14,10.1391,9.9462,9.3455
2014-07-15,10.1293,10.1549,9.6261
2014-07-16,9.8621,9.5922,8.8617
2014-07-17,9.8284,9.4041,8.3274
2014-07-18,9.8545,9.556,8.458
2014-07-21,9.978,9.8482,8.7514
2014-07-22,10.0681,10.0509,8.9233
2014-07-23,10.1502,10.2566,8.8898
2014-07-24,10.1538,10.3032,8.787
2014-07-25,10.2877,10.3996,8.843
2014-07-28,10.2104,10.2066,8.4468
2014-07-29,10.127,9.9661,8.3277
2014-07-30,9.9967,9.6279,8.0746
2014-07-31,9.9601,9.5329,7.6545
2014-08-01,9.7454,9.0979,7.4125
2014-08-04,9.7698,9.1547,7.393
2014-08-05,9.5356,8.6785,6.8419
2014-08-06,9.5581,8.6623,6.6577
2014-08-07,9.4371,8.4811,6.3165
2014-08-08,9.2719,8.1732,6.4459
2014-08-11,9.3529,8.2845,6.3139
2014-08-12,9.3813,8.3989,6.4718
2014-08-13,9.2215,8.1396,6.6717
2014-08-14,9.2704,8.1884,6.7448
2014-08-15,9.5286,8.7291,7.2686
2014-08-18,9.7738,9.1196,7.4819
2014-08-19,9.8877,9.3829,7.6548
2014-08-20,9.9017,9.3494,7.6441
2014-08-21,9.8756,9.3535,7.5845
2014-08-22,10.0588,9.708,8.0112
2014-08-25,10.1969,10.0397,8.259
2014-08-26,10.0493,9.7548,8.2451
2014-08-27,10.0489,9.7911,8.3208
2014-08-28,10.0747,9.8457,8.8984
2014-08-29,10.306,10.2619,9.4755
2014-09-02,10.5265,10.6722,10.0561
2014-09-03,10.5007,10.6065,10.2233
2014-09-04,10.5253,10.6831,10.7775
2014-09-05,10.4326,10.6155,10.4277
2014-09-08,10.3589,10.4993,10.7249
2014-09-09,10.086,10.0331,10.3903
2014-09-10,9.85,9.5972,10.1146
2014-09-11,10.0593,9.9548,10.4064
2014-09-12,9.9869,9.8846,10.4653
2014-09-15,10.1488,10.1833,10.615
2014-09-16,10.3701,10.6069,11.0173
2014-09-17,10.3896,10.6355,11.0637
2014-09-18,10.1267,10.0649,10.7613
2014-09-19,10.0884,9.8751,10.4299
2014-09-22,9.9111,9.4185,10.0298
2014-09-23,9.7616,9.0111,9.7551
2014-09-24,9.8223,9.0775,9.8759
2014-09-25,9.7178,8.792,9.33
2014-09-26,9.9293,9.2339,9.6528
2014-09-29,9.6091,8.5899,9.3334
2014-09-30,9.5363,8.4678,9.4197
2014-10-01,9.3651,8.0703,8.9618
2014-10-02,9.3692,8.0767,8.8829
2014-10-03,9.254,7.8267,8.452
2014-10-06,9.5482,8.5027,8.692
2014-10-07,9.6716,8.7514,8.6748
2014-10-08,9.6512,8.7377,9.1321
2014-10-09,9.6373,8.6698,8.7163
2014-10-10,9.4105,8.2092,8.4042
2014-10-13,9.7288,8.8504,8.2956
2014-10-14,9.7192,8.87,8.3767
2014-10-15,9.6676,8.6625,7.9929
2014-10-16,9.4134,8.0459,7.6292
2014-10-17,9.6282,8.4676,7.9436
2014-10-20,9.4891,8.2585,8.0549
2014-10-21,9.2013,7.7208,7.9288
2014-10-22,9.2547,7.8176,8.0065
2014-10-23,9.152,7.5409,8.2162
2014-10-24,9.2307,7.7919,8.4366
2014-10-27,9.2305,7.4022,7.8333
2014-10-28,9.4263,7.8565,8.1472
2014-10-29,9.1602,7.2794,7.8329
2014-10-30,9.0808,7.3297,8.1303
2014-10-31,9.3631,7.7257,8.1545
2014-11-03,9.4321,7.6925,7.9056
2014-11-04,9.4348,7.6795,7.6594
2014-11-05,9.3725,7.5296,7.7374
2014-11-06,9.1666,7.042,7.2007
2014-11-07,9.2759,7.2405,7.0416
2014-11-10,9.2933,7.2279,6.948
2014-11-11,9.3233,7.1276,6.4222
2014-11-12,9.2987,7.0129,6.2898
2014-11-13,9.2077,6.7998,5.974
2014-11-14,9.2543,6.9033,6.0604
2014-11-17,9.1866,6.7953,6.1219
2014-11-18,9.3451,7.106,6.2788
2014-11-19,9.4482,7.2968,6.2139
2014-11-21,9.8745,8.2923,7.0816
2014-11-25,10.0058,8.4751,7.3419
2014-11-26,10.1975,8.7928,7.9559
2014-11-28,10.3216,8.906,7.8424
2014-12-01,9.965,8.2595,7.6808
2014-12-02,9.9062,8.1953,7.6213
2014-12-03,9.7862,8.0547,7.3354
2014-12-04,9.5878,7.566,7.0005
2014-12-05,9.5821,7.5263,6.9987
2014-12-08,9.5934,7.4338,6.8175
2014-12-09,9.5917,7.4316,6.6799
2014-12-10,9.4738,7.1396,6.2199
2014-12-11,9.6146,7.3707,6.3584
2014-12-12,9.3831,6.9261,5.8226
2014-12-15,9.15,6.5138,5.6084
2014-12-16,8.876,5.9915,4.8021
2014-12-17,9.2709,6.9002,5.7103
2014-12-18,9.414,7.3224,6.5863
2014-12-19,9.5562,7.6746,6.891
2014-12-22,9.6009,7.7663,7.1727
2014-12-23,9.7295,7.9147,7.0678
2014-12-26,9.646,7.7967,7.3563
2014-12-29,9.6918,7.8875,7.3407
2014-12-30,9.7031,8.0527,7.7732
2015-01-02,9.6006,7.8373,7.9421
2015-01-05,9.5466,7.6808,7.8771
2015-01-06,9.5581,7.6736,7.5845
2015-01-07,9.7943,8.1309,7.9262
2015-01-08,9.7798,8.1636,8.0904
2015-01-09,9.5806,7.801,8.1583
2015-01-12,9.5284,7.6287,7.7963
2015-01-13,9.5622,7.6888,7.9924
2015-01-14,9.5078,7.5576,7.7128
2015-01-15,9.5539,7.616,7.6041
2015-01-16,9.655,7.9079,8.0248
2015-01-20,9.7022,7.9653,8.1692
2015-01-21,9.8277,8.1884,8.2892
2015-01-22,9.8406,8.3144,8.7088
2015-01-23,9.8665,8.2992,8.4927
2015-01-26,9.8055,8.2569,8.6533
2015-01-27,9.8993,8.4502,8.474
2015-01-28,9.7341,8.122,8.3048
2015-01-29,9.9647,8.4531,8.8147
2015-01-30,9.9023,8.1433,8.3269
2015-02-02,9.9461,8.1581,8.2761
2015-02-03,10.2537,8.822,9.0256
2015-02-04,10.3858,8.965,8.8631
2015-02-05,10.5546,9.2914,9.3676
2015-02-06,10.4955,9.0581,9.3105
2015-02-09,10.7042,9.4259,9.4696
2015-02-10,10.7408,9.5418,10.0606
2015-02-11,10.6974,9.5248,10.2907
2015-02-12,10.8877,9.9745,10.7734
2015-02-13,11.1553,10.5166,11.4489
2015-02-18,11.3781,10.7409,11.2157
2015-02-19,11.3654,10.6675,11.1597
2015-02-20,11.6244,11.2595,12.0214
2015-02-23,11.5242,11.1126,12.0879
2015-02-24,11.5864,11.3685,12.4101
2015-02-25,11.4706,11.0943,12.2345
2015-02-26,11.3821,10.9694,12.0882
2015-02-27,11.4991,11.2107,12.4178
2015-03-02,11.3952,10.8585,12.092
2015-03-03,11.4849,10.9503,11.9295
2015-03-04,11.4709,10.7337,11.3723
2015-03-05,11.3778,10.4664,10.9519
2015-03-06,11.3684,10.3811,10.1449
2015-03-09,11.2373,9.9792,9.9401
2015-03-10,11.0486,9.5305,9.1534
2015-03-11,11.1368,9.5542,8.7481
2015-03-12,11.1385,9.4226,8.4402
2015-03-13,11.2978,9.4518,7.9216
2015-03-16,11.3098,9.4636,7.8414
2015-03-17,11.3618,9.5428,7.5392
2015-03-18,11.5516,10.0094,7.7424
2015-03-19,11.5403,9.7804,7.064
2015-03-20,11.5814,9.9605,7.3628
2015-03-23,11.6278,10.1612,7.4837
2015-03-24,11.7026,10.2996,7.6119
2015-03-25,11.7383,10.2916,7.3937
2015-03-26,11.5477,9.9265,7.2803
2015-03-27,11.5642,10.068,7.7749
2015-03-30,11.8007,10.6025,8.2597
2015-03-31,11.7654,10.5604,8.1372
2015-04-01,11.8357,10.6927,8.2508
2015-04-02,11.8743,10.8244,8.5603
2015-04-06,11.8825,10.8824,8.7569
2015-04-07,11.8552,10.8224,8.6592
2015-04-08,11.7805,10.7756,8.9896
2015-04-09,11.7463,10.6485,8.7646
2015-04-10,11.8754,10.9018,9.0061
2015-04-13,11.7503,10.5027,8.72
2015-04-14,11.6831,10.471,8.8106
2015-04-15,11.7032,10.5308,8.8858
2015-04-16,11.6481,10.4206,8.7428
2015-04-17,11.368,9.8181,8.3125
2015-04-20,11.1851,9.6971,8.3885
2015-04-22,11.355,10.0478,8.7142
2015-04-23,11.3653,10.1028,9.0118
2015-04-24,11.5094,10.3238,8.9477
2015-04-27,11.4771,10.2581,8.8405
2015-04-28,11.551,10.4691,9.3526
2015-04-29,11.5001,10.3753,9.6413
2015-04-30,11.5094,10.3966,9.192
2015-05-04,11.7373,10.8138,9.2083
2015-05-05,11.6596,10.6671,8.9462
2015-05-06,11.4865,10.2548,8.8257
2015-05-07,11.4673,10.1706,8.6208
2015-05-08,11.6133,10.4683,8.9862
2015-05-11,11.6212,10.3952,8.7782
2015-05-12,11.5659,10.3633,8.8676
2015-05-13,11.5727,10.3359,8.8336
2015-05-14,11.6692,10.4871,9.1455
2015-05-15,11.7989,10.7143,9.2218
2015-05-18,11.5183,10.123,8.931
2015-05-19,11.3923,9.925,8.9589
2015-05-20,11.4145,9.8607,9.0957
2015-05-21,11.4354,9.9045,9.1822
2015-05-22,11.5453,10.073,9.3072
2015-05-26,11.6418,9.9617,8.9231
2015-05-27,11.6163,9.9096,8.9783
2015-05-28,11.6474,9.9525,9.009
2015-05-29,11.4212,9.5317,8.8496
2015-06-01,11.5089,9.7361,9.0666
2015-06-02,11.5082,9.8147,9.0049
2015-06-03,11.4896,9.7604,8.9514
2015-06-05,11.5509,9.8566,8.9896
2015-06-08,11.5317,9.7474,8.6148
2015-06-09,11.4049,9.5628,8.6036
2015-06-10,11.5358,9.7534,8.6509
2015-06-11,11.4873,9.7143,8.5175
2015-06-12,11.3689,9.4979,8.3645
2015-06-15,11.3146,9.3151,7.9135
2015-06-16,11.4416,9.5965,7.9807
2015-06-17,11.3908,9.52,8.1995
2015-06-18,11.5046,9.811,8.7081
2015-06-19,11.5006,9.6827,8.4003
2015-06-22,11.601,9.8306,8.4562
2015-06-23,11.4043,9.4006,8.1637
2015-06-24,11.2984,9.1776,8.0711
2015-06-25,11.1871,8.9118,7.8892
2015-06-26,11.2179,9.0263,8.0245
2015-06-29,10.9599,8.6103,7.5202
2015-06-30,11.0143,8.7911,7.8087
2015-07-01,11.0518,8.8794,8.0101
2015-07-02,11.0389,8.8166,7.9413
2015-07-06,11.1478,8.8328,7.8571
2015-07-07,11.2722,9.0489,8.0313
2015-07-08,11.2003,8.8408,7.7558
2015-07-10,11.4677,9.2833,7.9385
2015-07-13,11.515,9.4578,8.2821
2015-07-14,11.6307,9.6473,8.3858
2015-07-15,11.6377,9.6291,8.4268
2015-07-16,11.6981,9.6416,8.351
2015-07-17,11.7165,9.607,8.3568
2015-07-20,11.6319,9.3526,8.2767
2015-07-21,11.5984,9.3699,8.4151
2015-07-22,11.5761,9.2845,8.3562
2015-07-23,11.2165,8.5434,7.8047
2015-07-24,11.0751,8.2568,7.4189
2015-07-27,10.8922,7.8616,7.1113
2015-07-28,11.0029,8.052,7.3031
2015-07-29,11.0794,8.2152,7.3852
2015-07-30,11.2621,8.4359,7.7187
2015-07-31,11.2839,8.3558,7.4649
2015-08-03,11.1133,7.9345,7.1555
2015-08-04,10.9954,7.6507,6.6892
2015-08-05,11.0734,7.7512,6.596
2015-08-06,10.8513,7.2451,5.9169
2015-08-07,10.5615,6.783,5.7335
2015-08-10,10.736,7.2103,6.3225
2015-08-11,10.7958,7.2915,6.2109
2015-08-12,10.7717,7.3185,6.4541
2015-08-13,10.8871,7.5677,6.8285
2015-08-14,10.9351,7.6133,7.0464
2015-08-17,10.8433,7.4228,7.1015
2015-08-18,11.0669,7.7912,7.4919
2015-08-19,10.9071,7.4376,7.2447
2015-08-20,10.9354,7.4679,7.0955
2015-08-21,10.6838,6.9669,6.0868
2015-08-24,10.1931,5.9639,4.9563
2015-08-25,10.2779,6.0066,4.6847
2015-08-26,10.7473,6.9128,5.496
2015-08-27,10.8832,7.3526,6.054
2015-08-28,10.6823,6.8939,5.8239
2015-08-31,10.3946,6.2997,5.1891
2015-09-01,10.0625,5.4898,4.117
2015-09-02,10.0789,5.5705,4.2445
2015-09-03,10.2548,5.845,4.2269
2015-09-04,10.0472,5.3902,3.5698
2015-09-08,10.0692,5.4278,4.1123
2015-09-09,10.0707,5.3063,3.7288
2015-09-10,9.8349,4.704,3.0806
2015-09-11,9.9717,4.849,3.0081
2015-09-14,10.022,4.8649,2.8006
2015-09-15,9.9233,4.7162,2.8935
2015-09-16,10.0966,5.0807,3.1441
2015-09-17,10.2114,5.244,3.1099
2015-09-18,9.8838,4.5665,2.2614
2015-09-21,9.968,4.7306,2.3734
2015-09-22,10.0326,4.6944,2.0785
2015-09-23,9.8342,4.1564,1.3531
2015-09-24,10.1032,4.4646,1.4837
2015-09-25,10.2084,4.8815,2.1056
2015-09-28,9.6381,3.8038,0.7997
2015-09-29,9.6667,3.7973,0.9165
2015-09-30,9.9289,4.3757,1.6879
2015-10-01,10.093,4.6297,1.8001
2015-10-02,10.5686,5.5395,2.6051
2015-10-05,10.7985,6.0929,3.3395
2015-10-06,10.8209,6.1863,3.4056
2015-10-07,10.7635,6.1304,3.1742
2015-10-08,10.9589,6.6166,3.9601
2015-10-09,10.7156,6.0878,3.425
2015-10-13,10.8605,6.3325,3.6611
2015-10-14,10.7995,6.2163,3.5433
2015-10-15,11.1219,6.9047,4.3413
2015-10-16,11.1151,6.8314,4.3751
2015-10-19,10.9949,6.5537,4.1228
2015-10-20,10.7785,5.9748,3.936
2015-10-21,10.7612,5.8495,3.8043
2015-10-22,11.042,6.2389,3.9527
2015-10-23,11.0573,6.2823,4.4641
2015-10-26,11.3243,6.7633,4.8224
2015-10-27,11.1465,6.3536,5.0592
2015-10-28,11.1104,6.2709,5.183
2015-10-29,11.2013,6.5303,5.6615
2015-10-30,11.4092,6.971,5.743
2015-11-03,11.4996,7.1832,5.8677
2015-11-04,11.7288,7.5788,5.9528
2015-11-05,11.9454,7.9767,5.7764
2015-11-06,11.873,7.8333,5.9974
2015-11-09,11.9354,7.9339,5.6948
2015-11-10,11.8425,7.6491,5.5076
2015-11-11,12.0503,8.2197,5.873
2015-11-12,11.8053,7.6062,5.1327
2015-11-13,11.9395,7.8273,5.034
2015-11-16,12.0613,7.9498,5.4728
2015-11-17,11.7559,7.4209,5.2037
2015-11-18,11.886,7.7612,5.7408
2015-11-19,12.0357,8.1143,6.2706
2015-11-23,12.1467,8.2764,6.3222
2015-11-24,12.1522,8.501,6.5506
2015-11-25,11.898,7.9826,6.3516
2015-11-27,11.6644,7.5721,5.9165
2015-11-30,11.6805,7.624,6.2166
2015-12-01,11.6851,7.6726,6.5712
2015-12-02,11.8493,8.0223,6.8882
2015-12-03,11.8363,8.0236,6.278
2015-12-04,11.8592,8.0881,6.7841
2015-12-07,11.8019,7.8695,6.5977
2015-12-08,11.6177,7.4248,6.4919
2015-12-09,11.4644,7.024,5.8779
2015-12-10,11.293,6.705,5.3439
2015-12-11,11.2801,6.511,4.599
2015-12-14,11.1669,6.3419,4.567
2015-12-15,11.5254,7.0974,5.194
2015-12-16,11.5383,6.8192,3.8897
2015-12-17,11.632,7.0101,4.3756
2015-12-18,11.5253,6.7533,4.0577
2015-12-21,11.4071,6.4141,3.9601
2015-12-22,11.6746,7.0358,4.6469
2015-12-23,11.8553,7.3951,5.1258
2015-12-28,11.9639,7.6475,5.6834
2015-12-29,11.9925,7.6896,5.9241
2015-12-30,12.2498,8.1241,6.1452
2016-01-04,12.3518,8.0895,5.7391
2016-01-05,12.6166,8.6372,6.6084
2016-01-06,12.4173,8.0492,5.9659
2016-01-07,12.2318,7.3666,4.4671
2016-01-08,12.0291,6.9038,3.9099
2016-01-11,11.8504,6.5159,3.6593
2016-01-12,11.713,6.289,3.8344
2016-01-13,11.6359,6.0406,3.026
2016-01-14,11.63,5.9801,2.8274
2016-01-15,11.5656,5.6723,2.1644
2016-01-19,11.6672,5.7539,2.0092
2016-01-20,11.7161,5.7261,1.6368
2016-01-21,11.9716,5.9414,2.0607
2016-01-22,11.8983,5.794,2.1383
2016-01-26,11.794,5.5025,1.7054
2016-01-27,11.895,5.7452,1.261
2016-01-28,12.1159,6.2393,1.7243
2016-01-29,12.3208,6.9645,2.7004
2016-02-01,12.4612,7.3005,3.1108
2016-02-02,12.0092,6.3642,2.4097
2016-02-03,11.957,6.3251,2.4055
2016-02-04,11.9704,6.6007,2.1996
2016-02-05,11.8839,6.1915,1.7064
2016-02-10,11.8965,6.0475,1.1851
2016-02-11,11.7575,5.6879,0.7989
2016-02-12,11.9808,6.0519,1.1908
2016-02-16,12.4432,6.803,2.0459
2016-02-17,12.6904,7.4251,2.8193
2016-02-18,12.5313,7.1794,2.3941
2016-02-19,12.6074,7.5607,2.984
2016-02-22,12.6519,7.897,3.3245
2016-02-23,12.3387,7.1617,2.5218
2016-02-24,12.2886,7.204,3.1435
2016-02-25,12.2762,7.198,3.2945
2016-02-26,12.2309,7.2481,3.5082
2016-02-29,12.4147,7.6092,3.7488
2016-03-01,12.7762,8.3532,4.3632
2016-03-02,12.9807,8.8285,4.8979
2016-03-03,12.9949,8.9703,4.8077
2016-03-04,13.0747,9.3555,5.3763
2016-03-07,12.9177,9.139,5.2645
2016-03-08,12.9018,9.1702,5.2814
2016-03-09,12.9255,9.3473,5.8043
2016-03-10,13.0458,9.5571,5.8803
2016-03-11,13.0971,9.599,6.1997
2016-03-14,12.974,9.481,6.4856
2016-03-15,12.6938,8.8506,5.9646
2016-03-16,12.6852,8.8792,5.8895
2016-03-17,13.1665,10.0463,6.8129
2016-03-18,13.1719,10.1664,7.4108
2016-03-21,13.282,10.4968,7.6918
2016-03-22,13.3779,10.7936,8.2703
2016-03-23,13.1317,10.5619,8.491
2016-03-24,13.0872,10.6697,8.513
2016-03-28,13.4537,11.486,9.5055
2016-03-29,13.3948,11.5683,10.0205
2016-03-30,13.2703,11.4804,9.917
2016-03-31,12.9109,11.0542,10.002
2016-04-01,13.0263,11.2803,10.2385
2016-04-04,12.5187,10.2369,9.6884
2016-04-05,12.4327,9.8762,9.0425
2016-04-06,12.3616,9.9047,9.5358
2016-04-07,12.2626,9.5962,8.9076
2016-04-08,12.6028,10.3024,9.4376
2016-04-11,12.6968,10.493,9.6459
2016-04-12,12.88,10.9835,10.3026
2016-04-13,13.3128,11.8991,11.0549
2016-04-14,13.2777,11.8737,11.0329
2016-04-15,13.2846,11.8269,10.9833
2016-04-18,13.3531,11.9193,11.2592
2016-04-19,13.2578,11.6981,11.0618
2016-04-20,13.1975,11.5784,11.0803
2016-04-22,13.0395,11.2042,10.7285
2016-04-25,12.9733,11.0775,10.8609
2016-04-26,13.1074,11.2898,10.8222
2016-04-27,13.3483,11.7821,11.1425
2016-04-28,13.1352,11.3925,10.7265
2016-04-29,13.2466,11.588,11.0942
2016-05-02,13.2518,11.5927,11.2401
2016-05-03,12.9664,10.9476,10.6215
2016-05-04,13.058,10.9937,10.3191
2016-05-05,13.1342,11.1793,10.7964
2016-05-06,13.335,11.3711,10.8316
2016-05-09,13.1699,10.9225,10.4472
2016-05-10,13.4758,11.4949,10.9952
2016-05-11,13.5013,11.4381,10.977
2016-05-12,13.719,11.8554,11.2787
2016-05-13,13.5339,11.4938,11.2022
2016-05-16,13.5431,11.5734,11.4522
2016-05-17,13.4143,11.2561,11.4646
2016-05-18,13.1471,10.7483,11.0283
2016-05-19,13.076,10.5994,11.0249
2016-05-20,13.1603,10.8433,11.3181
2016-05-23,13.0244,10.5882,11.013
2016-05-24,12.9334,10.4336,10.9136
2016-05-25,12.8887,10.4262,11.1
2016-05-27,12.8854,10.3989,11.1572
2016-05-31,12.9226,10.4672,11.3762
2016-06-01,12.8889,10.4494,11.2203
2016-06-02,12.9387,10.5502,11.2424
2016-06-03,13.2188,11.0633,11.4156
2016-06-06,13.344,11.3247,11.821
2016-06-07,13.3169,11.2709,11.5522
2016-06-08,13.4596,11.5773,11.8048
2016-06-09,13.3978,11.4505,11.6654
2016-06-10,13.1385,11.1023,11.7256
2016-06-13,13.0796,10.9274,11.3145
2016-06-14,12.9372,10.6081,11.0565
2016-06-15,13.1053,10.9131,11.119
2016-06-16,13.1012,10.9411,11.0927
2016-06-17,13.098,10.8729,11.1032
2016-06-20,13.2756,11.235,11.2246
2016-06-21,13.4188,11.5901,11.5264
2016-06-22,13.3436,11.4695,11.5769
2016-06-23,13.555,11.8918,11.8603
2016-06-24,13.2258,11.1963,10.9524
2016-06-27,13.2546,11.1739,10.7974
2016-06-28,13.2959,11.4853,11.3113
2016-06-29,13.3522,11.7899,11.7568
2016-06-30,13.3623,11.8252,11.8507
2016-07-01,13.5702,12.1246,11.921
2016-07-05,13.4015,11.679,11.3688
2016-07-06,13.4041,11.7626,11.5627
2016-07-07,13.3318,11.6371,11.3297
2016-07-08,13.5136,12.1314,11.9791
2016-07-11,13.6521,12.3988,12.2075
2016-07-12,13.7833,12.664,12.4536
2016-07-13,13.769,12.5818,12.4392
2016-07-14,14.0957,13.2117,13.0877
2016-07-15,14.1688,13.2637,13.0881
2016-07-18,14.2742,13.5091,13.1646
2016-07-19,14.1968,13.4096,13.1956
2016-07-20,14.1873,13.6448,13.6218
2016-07-21,14.0383,13.4206,13.3441
2016-07-22,14.1386,13.7008,13.841
2016-07-25,13.9362,13.3496,13.5006
2016-07-26,13.8656,13.1638,13.1817
2016-07-27,13.8592,13.1565,13.1957
2016-07-28,13.844,13.1259,13.1354
2016-07-29,13.832,13.1932,13.0773
2016-08-01,13.8188,13.2061,13.0733
2016-08-02,13.7069,13.0451,12.8901
2016-08-03,13.8471,13.2435,12.9286
2016-08-04,14.0351,13.6238,13.2564
2016-08-05,14.427,14.4139,14.1511
2016-08-08,14.5526,14.6336,14.5102
2016-08-09,14.6939,14.8715,14.6647
2016-08-10,14.5578,14.5155,14.4181
2016-08-11,14.6436,14.613,14.2708
2016-08-12,14.4511,14.4167,14.125
2016-08-15,14.3258,14.2975,14.1683
2016-08-16,14.3806,14.4467,14.2068
2016-08-17,14.4249,14.5292,14.1771
2016-08-18,14.3915,14.5136,14.3042
2016-08-19,14.7041,15.1205,15.2023
2016-08-22,14.828,15.3078,15.3502
2016-08-23,14.7128,14.9895,14.8841
2016-08-24,14.6653,14.9347,14.9336
2016-08-25,14.7082,14.9896,14.793
2016-08-26,14.6323,14.9445,14.7915
2016-08-29,14.8317,15.3238,14.9735
2016-08-30,14.8166,15.3131,14.8099
2016-08-31,14.7462,15.2434,15.0229
2016-09-01,14.9318,15.6091,15.2275
2016-09-02,15.1882,16.1437,15.9432
2016-09-06,15.5441,16.7762,16.7292
2016-09-08,15.9022,17.5495,17.7774
2016-09-09,15.4853,16.8256,17.3834
2016-09-12,15.2589,16.3491,16.7752
2016-09-13,14.77,15.1872,15.5244
2016-09-14,14.8488,15.3795,15.6105
2016-09-15,15.1811,16.0604,16.3091
2016-09-16,15.3674,16.5421,17.1782
2016-09-19,15.3743,16.5197,17.2368
2016-09-20,15.2703,16.3514,17.1991
2016-09-21,15.6161,17.14,18.1799
2016-09-22,15.5837,17.1276,17.925
2016-09-23,15.5441,17.1966,18.3425
2016-09-26,15.5626,17.3218,18.6274
2016-09-27,15.5926,17.5122,18.9872
2016-09-28,15.5315,17.4581,19.1068
2016-09-29,15.3383,17.0575,18.6254
2016-09-30,15.2359,16.8867,18.7654
2016-10-03,15.4559,17.3005,18.9543
2016-10-04,15.7212,17.8225,19.4877
2016-10-05,16.0255,18.4152,19.9462
2016-10-06,16.1436,18.7788,20.4991
2016-10-07,16.4108,19.4988,21.2017
2016-10-10,16.1257,19.2274,21.1113
2016-10-11,16.1912,19.0738,20.5414
2016-10-13,16.6691,19.9347,21.6925
2016-10-14,16.5685,19.7806,21.4356
2016-10-17,16.375,19.335,20.6031
2016-10-18,16.4219,19.5239,20.7421
2016-10-19,16.0188,18.8392,20.3106
2016-10-20,15.9545,18.7031,19.9784
2016-10-21,15.9171,18.605,19.894
2016-10-24,15.9336,18.6043,20.1002
2016-10-25,15.7596,18.2847,19.645
2016-10-26,15.7861,18.3895,19.8416
2016-10-27,16.0514,18.9978,20.175
2016-10-28,16.1449,19.1748,20.2844
2016-10-31,16.0891,19.0191,19.9601
2016-11-01,15.8555,18.5857,19.7405
2016-11-03,15.6564,18.1333,19.344
2016-11-04,15.715,18.2304,19.3526
2016-11-07,15.9959,18.8812,19.9844
2016-11-08,15.7538,18.5636,19.6307
2016-11-09,15.5683,18.2814,19.481
2016-11-10,15.0702,17.4715,18.887
2016-11-11,14.7333,16.8884,18.5572
2016-11-14,14.5597,16.6084,17.8727
2016-11-16,14.975,17.3716,18.1571
2016-11-17,14.8944,17.2061,18.3563
2016-11-18,14.6969,16.6173,17.6863
2016-11-21,14.9126,17.0099,17.9076
2016-11-22,15.057,17.2259,18.1353
2016-11-23,15.1497,17.4184,18.0102
2016-11-25,15.1235,17.4604,18.2176
2016-11-28,15.2189,17.6735,18.1461
2016-11-29,14.9591,17.1957,18.2378
2016-11-30,15.1451,17.5543,18.5871
2016-12-01,14.7075,16.8515,18.3689
2016-12-02,14.6641,16.6905,17.8328
2016-12-05,14.7695,16.7947,18.0735
2016-12-06,14.79,16.8403,17.8143
2016-12-07,14.7201,16.7088,17.8452
2016-12-08,14.6951,16.6895,17.9531
2016-12-09,14.7789,16.8024,18.2187
2016-12-12,14.8872,17.0393,18.5298
2016-12-13,15.1417,17.5179,18.9677
2016-12-14,15.1135,17.4549,18.8403
2016-12-15,15.1414,17.4624,18.7786
2016-12-16,15.1631,17.4937,18.7704
2016-12-19,15.0775,17.2972,19.4228
2016-12-20,15.1981,17.525,19.1202
2016-12-21,15.25,17.7488,19.4767
2016-12-22,15.3171,17.9215,19.62
2016-12-23,15.1903,17.6727,19.6223
2016-12-27,15.4451,18.1553,20.0365
2016-12-28,15.5806,18.4954,20.3559
2016-12-29,15.7276,18.7705,20.4443
2017-01-03,16.0251,19.207,20.6169
2017-01-04,16.0348,19.5225,21.9393
2017-01-05,16.0124,19.4314,21.6518
2017-01-06,16.0733,19.7655,22.1433
2017-01-09,16.0894,19.9259,22.0455
2017-01-10,16.0971,19.9617,21.9788
2017-01-11,15.9641,19.7321,21.6777
2017-01-12,16.3758,20.4048,21.9562
2017-01-13,16.309,20.3342,21.9465
2017-01-17,16.4244,20.6617,22.4198
2017-01-18,16.4781,20.9997,23.1202
2017-01-19,16.3471,20.8019,23.0014
2017-01-20,16.4218,21.061,23.2285
2017-01-23,16.6584,21.7792,24.119
2017-01-24,16.7509,21.9822,24.5587
2017-01-26,16.8958,22.2551,24.7465
2017-01-27,16.922,22.3043,24.5319
2017-01-30,16.8344,22.265,25.0042
2017-01-31,16.7968,22.3114,25.283
2017-02-01,16.9695,22.7688,25.8876
2017-02-02,16.9249,22.9297,26.1893
2017-02-03,17.0518,23.4263,27.1358
2017-02-06,16.6865,22.9807,26.8453
2017-02-07,16.6293,22.859,26.5869
2017-02-08,16.7807,23.1479,26.7743
2017-02-09,16.8609,23.1904,27.3461
2017-02-10,16.9037,23.205,27.1796
2017-02-13,16.7496,22.6645,26.4368
2017-02-14,16.6486,22.4633,26.3569
2017-02-15,17.1175,23.4814,27.0863
2017-02-16,16.8813,22.9506,26.4617
2017-02-17,16.9393,22.9335,26.8061
2017-02-21,17.0992,23.4302,27.57
2017-02-22,17.0817,23.4841,27.941
2017-02-23,17.2468,23.89,28.5391
2017-02-24,16.993,23.481,28.3802
2017-03-01,16.7138,23.0934,28.249
2017-03-02,16.4668,22.4795,27.5642
2017-03-03,16.6883,22.9131,28.0487
2017-03-06,16.6269,22.7139,27.7747
2017-03-07,16.419,22.1012,27.3089
2017-03-08,16.3965,22.1163,27.4932
2017-03-09,16.3359,21.9584,27.0241
2017-03-10,16.4296,22.2158,27.1268
2017-03-13,16.5499,22.4313,27.0754
2017-03-14,16.2159,21.8045,26.8894
2017-03-15,16.1467,21.6442,26.5823
2017-03-16,16.0074,21.2843,26.2789
2017-03-17,15.6945,20.4293,25.8233
2017-03-20,15.4953,19.8436,25.0967
2017-03-21,15.4047,19.5902,24.9485
2017-03-22,15.3975,19.6023,25.0384
2017-03-23,15.3685,19.4327,24.4545
2017-03-24,15.3291,19.3128,24.3552
2017-03-27,15.2384,19.0948,23.65
2017-03-28,15.3252,19.2468,23.5344
2017-03-29,15.6364,19.9426,23.8951
2017-03-30,15.4881,19.766,23.9895
2017-03-31,15.0184,18.7274,23.2287
2017-04-03,14.9673,18.5613,22.5837
2017-04-04,14.9814,18.6125,22.7055
2017-04-05,14.8021,18.1868,22.1385
2017-04-06,14.9245,18.3912,22.285
2017-04-07,15.1423,18.7315,22.6013
2017-04-10,14.9709,18.3359,22.213
2017-04-11,14.8589,17.993,21.6657
2017-04-12,14.8748,17.9339,21.5855
2017-04-13,14.9963,18.084,21.5047
2017-04-17,14.9926,18.1077,21.3637
2017-04-18,15.3309,18.7332,21.7576
2017-04-19,15.1914,18.5251,21.8984
2017-04-20,15.344,18.822,21.8554
2017-04-24,15.426,19.0558,22.4743
2017-04-25,15.1347,18.376,21.8295
2017-04-26,15.0925,18.2798,21.7797
2017-04-27,14.834,17.6944,21.341
2017-04-28,14.6519,17.3093,20.8568
2017-05-02,14.8656,17.702,20.939
2017-05-03,14.6741,17.3166,20.6797
2017-05-04,14.4563,16.8987,20.1862
2017-05-05,14.4912,17.0238,20.4445
2017-05-08,14.4734,16.9562,20.2994
2017-05-09,14.6556,17.3153,20.4748
2017-05-10,14.8529,17.6596,20.4207
2017-05-11,14.8051,17.4601,20.1953
2017-05-12,14.6567,17.1718,20.0398
2017-05-15,14.844,17.5229,20.5178
2017-05-16,14.8115,17.5187,20.4542
2017-05-17,14.6812,17.1809,19.7903
2017-05-18,12.9836,14.3948,17.4669
2017-05-19,13.3791,15.1724,18.6532
2017-05-22,13.1656,14.7884,18.1765
2017-05-23,13.422,15.2829,18.5493
2017-05-24,13.6997,15.9751,19.3191
2017-05-25,13.3328,15.2105,18.6721
2017-05-26,13.4272,15.496,19.0067
2017-05-30,13.2942,15.2453,18.7339
2017-05-31,13.3982,15.4373,18.8699
2017-06-01,13.233,15.2219,18.7118
2017-06-02,13.3581,15.5619,19.0673
2017-06-05,13.3915,15.6505,19.0077
2017-06-06,13.537,15.9375,19.2413
2017-06-07,13.5441,15.9062,18.9842
2017-06-08,13.6718,16.1132,19.174
2017-06-09,13.6623,16.0842,19.0668
2017-06-12,13.6179,15.9899,18.928
2017-06-13,13.6737,16.119,18.9192
2017-06-14,13.6716,16.1718,18.8013
2017-06-16,13.596,16.0407,18.7669
2017-06-19,13.5242,15.9334,18.8452
2017-06-20,13.1734,15.2626,18.4241
2017-06-21,13.1669,15.1765,18.1277
2017-06-22,13.2043,15.3246,18.3545
2017-06-23,12.9778,14.845,17.8781
2017-06-26,13.12,15.1755,17.9478
2017-06-27,13.2743,15.4989,17.9534
2017-06-28,13.3451,15.6808,18.3447
2017-06-29,13.4321,15.9289,18.3763
2017-06-30,13.5456,16.1496,18.6435
2017-07-03,13.5989,16.2354,18.7687
2017-07-05,13.5824,16.1012,18.5602
2017-07-06,13.4034,15.7256,18.1926
2017-07-07,13.2801,15.4577,18.0669
2017-07-10,13.4267,15.7808,18.2161
2017-07-11,13.3164,15.5073,17.8655
2017-07-12,13.7114,16.4168,19.1075
2017-07-13,13.7363,16.5251,19.2055
2017-07-14,13.8048,16.4445,18.998
2017-07-17,13.8156,16.293,18.7478
2017-07-18,13.7719,16.1547,18.5076
2017-07-19,13.6708,16.0021,18.5044
2017-07-20,13.7808,16.1599,18.6419
2017-07-21,13.7965,16.1706,18.673
2017-07-24,13.7559,16.1299,18.5654
2017-07-25,13.541,15.6368,17.8416
2017-07-26,13.3505,15.3028,17.7571
2017-07-27,13.5642,15.5725,17.9839
2017-07-28,13.5717,15.5153,17.8959
2017-07-31,13.4856,15.336,17.6807
2017-08-01,13.4991,15.3279,17.4851
2017-08-02,13.4482,15.2207,17.3233
2017-08-03,13.4495,15.1624,17.2102
2017-08-04,13.4065,15.0581,16.9439
2017-08-07,13.5115,15.2573,17.0341
2017-08-08,13.454,15.0908,16.6967
2017-08-09,13.3953,14.9738,16.5271
2017-08-10,13.2714,14.7151,16.1717
2017-08-11,13.2901,14.7754,16.2031
2017-08-14,13.3757,14.9791,16.292
2017-08-15,13.2976,14.7884,16.1094
2017-08-16,13.3525,14.9278,16.2178
2017-08-17,13.2657,14.7609,15.7681
2017-08-18,13.2533,14.7486,15.7231
2017-08-21,13.0837,14.4519,15.5022
2017-08-22,13.1179,14.5562,15.4318
2017-08-23,13.2138,14.7508,15.5011
2017-08-24,13.2406,14.833,15.5428
2017-08-25,13.2651,14.973,15.648
2017-08-28,13.1168,14.7511,15.7621
2017-08-29,13.1157,14.7744,15.7002
2017-08-30,13.031,14.5743,15.7292
2017-08-31,13.1469,14.7801,16.0741
2017-09-01,13.2224,14.9953,16.4891
2017-09-05,13.3341,15.2189,16.6716
2017-09-06,13.445,15.4944,16.8712
2017-09-08,13.6017,15.8702,17.3189
2017-09-11,13.6465,16.0713,17.6608
2017-09-12,13.6552,16.1088,17.5864
2017-09-13,13.6799,16.1779,17.6734
2017-09-14,13.8099,16.3765,17.8623
2017-09-15,13.7601,16.3102,17.8342
2017-09-18,13.8357,16.4979,18.1596
2017-09-19,13.8614,16.5683,18.1219
2017-09-20,13.785,16.5383,18.3718
2017-09-21,13.599,16.1307,17.999
2017-09-22,13.4947,16.0125,18.0939
2017-09-25,13.3642,15.7106,17.8426
2017-09-26,13.7783,16.5075,18.6708
2017-09-27,13.5981,16.1518,18.3783
2017-09-28,13.8711,16.7586,18.9927
2017-09-29,13.9091,16.8602,19.0758
2017-10-02,13.7771,16.6248,18.9564
2017-10-03,13.9875,17.0876,19.1035
2017-10-04,13.9217,16.9747,19.0265
2017-10-05,13.8099,16.7966,18.9894
2017-10-06,13.687,16.4681,18.6228
2017-10-09,13.47,16.0241,18.1457
2017-10-10,13.6189,16.2736,18.1658
2017-10-11,13.6981,16.4598,18.4446
2017-10-13,13.5987,16.2349,18.0129
2017-10-16,13.4063,15.8959,17.7609
2017-10-17,13.487,16.0908,17.9743
2017-10-18,13.4783,16.0428,17.6702
2017-10-19,13.2478,15.6898,17.6573
2017-10-20,13.3167,15.7504,17.5436
2017-10-23,13.0165,15.1941,17.1626
2017-10-24,13.0384,15.2493,17.2042
2017-10-25,13.0329,15.2239,17.2333
2017-10-26,12.7669,14.7443,16.8685
2017-10-27,12.8662,15.043,17.432
2017-10-30,12.6771,14.7723,17.4284
2017-10-31,12.5785,14.5731,17.3631
2017-11-01,12.3729,14.2134,17.1951
2017-11-03,12.1485,13.7499,16.6707
2017-11-06,12.1815,13.8176,16.6254
2017-11-07,11.9727,13.3972,16.5208
2017-11-08,12.1922,13.8188,16.7173
2017-11-09,11.9586,13.4105,16.3898
2017-11-10,11.8657,13.2434,16.2283
2017-11-13,11.9206,13.3379,16.2459
2017-11-14,11.7089,12.9421,16.1229
2017-11-16,11.8954,13.2787,16.1825
2017-11-17,11.9231,13.3377,16.1434
2017-11-21,12.3081,14.0669,16.6255
2017-11-22,12.4408,14.429,17.0126
2017-11-24,12.4061,14.3765,17.0657
2017-11-27,12.061,13.6844,16.459
2017-11-28,12.0338,13.6955,16.6397
2017-11-29,11.9867,13.6116,16.458
2017-11-30,12.375,14.3151,17.1088
2017-12-01,12.6329,14.8034,17.2276
2017-12-04,12.9549,15.3383,17.7728
2017-12-05,12.6437,14.7611,17.3731
2017-12-06,12.7479,15.0299,17.3345
2017-12-07,12.5487,14.7507,17.2835
2017-12-08,12.2812,14.4066,17.2514
2017-12-11,12.1159,14.1198,16.9342
2017-12-12,12.1289,14.212,16.9776
2017-12-13,12.1428,14.2994,17.124
2017-12-14,11.8916,13.8396,16.8839
2017-12-15,12.0503,14.1822,16.9995
2017-12-18,11.9738,14.0328,16.9962
2017-12-19,12.3949,14.7565,17.3787
2017-12-20,12.4318,14.8161,17.3728
2017-12-21,12.4168,14.9032,17.1547
2017-12-22,12.2851,14.6628,17.004
2017-12-26,12.3099,14.6853,16.932
2017-12-27,12.2798,14.7133,16.9011
2017-12-28,12.385,14.8308,16.842
2018-01-02,12.7532,15.518,17.215
2018-01-03,12.8352,15.6832,17.5324
2018-01-04,12.981,16.0097,17.776
2018-01-05,12.9298,15.9674,17.6979
2018-01-08,12.8686,15.9255,17.691
2018-01-09,12.8803,15.9852,17.6102
2018-01-10,12.7903,15.7613,17.4741
2018-01-11,12.8073,15.7933,17.3883
2018-01-12,12.8203,15.8767,17.5854
2018-01-16,12.8456,15.8763,17.6484
2018-01-17,12.8028,15.8562,17.6234
2018-01-18,12.6556,15.6661,17.8238
2018-01-19,12.6219,15.6256,17.8425
2018-01-22,12.3043,15.1452,17.5153
2018-01-23,12.237,15.0641,17.4475
2018-01-24,12.4876,15.5095,17.5816
2018-01-26,12.7771,16.0325,17.9781
2018-01-29,12.6817,15.8355,17.8533
2018-01-30,12.5679,15.5415,17.3973
2018-01-31,12.6116,15.606,17.455
2018-02-01,12.2499,15.0032,16.8852
2018-02-02,12.05,14.5856,16.1328
2018-02-05,11.6328,13.7501,15.0136
2018-02-06,11.8052,14.1631,15.3629
2018-02-07,11.675,13.9265,15.2179
2018-02-08,11.3642,13.3146,14.264
2018-02-09,11.1776,13.0085,14.4323
2018-02-14,11.4882,13.6268,15.0319
2018-02-15,11.5384,13.785,15.2896
2018-02-16,11.5806,13.8687,15.3931
2018-02-20,11.8973,14.4359,15.5205
2018-02-21,11.9254,14.3961,15.3386
2018-02-22,11.9093,14.4078,15.3428
2018-02-23,11.9882,14.5754,15.5918
2018-02-26,11.9529,14.5005,15.5591
2018-02-27,11.9417,14.4677,15.279
2018-02-28,11.7919,14.193,15.1882
2018-03-01,11.5865,13.8395,14.6816
2018-03-02,11.5955,13.8709,14.6006
2018-03-05,11.5005,13.7476,14.7567
2018-03-06,11.3839,13.4972,14.5296
2018-03-07,11.3615,13.4285,14.2715
2018-03-08,11.208,13.1361,14.2521
2018-03-09,11.4378,13.597,14.817
2018-03-12,11.4418,13.5869,14.6424
2018-03-13,11.1798,13.1249,14.2402
2018-03-14,11.1497,13.0227,13.9007
2018-03-15,11.0297,12.8672,13.7328
2018-03-16,11.1278,13.0159,13.5739
2018-03-19,10.8695,12.5492,12.9188
2018-03-20,10.9633,12.8403,13.2138
2018-03-21,10.8514,12.6412,12.9187
2018-03-22,10.9848,12.7248,12.6761
2018-03-23,10.9787,12.659,12.2826
2018-03-26,11.2367,13.2798,13.2088
2018-03-27,11.0988,13.0572,12.9559
2018-03-28,10.9503,12.7638,12.576
2018-03-29,11.017,12.9194,12.9277
2018-04-02,11.0118,12.9121,12.5979
2018-04-03,10.7981,12.5408,12.538
2018-04-04,10.7844,12.5744,12.656
2018-04-05,11.0123,13.0413,12.849
2018-04-06,10.8985,12.7815,12.5267
2018-04-09,10.9283,12.8807,12.7168
2018-04-10,10.9944,13.0359,12.9188
2018-04-11,11.0529,13.1692,12.9684
2018-04-12,10.9834,13.0956,13.0438
2018-04-13,10.8012,12.8361,13.1001
2018-04-16,10.6919,12.6549,13.1807
2018-04-17,10.7124,12.7531,13.4756
2018-04-18,10.921,13.0357,13.3077
2018-04-19,10.905,12.9998,13.0969
2018-04-20,10.8587,12.9281,13.1074
2018-04-23,10.7577,12.6985,12.8572
2018-04-24,10.7811,12.7551,12.6201
2018-04-25,10.8564,12.8589,12.5385
2018-04-26,10.8934,12.991,12.7482
2018-04-27,10.8388,12.9265,12.7581
2018-04-30,10.8176,12.9031,12.7057
2018-05-02,10.7355,12.7381,12.5319
2018-05-03,10.7522,12.8071,12.6653
2018-05-04,10.5899,12.5216,12.724
2018-05-07,10.4685,12.3194,12.5025
2018-05-08,10.4746,12.3788,12.3962
2018-05-09,10.4945,12.4039,12.2702
2018-05-10,10.5803,12.604,12.393
2018-05-11,10.4601,12.4374,12.4463
2018-05-14,10.3856,12.3576,12.3065
2018-05-15,10.3565,12.2986,12.0741
2018-05-16,10.3219,12.2123,11.7807
2018-05-17,9.7551,11.232,11.2154
2018-05-18,9.564,10.9141,10.6754
2018-05-21,9.6449,11.0673,10.8683
2018-05-22,9.6642,10.9066,10.2779
2018-05-23,9.4317,10.6498,10.4242
2018-05-24,9.1708,10.1566,9.9953
2018-05-25,8.8393,9.5714,9.6699
2018-05-29,8.4031,8.7529,9.1372
2018-05-30,8.4552,8.8233,9.3702
2018-06-01,8.4882,8.8249,9.1983
2018-06-04,8.5393,8.9159,9.1438
2018-06-05,8.3821,8.6899,9.2151
2018-06-06,10.1113,11.6409,11.7051
2018-06-07,9.1068,10.0405,10.0456
2018-06-08,9.3401,10.4482,10.3859
2018-06-11,9.047,9.8024,9.8001
2018-06-12,8.9169,9.421,9.2129
2018-06-13,8.7828,9.1345,8.773
2018-06-14,8.3179,8.3058,7.9523
2018-06-15,8.4168,8.3325,7.9275
2018-06-18,8.4049,8.2771,7.6288
2018-06-19,8.771,8.8058,7.5387
2018-06-20,8.8029,8.8565,7.4276
2018-06-21,8.6735,8.586,7.5028
2018-06-22,8.5928,8.477,7.4549
2018-06-25,8.6407,8.4994,7.2316
2018-06-26,8.7845,8.8544,7.6933
2018-06-27,8.6335,8.563,7.2758
2018-06-28,8.8761,9.0176,7.6503
2018-06-29,9.0177,9.3152,7.9564
2018-07-02,9.0385,9.3602,8.0594
2018-07-03,9.0573,9.3703,7.8925
2018-07-05,9.047,9.3304,7.7872
2018-07-06,9.3091,9.9347,8.4609
2018-07-10,9.3396,10.0256,8.7173
2018-07-11,9.2092,9.7927,8.5353
2018-07-12,9.2767,9.9301,8.4596
2018-07-13,9.2697,9.9088,8.5833
2018-07-16,9.3465,10.0603,8.6926
2018-07-17,9.4097,10.2201,8.7913
2018-07-18,9.3544,10.1294,8.9756
2018-07-19,9.2472,9.907,8.7004
2018-07-20,9.3025,10.0357,8.781
2018-07-23,9.2323,10.0044,8.9702
2018-07-24,9.4031,10.356,9.2652
2018-07-25,9.5698,10.6914,9.5309
2018-07-26,9.3779,10.3148,9.2555
2018-07-27,9.3028,10.1883,9.1381
2018-07-30,9.1237,9.8013,8.5458
2018-07-31,9.0232,9.6845,8.8244
2018-08-01,8.9421,9.4817,8.4399
2018-08-02,8.9456,9.5228,8.5035
2018-08-03,9.0724,9.7851,8.6315
2018-08-06,8.9696,9.6479,8.4982
2018-08-07,8.7784,9.4083,8.4005
2018-08-08,8.6566,9.2323,8.3386
2018-08-09,8.5494,9.0341,8.2347
2018-08-10,8.1553,8.3126,7.706
2018-08-13,8.3031,8.5136,7.506
2018-08-14,8.2926,8.6519,7.7032
2018-08-15,8.0739,8.2938,7.4927
2018-08-16,7.9933,8.2057,7.7226
2018-08-17,7.8489,7.948,7.6824
2018-08-20,7.7392,7.7162,7.4013
2018-08-21,7.4592,7.2815,7.0757
2018-08-22,7.6782,7.6218,7.1098
2018-08-23,7.4483,7.1427,6.7477
2018-08-24,7.5262,7.3736,7.0943
2018-08-27,7.7656,7.8571,7.5155
2018-08-28,7.8289,8.0067,7.8214
2018-08-29,7.8571,8.0549,7.7971
2018-08-30,7.4674,7.3483,7.3218
2018-08-31,7.4836,7.4774,7.5963
2018-09-04,7.1698,6.8861,7.113
2018-09-05,7.3253,7.2635,7.6316
2018-09-06,7.3108,7.3285,7.6945
2018-09-10,7.3568,7.4151,7.6907
2018-09-11,7.071,6.8422,7.436
2018-09-12,7.0829,6.8549,7.5829
2018-09-13,6.9037,6.5318,7.463
2018-09-14,6.981,6.6633,7.4426
2018-09-17,7.1386,6.8957,7.3246
2018-09-18,7.2502,7.1401,7.5404
2018-09-19,7.2079,7.1404,7.4916
2018-09-20,7.1411,7.0935,7.503
2018-09-21,7.1724,7.1526,7.4232
2018-09-24,6.994,6.758,7.1168
2018-09-25,6.8608,6.4255,6.623
2018-09-26,6.82,6.324,6.2124
2018-09-27,6.8575,6.3385,6.006
2018-09-28,6.8069,6.2432,6.1211
2018-10-01,6.7005,6.0804,6.0823
2018-10-02,6.9223,6.5179,6.1524
2018-10-03,7.0376,6.6662,6.1874
2018-10-04,7.0184,6.4993,5.774
2018-10-05,6.9285,6.3273,5.6789
2018-10-08,7.4193,7.1576,5.9753
2018-10-09,7.5211,7.3699,6.314
2018-10-10,7.2539,6.7801,5.4155
2018-10-11,7.2735,6.798,5.1807
2018-10-15,7.3234,7.0276,5.6151
2018-10-16,7.6422,7.6815,6.151
2018-10-17,7.712,7.79,6.2302
2018-10-18,7.4081,7.1471,5.591
2018-10-19,7.3929,7.1428,5.5195
2018-10-22,7.4153,7.1465,5.5952
2018-10-23,7.4054,7.1146,5.5141
2018-10-24,7.1791,6.6214,4.7981
2018-10-25,7.2383,6.8753,5.2583
2018-10-26,7.4975,7.2908,5.1912
2018-10-29,7.1585,6.7485,5.0547
2018-10-30,7.4631,7.3635,5.4582
2018-10-31,7.5096,7.4825,5.7963
2018-11-01,7.6519,7.794,6.2187
2018-11-05,7.7903,8.0109,6.1331
2018-11-06,7.6303,7.7765,6.1891
2018-11-07,7.5077,7.7052,6.5631
2018-11-08,7.3036,7.4438,6.8364
2018-11-09,7.398,7.621,6.8057
2018-11-12,7.2708,7.3567,6.3771
2018-11-13,7.1402,7.1176,6.2406
2018-11-14,7.4825,7.6685,6.4963
2018-11-16,7.7552,8.1621,6.7691
2018-11-19,7.8152,8.2101,6.4839
2018-11-21,7.7987,8.1364,6.1552
2018-11-23,7.8225,8.21,6.3
2018-11-26,7.7559,8.204,6.7286
2018-11-27,7.8399,8.3529,6.5815
2018-11-28,8.1657,9.0688,7.2497
2018-11-29,7.988,8.7674,7.2024
2018-11-30,8.1378,9.0658,7.466
2018-12-03,8.3365,9.4428,7.9399
2018-12-04,8.1212,8.9467,7.0721
2018-12-06,8.3558,9.3879,7.295
2018-12-07,8.0473,8.8007,6.7243
2018-12-10,7.6916,8.204,6.6023
2018-12-11,7.5454,7.9519,6.3262
2018-12-12,7.6671,8.1503,6.4699
2018-12-13,7.7992,8.4052,6.5693
2018-12-14,7.8245,8.437,6.5215
2018-12-17,7.6812,8.0701,5.8183
2018-12-18,7.9175,8.4728,6.0505
2018-12-19,7.9663,8.458,5.6685
2018-12-20,7.9406,8.3746,5.5424
2018-12-21,7.8634,8.2288,5.3459
2018-12-26,7.8905,8.3248,5.7756
2018-12-27,7.9277,8.3989,6.1143
2018-12-28,8.2839,9.0024,6.3152
2019-01-02,8.6473,9.5701,6.6128
2019-01-03,8.753,9.6434,6.3597
2019-01-04,8.7568,9.7672,7.1399
2019-01-07,8.7729,9.8253,7.1879
2019-01-08,8.9043,10.1146,7.6187
2019-01-09,9.0009,10.263,7.5034
2019-01-10,8.8944,10.1141,7.4067
2019-01-11,8.9183,10.1997,7.5116
2019-01-14,8.9111,10.1558,7.4279
2019-01-15,8.702,9.7863,7.4825
2019-01-16,8.7424,9.8654,7.6253
2019-01-17,8.7122,9.8257,7.5294
2019-01-18,8.7202,9.9024,7.7273
2019-01-22,8.5945,9.6148,7.2967
2019-01-23,8.4568,9.3598,6.9339
2019-01-24,8.4512,9.3101,6.5758
2019-01-28,8.1885,8.8554,6.4085
2019-01-29,8.2495,8.9729,6.5815
2019-01-30,8.3298,9.1387,6.8491
2019-01-31,8.5328,9.5516,7.371
2019-02-01,8.586,9.7018,7.4072
2019-02-04,8.505,9.5348,7.2698
2019-02-05,8.4472,9.41,7.0907
2019-02-06,8.058,8.7558,6.8961
2019-02-07,7.8413,8.3359,6.4165
2019-02-08,7.8464,8.3957,6.368
2019-02-11,7.7124,8.1942,6.3104
2019-02-12,7.8691,8.4835,6.5423
2019-02-13,7.995,8.7043,6.7283
2019-02-14,7.852,8.4206,6.5186
2019-02-15,7.6074,7.992,6.3057
2019-02-19,7.7137,8.2223,6.6184
2019-02-20,7.6238,8.1097,6.8041
2019-02-21,7.5893,7.9928,6.5167
2019-02-22,7.6317,8.1173,6.8298
2019-02-25,7.7545,8.3913,7.2766
2019-02-26,8.0695,9.0526,8.2472
2019-02-27,7.9195,8.7075,8.0139
2019-02-28,7.8963,8.6826,8.1605
2019-03-01,8.0676,9.0317,9.1444
2019-03-06,8.1231,9.0159,8.7127
2019-03-07,7.7599,8.3181,7.9142
2019-03-08,7.7454,8.2825,7.6853
2019-03-11,7.9295,8.638,7.9262
2019-03-12,7.8301,8.469,8.0453
2019-03-13,7.9216,8.6691,8.3443
2019-03-14,7.8431,8.5117,8.2945
2019-03-15,7.8198,8.4351,8.075
2019-03-18,7.8467,8.4304,7.8799
2019-03-19,7.9078,8.5639,8.1343
2019-03-20,7.9061,8.5893,8.169
2019-03-21,7.8362,8.5521,8.6862
2019-03-22,7.3528,7.6582,7.8221
2019-03-25,7.2975,7.5631,7.6526
2019-03-26,7.391,7.7874,7.7644
2019-03-27,7.0317,7.1722,7.4219
2019-03-28,7.3188,7.6831,7.5686
2019-03-29,7.2667,7.5479,7.3352
2019-04-02,7.3236,7.6213,7.6196
2019-04-03,7.2655,7.5233,7.6553
2019-04-04,7.4237,7.8567,7.8536
2019-04-05,7.5776,8.1328,7.9293
2019-04-08,7.5187,8.0543,7.7873
2019-04-09,7.5175,8.0758,7.9143
2019-04-10,7.5813,8.1297,8.0211
2019-04-11,7.3866,7.805,8.0269
2019-04-12,7.1144,7.5262,8.3687
2019-04-15,7.183,7.7708,8.8831
2019-04-16,7.1065,7.5351,8.112
2019-04-17,7.2023,7.6833,8.366
2019-04-18,7.3782,7.9816,8.57
2019-04-22,7.217,7.6645,8.235
2019-04-23,7.5209,8.2459,9.0542
2019-04-24,7.4494,8.0322,8.6528
2019-04-25,7.601,8.2307,8.4223
2019-04-26,7.4542,8.0144,8.4552
2019-04-29,7.5179,8.1803,8.8382
2019-04-30,7.6797,8.5132,9.0863
2019-05-02,7.5003,8.1134,8.5729
2019-05-03,7.5539,8.2079,8.9169
2019-05-06,7.4244,7.9237,8.5335
2019-05-07,7.4833,7.9616,8.2492
2019-05-08,7.6811,8.2942,8.1535
2019-05-09,7.5295,7.9625,7.8399
2019-05-10,7.3396,7.6552,7.906
2019-05-13,7.1143,7.1907,7.4265
2019-05-14,7.213,7.4263,7.9297
2019-05-15,7.2044,7.4618,8.184
2019-05-16,7.0857,7.3693,8.6804
2019-05-17,7.046,7.3135,8.544
2019-05-20,7.068,7.3073,8.198
2019-05-21,7.2688,7.6916,8.3951
2019-05-22,7.3202,7.7876,8.5052
2019-05-23,7.4407,8.0171,8.5781
2019-05-24,7.5524,8.2306,8.7482
2019-05-28,7.8539,8.6787,8.5873
2019-05-29,7.9849,8.9286,8.8066
2019-05-30,8.1355,9.2342,9.2528
2019-05-31,8.0843,9.0939,9.1351
2019-06-03,7.9094,8.7698,8.8969
2019-06-04,8.0643,9.1404,9.4738
2019-06-05,8.0241,9.0365,9.6316
2019-06-06,8.2173,9.4212,10.1425
2019-06-07,8.26,9.5165,10.635
2019-06-10,8.679,10.1723,11.0817
2019-06-11,9.0193,10.7958,11.618
2019-06-12,8.9811,10.7818,11.4778
2019-06-13,8.9357,10.8333,11.9358
2019-06-14,9.1653,11.0748,11.8244
2019-06-17,9.2567,11.2864,12.1617
2019-06-18,9.5901,11.9355,12.7187
2019-06-19,10.0278,12.8302,13.419
2019-06-21,10.1904,13.0641,13.5226
2019-06-24,10.0527,12.8767,13.4241
2019-06-25,9.6667,12.2582,13.0689
2019-06-26,10.0088,12.9252,13.5074
2019-06-27,10.1768,13.1985,13.7957
2019-06-28,10.8605,14.317,15.0252
2019-07-01,10.8784,14.4658,15.239
2019-07-02,10.7739,14.4316,15.34
2019-07-03,10.8792,14.6663,15.6727
2019-07-05,11.2436,15.2646,16.072
2019-07-08,11.616,15.8337,16.4626
2019-07-10,11.6679,16.0064,16.512
2019-07-11,11.6761,16.0916,16.7153
2019-07-12,11.3569,15.5502,16.6689
2019-07-15,11.2815,15.4166,16.6069
2019-07-16,11.4349,15.7571,16.7163
2019-07-17,11.4127,15.6633,16.5728
2019-07-18,11.4266,15.7353,16.8295
2019-07-19,11.2241,15.2938,16.3346
2019-07-22,11.3988,15.5803,16.545
2019-07-23,11.1899,15.2719,16.4904
2019-07-24,11.079,15.076,16.3372
2019-07-25,10.8655,14.6508,15.8616
2019-07-26,10.8173,14.6431,16.1268
2019-07-29,10.7573,14.5676,16.0334
2019-07-30,10.6405,14.2875,15.6561
2019-07-31,10.4366,13.9318,15.1402
2019-08-01,10.6104,14.1203,15.0512
2019-08-02,10.588,14.0837,15.1277
2019-08-05,10.1755,13.2525,14.0563
2019-08-06,10.3772,13.6812,14.5724
2019-08-07,10.2862,13.4845,14.4122
2019-08-08,10.4916,13.8861,14.7688
2019-08-09,10.4486,13.7749,14.5138
2019-08-12,10.0896,13.0851,13.9118
2019-08-13,10.234,13.4363,14.3375
2019-08-14,9.8451,12.6337,13.4735
2019-08-15,9.6113,12.2005,13.1876
2019-08-16,9.829,12.656,13.8343
2019-08-19,9.7368,12.5682,14.1157
2019-08-20,9.6791,12.4358,13.9533
2019-08-21,9.9354,12.8992,14.0428
2019-08-22,9.8069,12.7396,14.121
2019-08-23,9.5571,12.2297,13.4634
2019-08-26,9.2003,11.6304,13.2686
2019-08-27,9.2331,11.6882,13.0757
2019-08-28,9.3628,11.9808,13.3263
2019-08-29,9.613,12.5398,13.7336
2019-08-30,9.8517,12.9591,14.193
2019-09-03,10.1332,13.4677,14.6915
2019-09-04,10.1961,13.6708,15.2154
2019-09-05,10.0022,13.3661,14.9637
2019-09-06,10.1556,13.6953,15.1762
2019-09-09,10.1601,13.6816,14.9087
2019-09-10,10.1602,13.7522,14.9023
2019-09-11,10.2533,13.8969,15.1327
2019-09-12,10.5849,14.4553,15.4989
2019-09-13,10.2545,13.9106,15.3288
2019-09-16,10.4943,14.3314,15.6527
2019-09-17,10.5181,14.3569,15.6228
2019-09-18,10.3545,14.0144,15.353
2019-09-19,10.5341,14.2398,15.5408
2019-09-20,10.5218,14.18,15.4481
2019-09-23,10.7721,14.6337,15.7325
2019-09-24,10.6386,14.3355,15.3395
2019-09-25,10.9519,14.9636,15.8926
2019-09-26,11.0289,15.0438,15.8825
2019-09-27,10.8954,14.7663,15.8049
2019-09-30,10.8564,14.7355,15.9651
2019-10-01,10.9145,14.8524,15.7092
2019-10-02,10.5877,14.234,15.138
2019-10-03,10.7455,14.52,15.337
2019-10-04,10.7241,14.5845,15.6856
2019-10-07,10.3522,13.9842,15.5095
2019-10-08,10.1558,13.5713,15.0438
2019-10-09,10.3267,13.8629,15.2451
2019-10-10,10.4046,13.952,15.2457
2019-10-11,10.4916,14.1204,15.5712
2019-10-14,10.6824,14.4522,15.7059
2019-10-15,10.6056,14.4098,16.0357
2019-10-16,10.7697,14.646,16.2492
2019-10-17,10.6746,14.4463,16.2767
2019-10-18,10.7385,14.5731,16.3258
2019-10-21,10.9195,14.8986,16.5525
2019-10-22,10.671,14.4289,16.2435
2019-10-23,10.5052,14.1658,16.1868
2019-10-24,10.4233,14.1258,16.404
2019-10-25,10.5644,14.3936,16.6391
2019-10-28,10.107,13.6064,16.2704
2019-10-29,9.975,13.3232,15.9022
2019-10-30,10.3451,14.0715,16.8138
2019-10-31,10.29,14.1462,17.2909
2019-11-01,10.2676,14.0494,17.0217
2019-11-04,10.0031,13.5669,16.6018
2019-11-05,9.8949,13.3893,16.3895
2019-11-06,10.0829,13.7698,16.8468
2019-11-07,10.1328,13.8528,16.9036
2019-11-08,9.7745,13.2722,16.8169
2019-11-11,9.8589,13.412,16.8077
2019-11-12,9.9509,13.6782,17.4244
2019-11-13,9.7605,13.2965,16.9225
2019-11-14,9.6139,13.0765,17.124
2019-11-18,9.7847,13.3757,17.3863
2019-11-19,9.4369,12.7231,16.9658
2019-11-21,9.4149,12.6603,16.5371
2019-11-22,9.4454,12.6625,16.406
2019-11-25,9.3089,12.4588,16.4953
2019-11-26,9.2689,12.4112,16.4659
2019-11-27,9.404,12.5437,16.0904
2019-11-29,9.679,13.0752,16.3742
2019-12-02,9.6803,13.0712,16.2587
2019-12-03,9.7876,13.2741,16.7194
2019-12-04,10.03,13.6895,17.0776
2019-12-05,9.9156,13.4778,16.9984
2019-12-06,9.7374,13.1368,16.8755
2019-12-09,9.8065,13.2973,17.1554
2019-12-10,9.8284,13.4038,17.4955
2019-12-11,9.9431,13.5948,17.6524
2019-12-12,10.2184,14.0144,17.7734
2019-12-13,10.1128,13.7903,17.8318
2019-12-16,9.9451,13.376,17.3902
2019-12-17,9.841,13.2423,17.2517
2019-12-18,9.9704,13.464,17.2266
2019-12-19,9.907,13.3988,17.0945
2019-12-20,10.1854,14.0432,18.3823
2019-12-23,10.2502,14.2023,18.6971
2019-12-26,10.5442,14.8096,19.7368
2019-12-27,10.7551,15.2245,20.1124
2019-12-30,10.7115,15.1637,20.2848
2020-01-02,10.8538,15.4884,20.6708
2020-01-03,10.6632,15.1687,20.5505
2020-01-06,10.5927,15.0962,20.7555
2020-01-07,10.6977,15.308,21.0398
2020-01-08,10.6315,15.1333,20.6514
2020-01-09,10.6498,15.2387,20.8886
2020-01-10,10.6416,15.2648,21.1095
2020-01-13,10.7204,15.4291,21.3814
2020-01-14,10.7826,15.4797,20.9977
2020-01-15,10.6864,15.2293,20.6556
2020-01-16,10.4296,14.7923,20.5158
2020-01-17,10.1716,14.3111,19.9807
2020-01-21,9.951,14.0531,20.0982
2020-01-22,10.0246,14.0044,19.3503
2020-01-23,10.1503,14.1682,19.2465
2020-01-24,9.9978,13.8629,18.824
2020-01-27,9.5111,12.9891,18.1362
2020-01-28,9.6874,13.3486,18.4733
2020-01-29,9.6258,13.2115,18.3296
2020-01-30,9.4924,13.0317,18.3116
2020-01-31,9.3829,12.7919,17.8269
2020-02-03,9.416,12.8329,17.7253
2020-02-04,9.4005,12.8403,17.8835
2020-02-05,9.3942,12.7588,17.6525
2020-02-06,9.29,12.6789,17.7709
2020-02-07,8.9834,12.1584,17.443
2020-02-10,8.7968,11.8882,17.466
2020-02-11,9.213,12.6456,17.7987
2020-02-12,9.2938,12.7685,17.8829
2020-02-13,9.1338,12.4275,17.5514
2020-02-14,8.9657,12.1072,17.2907
2020-02-18,8.9349,11.981,16.915
2020-02-19,9.0386,12.0903,16.8354
2020-02-20,8.9096,11.8603,16.6793
2020-02-21,9.114,12.2167,16.6262
2020-02-26,8.4167,10.8033,14.9361
2020-02-27,8.1774,10.251,14.1685
2020-02-28,8.3209,10.4257,13.8468
2020-03-02,8.5374,10.8927,14.8737
2020-03-03,8.4829,10.7055,14.3744
2020-03-04,8.5356,10.9026,15.2735
2020-03-05,7.9337,9.7762,13.9618
2020-03-06,7.4694,8.9541,13.2483
2020-03-09,6.183,6.4344,10.3004
2020-03-10,6.8096,7.7827,11.9826
2020-03-11,5.6975,5.6025,9.5894
2020-03-12,3.5895,1.5461,4.5494
2020-03-13,5.1031,4.4975,7.6788
2020-03-16,3.9102,1.7174,3.7162
2020-03-17,4.4371,2.8014,4.5691
2020-03-18,2.5621,-1.268,-2.2463
2020-03-19,2.7111,-0.8297,-1.726
2020-03-20,2.533,-1.0571,-1.7045
2020-03-23,1.6753,-2.7749,-4.1008
2020-03-24,2.3874,-1.14,-1.509
2020-03-25,3.254,0.83,1.0058
2020-03-26,3.6764,1.9434,3.3246
2020-03-27,3.3822,1.3462,3.0156
2020-03-30,3.5925,1.7547,3.6832
2020-03-31,3.4126,1.3785,3.4766
2020-04-01,3.0914,0.6015,2.0892
2020-04-02,3.3548,1.0168,2.2893
2020-04-03,3.1611,0.4443,1.3136
2020-04-06,4.0732,2.4215,3.7694
2020-04-07,4.3463,2.9687,4.2919
2020-04-08,4.5635,3.4474,5.15
2020-04-09,4.976,4.24,6.1407
2020-04-13,4.8511,3.9728,5.8058
2020-04-14,5.0181,4.3508,6.6013
2020-04-15,4.8265,3.962,5.8434
2020-04-16,4.8829,4.1147,6.1341
2020-04-17,4.9159,4.251,6.7301
2020-04-20,4.9367,4.1852,6.394
2020-04-22,5.2047,4.6346,6.6083
2020-04-23,5.1245,4.5012,6.6403
2020-04-24,4.1882,2.7394,4.932
2020-04-27,4.4534,3.4529,5.5297
2020-04-28,5.0584,4.7184,6.3291
2020-04-29,5.2431,5.1937,7.1039
2020-04-30,4.9607,4.6948,7.0867
2020-05-04,4.8458,4.3542,6.3337
2020-05-05,4.7822,4.3127,6.4972
2020-05-06,4.7488,4.257,6.3755
2020-05-07,4.548,3.884,6.2237
2020-05-08,4.867,4.553,6.8559
2020-05-11,4.6775,4.2182,6.9282
2020-05-12,4.4451,3.6872,6.0087
2020-05-13,4.347,3.3987,5.2436
2020-05-14,4.4322,3.5595,5.2632
2020-05-15,4.4546,3.6751,5.8667
2020-05-18,4.7227,4.2482,6.3166
2020-05-19,4.7833,4.3571,6.3772
2020-05-20,4.9499,4.7139,7.0747
2020-05-21,4.9952,4.8018,7.0509
2020-05-22,4.9587,4.7838,7.2475
2020-05-26,5.4269,5.6904,8.0139
2020-05-27,5.8998,6.681,9.1036
2020-05-28,5.7864,6.4466,8.9205
2020-05-29,5.8938,6.6792,9.1427
2020-06-01,6.157,7.1503,9.2733
2020-06-02,6.4853,7.8614,10.1555
2020-06-03,6.5508,8.0664,10.817
2020-06-04,6.3713,7.6935,10.484
2020-06-05,6.4945,7.9797,11.1857
2020-06-08,6.7518,8.5661,11.8482
2020-06-09,6.6403,8.3799,11.5461
2020-06-10,6.201,7.6883,11.5154
2020-06-12,5.9095,7.03,10.3435
2020-06-15,5.7936,6.8056,10.1978
2020-06-16,5.8716,7.0504,10.6831
2020-06-17,6.0588,7.3118,10.6352
2020-06-18,6.0244,7.099,10.0381
2020-06-19,6.2014,7.418,10.028
2020-06-22,5.9458,6.9334,9.6973
2020-06-23,5.874,6.8328,9.4694
2020-06-24,5.6441,6.369,8.6794
2020-06-25,5.753,6.5499,9.0636
2020-06-26,5.6124,6.2066,8.5739
2020-06-29,5.726,6.4038,8.7206
2020-06-30,5.7403,6.5673,9.2667
2020-07-01,5.9462,6.917,9.5181
2020-07-02,5.7973,6.5946,9.2023
2020-07-06,5.997,6.9105,9.316
2020-07-07,5.5365,6.1071,8.4391
2020-07-08,5.6254,6.2665,8.3111
2020-07-09,5.8163,6.5038,8.3206
2020-07-10,5.9273,6.6588,8.5322
2020-07-13,5.7334,6.274,7.9993
2020-07-14,5.7307,6.2744,7.7586
2020-07-15,5.7848,6.3504,7.6935
2020-07-16,5.7129,6.2409,7.5521
2020-07-17,5.769,6.3372,7.3885
2020-07-20,5.6428,6.193,7.3233
2020-07-21,5.5585,6.0747,7.4361
2020-07-22,5.4116,5.8663,7.4492
2020-07-23,5.2375,5.5618,7.1063
2020-07-24,5.2775,5.7382,7.0646
2020-07-27,5.4969,6.0916,7.2173
2020-07-28,5.4712,6.0463,7.1458
2020-07-29,5.5546,6.2713,7.4557
2020-07-30,5.4749,6.1926,7.5531
2020-07-31,5.4429,6.2078,7.9057
2020-08-03,5.3938,6.1053,7.801
2020-08-04,5.2674,5.8027,7.5096
2020-08-05,5.3795,5.9331,7.4836
2020-08-06,5.7328,6.5068,7.8558
2020-08-07,5.5831,6.219,7.7084
2020-08-10,5.5558,6.1766,7.7392
2020-08-11,5.4498,5.9628,7.4954
2020-08-12,5.5205,6.1075,7.7413
2020-08-13,5.3091,5.8156,7.9007
2020-08-14,5.3344,5.8958,8.0454
2020-08-17,5.4791,6.2354,8.8325
2020-08-18,5.5252,6.3433,8.7887
2020-08-19,5.291,5.9258,8.4845
2020-08-20,5.2167,5.764,8.217
2020-08-21,5.2132,5.8926,8.6858
2020-08-24,5.4929,6.5008,9.4323
2020-08-25,5.3991,6.2264,9.0363
2020-08-26,5.5241,6.5601,9.8068
2020-08-27,5.5862,6.6908,9.8093
2020-08-28,5.6541,6.7821,9.6429
2020-08-31,5.4884,6.4452,9.407
2020-09-01,5.7434,6.9684,9.8369
2020-09-02,5.5534,6.6503,9.9037
2020-09-03,5.5069,6.4582,9.2249
2020-09-04,5.7952,7.0119,9.7853
2020-09-08,5.7581,6.8179,9.0158
2020-09-09,5.8843,7.0853,9.5713
2020-09-10,5.6099,6.4917,8.9802
2020-09-11,5.4088,6.0467,8.5907
2020-09-14,5.4529,6.1447,8.5901
2020-09-15,5.5175,6.3094,8.8002
2020-09-16,5.2372,5.8155,8.2781
2020-09-17,5.2089,5.7045,7.9239
2020-09-18,4.8582,5.1301,7.4423
2020-09-21,4.6112,4.7559,7.0506
2020-09-22,4.7607,4.9982,7.3831
2020-09-23,4.4643,4.4681,6.7266
2020-09-24,4.5312,4.6031,6.8139
2020-09-25,4.6466,4.8514,7.1759
2020-09-28,4.27,4.2895,7.1187
2020-09-29,4.0263,3.8642,6.8068
2020-09-30,4.1529,4.1575,7.1939
2020-10-01,4.1032,4.1368,7.0411
2020-10-02,3.7644,3.6053,6.6926
2020-10-05,4.0267,4.1164,7.1881
2020-10-06,4.006,4.0311,7.0069
2020-10-07,3.967,3.9875,7.1712
2020-10-08,4.0977,4.2782,7.4998
2020-10-09,4.1828,4.358,7.6994
2020-10-13,4.2518,4.5591,7.8124
2020-10-14,4.3778,4.8072,8.028
2020-10-15,4.5045,5.1113,8.2652
2020-10-16,4.3855,4.8586,8.0503
2020-10-19,4.3136,4.6573,7.4859
2020-10-20,4.6742,5.3351,7.9031
2020-10-21,4.7744,5.4652,8.1233
2020-10-22,4.705,5.2874,7.8194
2020-10-23,4.5291,4.9429,7.4353
2020-10-26,4.2197,4.3107,6.516
2020-10-27,3.9963,3.9736,6.329
2020-10-28,3.5542,3.0429,5.03
2020-10-29,3.5121,3.0418,5.1298
2020-10-30,3.1899,2.48,4.5785
2020-11-03,3.3648,2.8411,5.0484
2020-11-04,3.4974,3.0786,5.3466
2020-11-05,3.8022,3.6267,6.0382
2020-11-06,3.813,3.6546,6.0386
2020-11-09,4.0432,4.1293,6.3922
2020-11-10,4.0031,4.0659,6.124
2020-11-11,3.8746,3.8097,5.9342
2020-11-12,3.6587,3.4578,5.642
2020-11-13,3.7376,3.6561,5.8096
2020-11-16,4.0334,4.0939,6.0067
2020-11-17,3.9698,3.9582,5.664
2020-11-18,3.8158,3.5947,5.1544
2020-11-19,3.9119,3.7344,5.2407
2020-11-20,3.8534,3.6063,4.9583
2020-11-23,3.8336,3.5807,4.8729
2020-11-24,4.2033,4.2033,5.1398
2020-11-25,4.1842,4.196,5.2253
2020-11-27,4.5077,4.7556,5.6639
2020-11-30,4.4438,4.6038,5.5176
2020-12-01,4.6255,4.9608,5.7925
2020-12-02,4.7062,5.0894,5.6708
2020-12-03,4.8586,5.3225,5.7582
2020-12-04,4.9089,5.4044,5.9732
2020-12-07,4.7339,5.0833,5.6019
2020-12-08,4.8112,5.164,5.5301
2020-12-09,4.8525,5.1529,5.2057
2020-12-10,4.9128,5.2814,5.1033
2020-12-11,4.8633,5.1873,5.0361
2020-12-14,4.8081,5.0691,5.0362
2020-12-15,4.9352,5.334,5.3483
2020-12-16,4.8798,5.2193,5.072
2020-12-17,4.9024,5.2921,5.202
2020-12-18,4.7554,5.0511,4.9391
2020-12-21,4.6044,4.8051,4.8952
2020-12-22,4.6494,4.9473,4.9657
2020-12-23,4.7418,5.1168,5.0903
2020-12-28,4.7103,5.0572,5.0328
2020-12-29,4.7173,5.1335,5.2065
2020-12-30,4.7918,5.2604,5.2683
2021-01-04,4.8436,5.2439,5.1398
2021-01-05,4.7449,5.0168,5.0038
2021-01-06,4.6737,4.8412,4.9024
2021-01-07,4.7255,4.8951,4.515
2021-01-08,4.7841,4.9382,4.2016
2021-01-11,4.3616,4.1337,3.2037
2021-01-12,4.478,4.2287,2.8795
2021-01-14,4.4485,4.1195,2.5696
2021-01-15,3.9985,3.2492,1.9039
2021-01-19,4.0923,3.4263,2.0668
2021-01-20,4.1525,3.5587,2.3825
2021-01-21,4.0086,3.3545,2.3791
2021-01-22,3.9141,3.2612,2.5047
2021-01-26,3.8547,3.2414,2.6419
2021-01-27,3.7197,3.0063,2.1368
2021-01-28,3.8947,3.2995,2.4033
2021-01-29,3.5882,2.7738,2.1221
2021-02-01,3.8292,3.2054,2.3318
2021-02-02,4.0013,3.5237,2.7923
2021-02-03,3.9758,3.4947,2.8155
2021-02-04,4.0868,3.6845,3.1964
2021-02-05,4.0647,3.6784,3.3567
2021-02-08,3.9826,3.543,3.442
2021-02-09,4.0029,3.6261,3.5411
2021-02-10,4.2701,4.1331,4.1249
2021-02-11,4.1698,3.915,3.8617
2021-02-12,4.2605,4.0856,4.05
2021-02-18,4.2719,4.0266,3.8811
2021-02-19,4.381,4.2187,4.1538
2021-02-22,3.8146,3.2363,3.6456
2021-02-23,3.8867,3.389,3.5655
2021-02-24,3.8346,3.2821,3.488
2021-02-25,3.5732,2.8162,2.9686
2021-02-26,3.453,2.6939,3.0198
2021-03-01,3.6007,2.9465,3.3182
2021-03-02,3.3325,2.4155,2.6105
2021-03-03,3.0484,1.8591,1.7997
2021-03-04,3.2963,2.2889,1.8731
2021-03-05,3.6305,2.8488,2.2392
2021-03-08,3.1484,2.0931,2.1278
2021-03-09,3.044,1.9699,2.2726
2021-03-10,3.2526,2.3323,2.3688
2021-03-11,3.5968,2.9127,2.8577
2021-03-12,4.3009,4.3425,4.7307
2021-03-15,4.5643,4.9309,5.6038
2021-03-16,4.4549,4.7708,5.7785
2021-03-17,4.2166,4.2085,4.4228
2021-03-18,3.9562,3.9458,4.3696
2021-03-19,3.7254,3.5118,3.4391
2021-03-22,4.1883,4.3627,4.4177
2021-03-23,4.4419,4.7975,4.7426
2021-03-24,5.6744,7.2166,7.4634
2021-03-25,5.161,6.1459,6.1157
2021-03-26,6.2818,8.3583,8.6583
2021-03-29,8.4364,12.5316,13.7304
2021-03-30,7.0582,9.8339,10.7911
2021-03-31,8.2875,12.6622,14.8251
2021-04-05,8.0177,12.0268,14.3962
2021-04-06,9.9004,16.0873,20.8602
2021-04-07,9.757,15.68,20.4162
2021-04-08,10.0776,16.1817,20.7723
2021-04-09,10.721,17.6127,23.2072
2021-04-12,9.785,15.5629,20.1367
2021-04-13,8.8511,13.5057,17.4353
2021-04-14,8.337,12.2482,14.852
2021-04-15,8.7563,13.1107,15.5331
2021-04-16,8.6017,12.7735,14.8855
2021-04-19,8.6759,12.9559,14.8456
2021-04-20,8.8448,13.519,16.0252
2021-04-22,8.6767,13.2645,15.9001
2021-04-23,9.1362,14.276,17.0575
2021-04-26,8.6387,13.0965,15.4205
2021-04-27,8.2799,12.3406,14.7455
2021-04-28,8.0955,11.836,13.6953
2021-04-29,8.0256,11.6732,13.2663
2021-04-30,7.7693,11.2684,13.2152
2021-05-03,7.4736,10.6759,12.1991
2021-05-04,7.3727,10.5577,12.2878
2021-05-05,7.5235,10.7804,12.0435
2021-05-06,7.4107,10.4546,11.4845
2021-05-07,7.5229,10.6998,11.8715
2021-05-10,7.183,10.0956,11.3641
2021-05-11,7.4697,10.5302,11.3151
2021-05-12,8.0421,11.5915,12.175
2021-05-13,7.9388,11.2056,11.8045
2021-05-14,7.5829,10.3808,11.1972
2021-05-17,7.4656,9.9236,10.1526
2021-05-18,7.6215,10.1838,9.9477
2021-05-19,7.7095,10.5339,10.5889
2021-05-20,7.7044,10.4722,10.5882
2021-05-21,7.7194,10.5033,10.6686
2021-05-24,7.8627,10.7569,10.6676
2021-05-25,7.4996,10.1521,10.1757
2021-05-26,7.6211,10.4226,10.1387
2021-05-27,7.9454,11.1117,11.0709
2021-05-28,8.2001,11.6665,12.1028
2021-06-01,8.227,11.6394,11.8387
2021-06-02,8.3684,11.905,11.702
2021-06-04,8.043,11.2795,11.1994
2021-06-07,8.0356,11.3183,11.2318
2021-06-08,7.8607,11.0331,10.9167
2021-06-09,7.7055,10.7219,10.8326
2021-06-10,7.7449,10.7867,10.6874
2021-06-11,7.2187,9.7793,9.7619
2021-06-14,7.0314,9.3823,9.2877
2021-06-15,7.0288,9.4408,9.16
2021-06-16,6.8922,9.1074,8.6405
2021-06-17,6.5406,8.5818,8.2141
2021-06-18,6.2311,7.8751,7.1887
2021-06-21,6.1904,7.6786,6.9405
2021-06-22,6.0386,7.4549,6.8001
2021-06-23,5.8906,7.072,5.8511
2021-06-24,5.7753,6.7803,5.5992
2021-06-25,5.7512,6.5842,5.2381
2021-06-28,5.9427,6.845,5.1398
2021-06-29,6.218,7.5864,6.7831
2021-06-30,6.2069,7.5461,6.722
2021-07-01,6.0415,7.1924,6.3717
2021-07-02,6.0141,7.1417,6.5454
2021-07-06,5.7488,6.7238,6.4318
2021-07-07,5.8095,6.8598,6.5412
2021-07-08,5.7513,6.7861,6.3911
2021-07-12,5.8755,7.0576,6.8808
2021-07-13,6.144,7.624,7.7274
2021-07-14,5.9635,7.3573,7.5451
2021-07-15,6.1186,7.7137,8.1148
2021-07-16,5.8522,7.2264,7.7443
2021-07-19,5.6475,6.7682,6.8139
2021-07-20,5.616,6.7513,6.9535
2021-07-21,5.6942,6.8736,7.0605
2021-07-22,5.434,6.4077,6.7567
2021-07-23,5.4625,6.5069,7.0772
2021-07-26,5.361,6.3722,7.1781
2021-07-27,5.2119,6.2093,7.1908
2021-07-28,5.1467,6.1045,6.865
2021-07-29,5.3244,6.4751,7.4306
2021-07-30,4.8235,5.6047,6.968
2021-08-02,4.732,5.3905,6.5944
2021-08-03,4.9419,5.6896,6.6994
2021-08-04,4.5953,5.0667,6.3895
2021-08-05,4.3945,4.7062,6.1775
2021-08-06,4.5072,4.8733,6.1429
2021-08-09,4.4569,4.7829,5.8573
2021-08-10,4.6322,5.0958,6.1294
2021-08-11,4.6317,4.9692,5.9742
2021-08-12,4.3081,4.3813,5.6065
2021-08-13,4.3103,4.4734,5.8819
2021-08-16,3.9909,3.867,5.4213
2021-08-17,3.8755,3.5382,4.8794
2021-08-18,3.8327,3.3867,4.2639
2021-08-19,3.8835,3.4908,4.2849
2021-08-20,4.1574,4.0396,4.7709
2021-08-23,3.9665,3.7716,4.8657
2021-08-24,3.9887,3.8573,4.848
2021-08-25,4.2311,4.2226,4.8822
2021-08-26,4.0781,3.9088,4.6609
2021-08-27,4.4209,4.5077,5.19
2021-08-30,4.4437,4.5514,5.3304
2021-08-31,4.4792,4.6348,5.3361
2021-09-01,4.4558,4.5618,5.2543
2021-09-02,4.4267,4.4896,5.2324
2021-09-03,4.1601,3.9332,4.7164
2021-09-08,4.0774,3.6835,4.4841
2021-09-09,4.1441,3.6456,4.1389
2021-09-10,4.0978,3.52,3.9539
2021-09-13,4.1833,3.5675,3.6775
2021-09-14,4.2415,3.6375,3.6747
2021-09-15,4.3874,3.8424,3.7974
2021-09-16,4.3454,3.7158,3.6943
2021-09-17,4.0129,3.0627,3.1901
2021-09-20,3.9813,2.9605,2.6723
2021-09-21,3.9062,2.8287,2.672
2021-09-22,4.0395,3.0828,2.5971
2021-09-23,4.3314,3.6699,3.4732
2021-09-24,4.2641,3.5101,3.4954
2021-09-27,4.492,3.9351,4.1224
2021-09-28,4.0724,3.0453,3.0586
2021-09-29,4.4005,3.7014,3.6096
2021-09-30,4.4015,3.7117,3.508
2021-10-01,4.3843,3.6855,3.5009
2021-10-04,4.186,3.2692,2.9909
2021-10-05,4.3427,3.5154,3.3414
2021-10-06,4.3731,3.6022,3.7018
2021-10-07,4.7227,4.1364,4.2453
2021-10-08,5.167,4.8837,4.8347
2021-10-11,5.0087,4.5923,4.4469
2021-10-13,5.293,5.1659,5.0842
2021-10-14,5.1496,4.9264,5.1994
2021-10-15,5.2348,5.0371,5.0798
2021-10-18,5.5283,5.495,5.176
2021-10-19,5.3037,5.0094,4.924
2021-10-20,5.1447,4.6949,4.5556
2021-10-21,4.7802,3.9392,4.0365
2021-10-22,4.8367,4.0173,4.0939
2021-10-25,4.6591,3.7385,3.6074
2021-10-26,4.5432,3.5208,3.6346
2021-10-27,4.4714,3.3419,3.0836
2021-10-28,4.0487,2.5114,2.3965
2021-10-29,3.9888,2.4116,2.4576
2021-11-01,4.047,2.3266,2.0063
2021-11-03,4.196,2.5716,2.5335
2021-11-04,4.1243,2.4027,2.5794
2021-11-05,4.2827,2.7309,2.7345
2021-11-08,4.2626,2.6422,2.7603
2021-11-09,4.1536,2.4009,2.452
2021-11-10,4.2007,2.4485,2.3263
2021-11-11,4.3173,2.5899,2.3313
2021-11-12,4.4101,2.7114,2.6062
2021-11-16,4.3697,2.6464,3.0278
2021-11-17,4.3563,2.5854,2.9591
2021-11-18,4.7808,3.3709,3.9018
2021-11-19,4.7396,3.2662,3.7369
2021-11-22,4.907,3.4834,3.743
2021-11-23,4.8718,3.3751,3.2553
2021-11-24,4.7234,2.9906,2.5608
2021-11-26,4.1816,1.9793,1.5698
2021-11-29,4.2557,2.1352,1.9563
2021-11-30,3.9397,1.552,1.4251
2021-12-01,3.7662,1.2443,1.265
2021-12-02,4.1342,1.9691,1.7382
2021-12-03,4.5034,2.693,2.4593
2021-12-06,4.4645,2.7015,2.7197
2021-12-07,4.4045,2.7089,3.1117
2021-12-08,4.4808,2.8754,3.5169
2021-12-09,4.4228,2.8527,3.6647
2021-12-10,4.5311,3.154,4.1027
2021-12-13,4.524,3.157,4.0775
2021-12-14,4.4019,2.9278,3.8958
2021-12-15,4.2854,2.7163,3.902
2021-12-16,4.1913,2.5797,3.6612
2021-12-17,3.9324,2.1169,3.1738
2021-12-20,3.9094,2.1637,3.3116
2021-12-21,3.8357,2.029,3.5238
2021-12-22,3.7971,1.9447,3.6648
2021-12-23,3.7146,1.7459,3.6579
2021-12-27,3.7528,1.8292,4.0687
2021-12-28,3.7938,1.9319,4.4634
2021-12-29,3.7057,1.8315,4.6174
2021-12-30,3.9235,2.2234,5.0585
2022-01-03,3.8185,1.8527,4.8986
2022-01-04,3.706,1.5603,4.5453
2022-01-05,3.482,1.1165,4.0125
2022-01-06,3.3321,0.8314,3.5799
2022-01-07,3.2557,0.7335,3.4729
2022-01-10,3.1695,0.4769,3.1448
2022-01-11,3.3316,0.7331,3.2033
2022-01-12,3.6931,1.4148,3.6545
2022-01-13,3.5965,1.1602,3.2351
2022-01-14,3.5906,1.1287,3.1382
2022-01-18,3.451,0.7724,2.5409
2022-01-19,3.5149,0.8246,2.2822
2022-01-20,3.5964,0.929,1.9635
2022-01-21,3.5064,0.7925,1.7511
2022-01-24,3.4202,0.6576,1.7212
2022-01-25,3.624,0.9698,1.4274
2022-01-26,3.5782,0.8136,1.1576
2022-01-27,3.4267,0.4796,0.7038
2022-01-28,3.6759,0.9609,1.5761
2022-01-31,3.6118,1.0088,2.0688
2022-02-01,3.7419,1.3177,2.4181
2022-02-02,3.9158,1.6533,2.782
2022-02-03,3.9309,1.4676,2.0724
2022-02-04,4.028,1.5148,1.7613
2022-02-07,4.1723,1.7397,1.826
2022-02-08,4.3129,1.971,2.0993
2022-02-09,4.372,2.0757,2.2215
2022-02-10,4.5966,2.3327,2.2557
2022-02-11,4.2805,1.6946,1.4304
2022-02-14,4.6025,2.1449,1.4587
2022-02-15,4.5337,2.0567,1.613
2022-02-16,4.4114,1.8211,1.2022
2022-02-17,4.1428,1.2935,0.676
2022-02-18,4.1072,1.245,0.486
2022-02-22,4.0092,0.9942,-0.0375
2022-02-23,4.0092,0.9054,-0.4588
2022-02-24,4.0729,0.921,-0.37
2022-02-25,4.2983,1.4057,0.3697
2022-03-02,4.3288,1.4076,0.2105
2022-03-03,4.3289,1.3306,-0.0017
2022-03-04,4.2519,1.1996,-0.0653
2022-03-07,4.0867,0.7155,-0.8908
2022-03-08,4.6403,1.5276,-0.6452
2022-03-09,4.778,1.7482,-0.236
2022-03-10,4.8148,1.6762,-0.5204
2022-03-11,5.1021,2.0066,-0.3079
2022-03-14,5.2635,2.0444,-0.5698
2022-03-15,5.2663,2.1281,-0.186
2022-03-16,5.4427,2.5677,0.728
2022-03-17,5.8216,3.2486,1.5933
2022-03-18,5.8888,3.4148,2.0466
2022-03-21,5.7243,2.996,1.3873
2022-03-22,6.394,4.1087,2.2195
2022-03-23,6.4151,4.0379,1.8679
2022-03-24,6.6409,4.3905,2.3678
2022-03-25,6.5683,4.2725,2.5182
2022-03-28,6.638,4.4436,2.7847
2022-03-29,6.6846,4.618,3.1779
2022-03-30,6.6782,4.6297,3.1341
2022-03-31,6.4575,4.3077,2.9992
2022-04-01,7.0303,5.1773,3.8675
2022-04-04,7.0537,5.2079,4.2103
2022-04-05,7.0016,5.0136,3.7858
2022-04-06,7.1418,5.1793,3.7876
2022-04-07,7.3839,5.547,4.0614
2022-04-08,7.2963,5.1772,3.7027
2022-04-11,7.0212,4.619,2.8743
2022-04-12,7.0105,4.5436,2.8992
2022-04-13,6.9509,4.3815,2.8602
2022-04-14,6.934,4.1928,2.3469
2022-04-18,6.8414,3.9583,1.8681
2022-04-19,6.9015,4.0936,2.3495
2022-04-20,6.9451,4.1412,2.4805
2022-04-22,6.6039,3.3213,1.2933
2022-04-25,6.6977,3.4585,1.3842
2022-04-26,6.4659,2.8909,0.7211
2022-04-27,6.6375,3.1455,0.9141
2022-04-28,6.7318,3.295,1.474
2022-04-29,6.5201,2.7658,0.4874
2022-05-02,6.309,2.33,0.0827
2022-05-03,6.3648,2.3824,0.2435
2022-05-04,6.7875,3.0883,1.0876
2022-05-05,6.5162,2.389,-0.029
2022-05-06,6.3483,1.9802,-0.6403
2022-05-09,6.1252,1.5291,-1.3551
2022-05-10,6.1923,1.7287,-1.1861
2022-05-11,6.1883,1.5616,-1.6311
2022-05-12,6.261,1.5562,-2.303
2022-05-13,6.629,2.2168,-1.2666
2022-05-16,6.7942,2.4501,-1.2385
2022-05-17,7.068,3.0185,-0.3841
2022-05-18,6.7182,2.2952,-1.2395
2022-05-19,6.6906,2.3554,-1.3333
2022-05-20,6.5974,2.2813,-1.3347
2022-05-23,6.8298,2.8024,-0.5026
2022-05-24,6.6835,2.5481,-0.6437
2022-05-25,7.0356,3.2485,0.2455
2022-05-26,7.1371,3.4491,0.5603
2022-05-27,7.0574,3.4167,0.9262
2022-05-31,6.999,3.2663,1.0442
2022-06-01,7.1016,3.3482,1.1257
2022-06-02,7.305,3.6927,1.6558
2022-06-03,7.1823,3.3766,1.072
2022-06-06,7.1611,3.3024,1.1209
2022-06-07,6.9869,3.0614,1.0341
2022-06-08,7.0257,2.9741,0.8086
2022-06-09,6.8768,2.6732,0.4128
2022-06-10,6.7271,2.2159,-0.3928
2022-06-13,6.3653,1.3407,-1.7383
2022-06-14,6.1356,0.8926,-1.9467
2022-06-15,6.2343,1.0358,-1.6135
2022-06-17,5.9827,0.4777,-2.3451
2022-06-21,6.0071,0.6537,-1.5919
2022-06-22,6.0117,0.7162,-1.6069
2022-06-23,5.9776,0.6646,-1.3486
2022-06-24,6.0961,0.8193,-0.9154
2022-06-27,6.2928,1.139,-0.9603
2022-06-28,6.1472,0.7711,-1.6136
2022-06-29,6.1248,0.6947,-1.5734
2022-06-30,6.1589,0.7557,-1.4296
2022-07-01,6.3864,1.1175,-1.0528
2022-07-05,6.3443,1.0614,-0.8177
2022-07-06,6.2013,0.8564,-1.087
2022-07-07,6.5031,1.378,-0.5697
2022-07-08,6.4739,1.3595,-0.4624
2022-07-11,6.1572,0.6989,-1.1284
2022-07-12,6.2921,1.0808,-0.702
2022-07-13,6.205,0.9216,-0.8349
2022-07-14,6.0641,0.5347,-1.4038
2022-07-15,6.1916,0.8131,-0.9699
2022-07-18,6.2158,0.8284,-1.2968
2022-07-19,6.1297,0.7986,-1.007
2022-07-20,6.4912,1.3796,-0.5717
2022-07-21,6.4098,1.2177,-0.5718
2022-07-22,6.578,1.5169,-0.3751
2022-07-25,6.48,1.2979,-0.9234
2022-07-26,6.3768,1.0823,-1.2866
2022-07-27,6.5152,1.3465,-0.9026
2022-07-28,6.7787,1.8126,-0.4291
2022-07-29,6.991,2.2384,0.1768
2022-08-01,7.1578,2.4888,0.4537
2022-08-02,7.0844,2.2942,-0.0969
2022-08-03,7.1202,2.3953,0.1505
2022-08-04,7.3906,2.8374,0.4497
2022-08-05,7.6061,3.1868,0.5835
2022-08-08,7.7569,3.4826,0.8059
2022-08-09,7.9103,3.7329,0.9518
2022-08-10,7.9353,3.8856,1.5148
2022-08-11,7.8336,3.784,1.5022
2022-08-12,8.4983,4.9945,2.4702
2022-08-15,8.5941,5.26,3.1746
2022-08-16,8.5119,5.2174,3.2716
2022-08-17,8.6366,5.3987,3.2838
2022-08-18,8.7815,5.6031,3.5389
2022-08-19,8.5161,5.1069,3.1977
2022-08-22,8.4749,5.0158,3.0281
2022-08-23,8.6798,5.4037,3.1881
2022-08-24,8.7486,5.5112,3.3357
2022-08-25,8.8657,5.8215,3.7987
2022-08-26,8.8531,5.6356,3.1558
2022-08-29,9.0804,6.0067,3.3096
2022-08-30,9.0632,6.0487,3.5092
2022-08-31,9.2549,6.4052,4.0808
2022-09-01,9.3452,6.5473,4.248
2022-09-02,9.2464,6.2989,3.7005
2022-09-06,9.1779,6.1304,3.3322
2022-09-08,9.0084,5.9486,3.7772
2022-09-09,9.0995,6.1943,4.0895
2022-09-12,9.2773,6.5536,4.3005
2022-09-13,8.9195,5.6858,2.9737
2022-09-14,9.0084,5.725,2.7688
2022-09-15,9.0132,5.7106,2.5453
2022-09-16,8.9654,5.6141,2.5722
2022-09-19,9.3197,6.3177,2.9202
2022-09-20,9.383,6.4166,2.9254
2022-09-21,9.6685,6.9512,3.1606
2022-09-22,9.8022,7.2461,3.4496
2022-09-23,9.6786,6.9248,2.9535
2022-09-26,9.2898,6.1905,2.45
2022-09-27,9.2316,6.1397,2.498
2022-09-28,9.2081,6.1861,2.6014
2022-09-29,9.2353,6.1564,2.258
2022-09-30,9.5715,6.7767,2.4418
2022-10-03,10.2372,8.085,3.6133
2022-10-04,10.1005,7.9593,4.1216
2022-10-05,10.0797,7.7656,3.801
2022-10-06,10.013,7.5832,3.5016
2022-10-07,9.9829,7.4527,2.9907
2022-10-10,9.9566,7.4172,2.9375
2022-10-11,10.1483,7.7768,3.3277
2022-10-13,10.0778,7.6544,3.5998
2022-10-14,10.004,7.3752,3.1964
2022-10-17,9.9527,7.349,3.4175
2022-10-18,10.3382,8.0848,4.1197
2022-10-19,10.393,8.056,3.7533
2022-10-20,10.4181,8.0031,3.3904
2022-10-21,10.5959,8.4179,3.8973
2022-10-24,10.1861,7.6294,3.7808
2022-10-25,10.1434,7.6424,4.1882
2022-10-26,9.9442,7.2102,3.9013
2022-10-27,10.1398,7.4234,3.5404
2022-10-28,10.1107,7.3995,3.8929
2022-10-31,10.3666,7.6961,3.7769
2022-11-01,10.7668,8.4675,4.0747
2022-11-03,10.778,8.3081,3.2874
2022-11-04,11.1743,9.1944,4.1829
2022-11-07,11.1536,9.145,4.4393
2022-11-08,11.126,9.0031,4.5045
2022-11-09,11.1701,9.0571,4.2769
2022-11-10,10.8091,8.3933,4.5704
2022-11-11,11.0947,8.9565,4.9453
2022-11-14,11.2465,9.2219,4.7149
2022-11-16,10.8868,8.5753,4.4998
2022-11-17,10.5772,7.9103,3.3691
2022-11-18,10.7065,8.1431,3.6048
2022-11-21,10.6714,8.0449,3.4065
2022-11-22,10.5715,7.995,3.7194
2022-11-23,10.4074,7.69,3.6062
2022-11-25,10.3425,7.7065,3.8227
2022-11-28,10.1778,7.4431,3.6096
2022-11-29,10.4316,7.9896,3.8292
2022-11-30,10.7887,8.7322,4.7851
2022-12-01,10.8538,8.8751,5.0712
2022-12-02,11.0224,9.2807,5.533
2022-12-05,10.7397,8.6648,4.8774
2022-12-06,10.8631,8.8877,4.8549
2022-12-07,10.7295,8.5953,4.857
2022-12-08,10.5476,8.2952,4.9373
2022-12-09,10.742,8.6807,5.2214
2022-12-12,10.3985,8.0238,4.5401
2022-12-13,10.4001,7.8964,4.4721
2022-12-14,10.5145,7.951,4.1634
2022-12-15,10.2048,7.2619,3.2093
2022-12-16,9.9732,6.7073,2.4142
2022-12-19,9.9137,6.4281,1.4791
2022-12-20,10.0666,6.6241,1.2871
2022-12-21,10.0479,6.6447,1.5334
2022-12-22,10.2744,6.9772,1.5825
2022-12-23,10.3333,7.0316,1.5773
2022-12-27,10.4056,7.1227,1.8916
2022-12-28,10.6772,7.5467,2.132
2022-12-29,10.6166,7.5068,2.3541
2023-01-03,10.3148,6.7357,1.9943
2023-01-04,10.4446,6.9649,2.0938
2023-01-05,10.7815,7.5106,2.1737
2023-01-06,10.7581,7.5512,2.21
2023-01-09,10.8027,7.5931,1.9967
2023-01-10,10.9701,7.8928,2.0458
2023-01-11,11.0302,7.9789,1.874
2023-01-12,11.0857,8.032,1.7763
2023-01-13,11.1194,8.0386,1.7023
2023-01-17,11.0901,7.8762,1.4384
2023-01-18,11.1529,8.0317,1.292
2023-01-19,11.3062,8.2319,1.2137
2023-01-20,11.5701,8.7387,2.1939
2023-01-23,11.537,8.6306,2.2737
2023-01-24,11.6285,8.7503,2.4232
2023-01-25,11.7545,9.1122,2.7558
2023-01-26,11.6049,8.8458,2.676
2023-01-27,11.2993,8.1978,2.244
2023-01-30,11.3555,8.2336,2.24
2023-01-31,11.3274,8.2696,2.5318
2023-02-01,11.3153,8.2823,2.8538
2023-02-02,11.0963,7.9956,3.2379
2023-02-03,10.7845,7.4218,2.9563
2023-02-06,10.9265,7.6223,3.2124
2023-02-07,10.9851,7.7223,3.4314
2023-02-08,11.033,7.7969,3.5929
2023-02-09,10.8358,7.4039,3.5132
2023-02-10,10.8725,7.4852,3.8824
2023-02-13,10.8671,7.4549,3.4558
2023-02-14,10.8291,7.2213,3.0277
2023-02-15,10.9181,7.3608,3.0981
2023-02-16,11.0211,7.3726,2.5405
2023-02-17,10.9318,7.4447,3.1999
2023-02-22,10.7173,7.0452,2.7145
2023-02-23,10.7659,7.131,2.8484
2023-02-24,10.6794,6.9105,2.6047
2023-02-27,10.7521,6.9838,2.6283
2023-02-28,10.652,6.8885,2.9938
2023-03-01,10.6753,6.9355,3.2971
2023-03-02,10.5313,6.7908,3.5745
